record_uid,subject_id,axis,rep_index,n_reps_detected,phase_duration_s,segment,rise_fraction,progress_rate_per_s,mean_abs_dynamic_g,rms_dynamic_g,peak_dynamic_g
singleonly_subject001_Chest_Press_(rack)_record0001,3,accel_x_g,1,20,1.1,early,0.31629891375882946,0.862633401160444,0.08481393775401029,0.10408980134148046,0.23334555212517916
singleonly_subject001_Chest_Press_(rack)_record0001,3,accel_x_g,1,20,1.1,middle,0.3369151149153914,0.9188594043147037,0.1824181462114889,0.1974291196366643,0.3023728284603201
singleonly_subject001_Chest_Press_(rack)_record0001,3,accel_x_g,1,20,1.1,late,0.34678597132577915,0.9457799217975793,0.3314757181254862,0.34067995006306545,0.4632362870537178
singleonly_subject001_Chest_Press_(rack)_record0001,3,accel_x_g,2,20,1.02,early,0.334420991070465,0.9835911502072502,0.12788348151588846,0.14946583649270975,0.3314178267353147
singleonly_subject001_Chest_Press_(rack)_record0001,3,accel_x_g,2,20,1.02,middle,0.41487915299541017,1.220232802927677,0.333613627863836,0.3616025335508089,0.6270373473628026
singleonly_subject001_Chest_Press_(rack)_record0001,3,accel_x_g,2,20,1.02,late,0.2506998559341248,0.7373525174533082,0.5234597290454486,0.5275280233685505,0.6370642156140984
singleonly_subject001_Chest_Press_(rack)_record0001,3,accel_x_g,3,20,1.2,early,0.3864309378840509,0.9660773447101274,0.13036939669258268,0.17785940884593504,0.456304626377282
singleonly_subject001_Chest_Press_(rack)_record0001,3,accel_x_g,3,20,1.2,middle,0.3544788499763265,0.8861971249408164,0.31646787670118826,0.3362066140991961,0.4529421706239457
singleonly_subject001_Chest_Press_(rack)_record0001,3,accel_x_g,3,20,1.2,late,0.2590902121396226,0.6477255303490564,0.48546050883371494,0.4900331783982379,0.58419289265097
singleonly_subject001_Chest_Press_(rack)_record0001,3,accel_x_g,4,20,1.06,early,0.23975136537285538,0.6785416001118548,0.061890085493031634,0.08156588983863874,0.18997372571067128
singleonly_subject001_Chest_Press_(rack)_record0001,3,accel_x_g,4,20,1.06,middle,0.43651603209349543,1.2354227323400815,0.261603535070538,0.2885791460470622,0.46230197250638116
singleonly_subject001_Chest_Press_(rack)_record0001,3,accel_x_g,4,20,1.06,late,0.3237326025336492,0.9162243467933467,0.4514830198091414,0.45825697807142063,0.6168128577736595
singleonly_subject001_Chest_Press_(rack)_record0001,3,accel_x_g,5,20,1.06,early,0.34974733188692536,0.9898509393026189,0.14555148241241853,0.16637006465319973,0.3148191460052878
singleonly_subject001_Chest_Press_(rack)_record0001,3,accel_x_g,5,20,1.06,middle,0.3900423107791751,1.1038933323938918,0.39055556162888233,0.40044411061623747,0.5323089436631212
singleonly_subject001_Chest_Press_(rack)_record0001,3,accel_x_g,5,20,1.06,late,0.2602103573338995,0.7364444075487722,0.5512241432395873,0.5563659585711503,0.7072161867142943
singleonly_subject001_Chest_Press_(rack)_record0001,3,accel_x_g,6,20,1.14,early,0.3558591480626468,0.9364714422701232,0.14172602150872624,0.16699739578302836,0.37993062916660314
singleonly_subject001_Chest_Press_(rack)_record0001,3,accel_x_g,6,20,1.14,middle,0.3897669267886336,1.025702438917457,0.38050803542626127,0.3928771373121214,0.5011919228256392
singleonly_subject001_Chest_Press_(rack)_record0001,3,accel_x_g,6,20,1.14,late,0.2543739251487196,0.6694050661808411,0.5388208756115138,0.5414498241257241,0.6346927177184682
singleonly_subject001_Chest_Press_(rack)_record0001,3,accel_x_g,7,20,1.18,early,0.3409352045869332,0.8667844184413557,0.06686481281764921,0.08425304837576078,0.2476082153803124
singleonly_subject001_Chest_Press_(rack)_record0001,3,accel_x_g,7,20,1.18,middle,0.381510943053657,0.969943075560145,0.17780902988549335,0.19677996379775822,0.3097196010165463
singleonly_subject001_Chest_Press_(rack)_record0001,3,accel_x_g,7,20,1.18,late,0.27755385235940977,0.7056453873544316,0.3309215114838441,0.3393869097496119,0.4424321273723476
singleonly_subject001_Chest_Press_(rack)_record0001,3,accel_x_g,8,20,1.16,early,0.3665074207301349,0.9478640191296595,0.16507954468381666,0.19097433449810472,0.41927247888386265
singleonly_subject001_Chest_Press_(rack)_record0001,3,accel_x_g,8,20,1.16,middle,0.39252603609805486,1.0151535416329007,0.3603358159945654,0.37038692225744846,0.4945998881934033
singleonly_subject001_Chest_Press_(rack)_record0001,3,accel_x_g,8,20,1.16,late,0.2409665431718102,0.6231893357891644,0.5110522417034637,0.5140755357528668,0.6307809630449634
singleonly_subject001_Chest_Press_(rack)_record0001,3,accel_x_g,9,20,1.12,early,0.3488587328474641,0.9344430344128503,0.16342995580278127,0.18724304988969692,0.3418384899947611
singleonly_subject001_Chest_Press_(rack)_record0001,3,accel_x_g,9,20,1.12,middle,0.3057091678813248,0.8188638425392628,0.3639344307133336,0.3703048954207706,0.49608138081324016
singleonly_subject001_Chest_Press_(rack)_record0001,3,accel_x_g,9,20,1.12,late,0.3454320992712111,0.9252645516193153,0.5534445260626402,0.558984089025179,0.6748743349937624
singleonly_subject001_Chest_Press_(rack)_record0001,3,accel_x_g,10,20,1.2,early,0.36265819007440514,0.9066454751860129,0.18397312064643906,0.2191967535804081,0.5544440066366253
singleonly_subject001_Chest_Press_(rack)_record0001,3,accel_x_g,10,20,1.2,middle,0.4672293524361313,1.1680733810903283,0.4091165296008292,0.42769658529060284,0.6002352735517943
singleonly_subject001_Chest_Press_(rack)_record0001,3,accel_x_g,10,20,1.2,late,0.17011245748946358,0.42528114372365894,0.5763428328994431,0.5803765652199853,0.6772680546648743
singleonly_subject001_Chest_Press_(rack)_record0001,3,accel_x_g,11,20,1.12,early,0.33527082177189654,0.8980468440318657,0.04998584141862382,0.07459024950487958,0.18318567332045133
singleonly_subject001_Chest_Press_(rack)_record0001,3,accel_x_g,11,20,1.12,middle,0.42161841365081437,1.1293350365646813,0.249515796758147,0.26350153047876157,0.3941083004425362
singleonly_subject001_Chest_Press_(rack)_record0001,3,accel_x_g,11,20,1.12,late,0.24311076457728908,0.6511895479748814,0.40758583289831785,0.411416087989295,0.5301913885218402
singleonly_subject001_Chest_Press_(rack)_record0001,3,accel_x_g,12,20,1.14,early,0.3676040224503501,0.9673790064482899,0.15643070242571724,0.18045179030081923,0.3785379292636133
singleonly_subject001_Chest_Press_(rack)_record0001,3,accel_x_g,12,20,1.14,middle,0.30998558966600204,0.815751551752637,0.3723902383656006,0.3794606979072282,0.48940758828008124
singleonly_subject001_Chest_Press_(rack)_record0001,3,accel_x_g,12,20,1.14,late,0.32241038788364784,0.8484483891674943,0.5434817431447732,0.5475337947948528,0.6634636168971602
singleonly_subject001_Chest_Press_(rack)_record0001,3,accel_x_g,13,20,1.14,early,0.30929367091464083,0.8139307129332655,0.08347411785790446,0.10923695927710643,0.29482439942121297
singleonly_subject001_Chest_Press_(rack)_record0001,3,accel_x_g,13,20,1.14,middle,0.3372862373837677,0.8875953615362309,0.24106518583030453,0.2665646231779765,0.4058653133152028
singleonly_subject001_Chest_Press_(rack)_record0001,3,accel_x_g,13,20,1.14,late,0.3534200917015915,0.930052872898925,0.4185303336197132,0.4260390152004155,0.5637812156106379
singleonly_subject001_Chest_Press_(rack)_record0001,3,accel_x_g,14,20,1.16,early,0.32333240156833937,0.836204486814671,0.05486862218216791,0.07993727942475395,0.24144785690223114
singleonly_subject001_Chest_Press_(rack)_record0001,3,accel_x_g,14,20,1.16,middle,0.46517045166849763,1.2030270301771493,0.22025124189310805,0.24019100505374819,0.41997334387222796
singleonly_subject001_Chest_Press_(rack)_record0001,3,accel_x_g,14,20,1.16,late,0.211497146763163,0.5469753795599043,0.40980430122211675,0.4128449643657105,0.48108767781839523
singleonly_subject001_Chest_Press_(rack)_record0001,3,accel_x_g,15,20,1.04,early,0.2960455092612148,0.8539774305611966,0.06474057460194661,0.08585818544248876,0.2229801850357812
singleonly_subject001_Chest_Press_(rack)_record0001,3,accel_x_g,15,20,1.04,middle,0.4711830032454199,1.359181740131019,0.2568332957802406,0.27715945225716454,0.4293117685225477
singleonly_subject001_Chest_Press_(rack)_record0001,3,accel_x_g,15,20,1.04,late,0.2327714874933653,0.671456213923169,0.4517524875004859,0.45451646599842827,0.5577321296282894
singleonly_subject001_Chest_Press_(rack)_record0001,3,accel_x_g,16,20,1.12,early,0.38111544848878826,1.0208449513092541,0.16972384159358964,0.18801807106559232,0.33446001362123834
singleonly_subject001_Chest_Press_(rack)_record0001,3,accel_x_g,16,20,1.12,middle,0.41521718717951267,1.1121888942308376,0.377254169897575,0.38719596103135245,0.5227132172032835
singleonly_subject001_Chest_Press_(rack)_record0001,3,accel_x_g,16,20,1.12,late,0.20366736433169907,0.5455375830313367,0.5426935413307908,0.5452404799183116,0.6372239022422489
singleonly_subject001_Chest_Press_(rack)_record0001,3,accel_x_g,17,20,1.02,early,0.25893742969149014,0.7615806755632064,0.08234738176480307,0.10692720022327368,0.26716441148867887
singleonly_subject001_Chest_Press_(rack)_record0001,3,accel_x_g,17,20,1.02,middle,0.37996434416460945,1.1175421887194397,0.27092320615385507,0.2856307525629742,0.4013382836574042
singleonly_subject001_Chest_Press_(rack)_record0001,3,accel_x_g,17,20,1.02,late,0.3610982261439004,1.0620536063055894,0.48520397615025823,0.4912122135000579,0.6364123200577463
singleonly_subject001_Chest_Press_(rack)_record0001,3,accel_x_g,18,20,1.0,early,0.2785614741445101,0.8356844224335304,0.06431108949248499,0.08253590031829668,0.2051784182056714
singleonly_subject001_Chest_Press_(rack)_record0001,3,accel_x_g,18,20,1.0,middle,0.49928560040873676,1.4978568012262103,0.2801099051369863,0.2928605951707745,0.4232784990565095
singleonly_subject001_Chest_Press_(rack)_record0001,3,accel_x_g,18,20,1.0,late,0.22215292544675314,0.6664587763402593,0.4630314649368622,0.46709576178595985,0.5728494477040782
singleonly_subject001_Chest_Press_(rack)_record0001,3,accel_x_g,19,20,1.06,early,0.35907460025743354,1.0162488686531137,0.11565771084671339,0.13648027118004336,0.33053614401042575
singleonly_subject001_Chest_Press_(rack)_record0001,3,accel_x_g,19,20,1.06,middle,0.4329909139786059,1.2254459829583186,0.3231706119730908,0.3350566763307875,0.45639484249479323
singleonly_subject001_Chest_Press_(rack)_record0001,3,accel_x_g,19,20,1.06,late,0.20793448576396056,0.5884938276338506,0.48387274522628543,0.4871393764363969,0.6110554379297077
singleonly_subject001_Chest_Press_(rack)_record0001,3,accel_x_g,20,20,0.5,early,0.8669361859516556,5.201617115709934,0.533983398587695,0.5985397278904648,1.0730142192824075
singleonly_subject001_Chest_Press_(rack)_record0001,3,accel_x_g,20,20,0.5,middle,0.0,0.0,0.2778945501129227,0.28905368150962113,0.41272300644545623
singleonly_subject001_Chest_Press_(rack)_record0001,3,accel_x_g,20,20,0.5,late,0.13306381404834444,0.7983828842900665,0.4567063436565744,0.4981440750665243,0.6601911821922027
singleonly_subject001_Chest_Press_(rack)_record0002,3,accel_y_g,1,14,1.06,early,0.4848236071779731,1.3721422844659616,0.2054947533626254,0.2215629546085675,0.3642401350233392
singleonly_subject001_Chest_Press_(rack)_record0002,3,accel_y_g,1,14,1.06,middle,0.22249764269567873,0.6297103095160719,0.2836657469962061,0.28636820266179247,0.36874690689583534
singleonly_subject001_Chest_Press_(rack)_record0002,3,accel_y_g,1,14,1.06,late,0.29267875012634814,0.8283360852632493,0.3587080137269979,0.3761086030255904,0.6332597335353201
singleonly_subject001_Chest_Press_(rack)_record0002,3,accel_y_g,2,14,1.08,early,0.41362771610993937,1.1489658780831649,0.07341780441276036,0.09822599539212429,0.20765451796584222
singleonly_subject001_Chest_Press_(rack)_record0002,3,accel_y_g,2,14,1.08,middle,0.14293947576740257,0.397054099353896,0.09973766437316635,0.11554702384414595,0.20897045731693814
singleonly_subject001_Chest_Press_(rack)_record0002,3,accel_y_g,2,14,1.08,late,0.44343280812265806,1.2317578003407168,0.15478445871317223,0.19294644040530043,0.501476183622897
singleonly_subject001_Chest_Press_(rack)_record0002,3,accel_y_g,3,14,0.76,early,0.6397355454685207,2.525271890007319,0.2501079510407234,0.26587855548953077,0.3438168872407617
singleonly_subject001_Chest_Press_(rack)_record0002,3,accel_y_g,3,14,0.76,middle,0.13179202409320012,0.5202316740521058,0.3043176155213832,0.31125091717838393,0.43045295801914407
singleonly_subject001_Chest_Press_(rack)_record0002,3,accel_y_g,3,14,0.76,late,0.22847243043827914,0.9018648569932071,0.3487084339328474,0.352513124226383,0.4621036921056251
singleonly_subject001_Chest_Press_(rack)_record0002,3,accel_y_g,4,14,0.76,early,0.6623613126538919,2.614584128896942,0.19195401026181375,0.21086542614034096,0.32498122964790155
singleonly_subject001_Chest_Press_(rack)_record0002,3,accel_y_g,4,14,0.76,middle,0.09507164957620462,0.37528282727449197,0.2604021432636275,0.2631607760578276,0.34851448771097143
singleonly_subject001_Chest_Press_(rack)_record0002,3,accel_y_g,4,14,0.76,late,0.24256703776990352,0.957501464881198,0.28869053792867205,0.3054651430773557,0.6389902324483626
singleonly_subject001_Chest_Press_(rack)_record0002,3,accel_y_g,5,14,1.06,early,0.5240190642642367,1.4830728233893493,0.08476724538616855,0.11058519348615864,0.262051354138946
singleonly_subject001_Chest_Press_(rack)_record0002,3,accel_y_g,5,14,1.06,middle,0.2808851605886694,0.7949580016660455,0.17918618883836343,0.18780645249020955,0.3120866091662078
singleonly_subject001_Chest_Press_(rack)_record0002,3,accel_y_g,5,14,1.06,late,0.19509577514709386,0.5521578541898882,0.21004856299360095,0.23230773346307745,0.3858498550902511
singleonly_subject001_Chest_Press_(rack)_record0002,3,accel_y_g,6,14,1.18,early,0.3630577148879841,0.9230280886982647,0.08628705638789975,0.10094089500312127,0.18106855786559017
singleonly_subject001_Chest_Press_(rack)_record0002,3,accel_y_g,6,14,1.18,middle,0.4494351479169135,1.142631731992153,0.1656159978203733,0.17248024044135954,0.2956922369435916
singleonly_subject001_Chest_Press_(rack)_record0002,3,accel_y_g,6,14,1.18,late,0.18750713719510237,0.47671306066551444,0.2316506835779293,0.26624899491548476,0.6778793553251452
singleonly_subject001_Chest_Press_(rack)_record0002,3,accel_y_g,7,14,0.96,early,0.6240739467133893,1.950231083479342,0.18847668408119206,0.2057754353048135,0.312895687842652
singleonly_subject001_Chest_Press_(rack)_record0002,3,accel_y_g,7,14,0.96,middle,0.14412082272225235,0.4503775710070387,0.25016936235808257,0.2664630855085538,0.3977731311448876
singleonly_subject001_Chest_Press_(rack)_record0002,3,accel_y_g,7,14,0.96,late,0.2318052305643583,0.7243913455136197,0.33557541532741997,0.38099701962167876,0.6743583125339909
singleonly_subject001_Chest_Press_(rack)_record0002,3,accel_y_g,8,14,1.36,early,0.25854080254171863,0.5703105938420263,0.07689065431530648,0.09713185716020373,0.22140667328852498
singleonly_subject001_Chest_Press_(rack)_record0002,3,accel_y_g,8,14,1.36,middle,0.398614058041575,0.8792957162681801,0.17218899640911323,0.1918134773996937,0.34569669412990633
singleonly_subject001_Chest_Press_(rack)_record0002,3,accel_y_g,8,14,1.36,late,0.34284513941670636,0.7562760428309697,0.2350870828649592,0.26026019578008847,0.44570068564090015
singleonly_subject001_Chest_Press_(rack)_record0002,3,accel_y_g,9,14,1.12,early,0.5839963152519505,1.5642758444248674,0.08440348239291195,0.10178199991517457,0.19461377098927352
singleonly_subject001_Chest_Press_(rack)_record0002,3,accel_y_g,9,14,1.12,middle,0.2566013885225714,0.6873251478283162,0.17255320471160132,0.19437619883258214,0.34579331349288045
singleonly_subject001_Chest_Press_(rack)_record0002,3,accel_y_g,9,14,1.12,late,0.15940229622547808,0.4269704363182448,0.20137292258587078,0.2095639697512774,0.3042179995963001
singleonly_subject001_Chest_Press_(rack)_record0002,3,accel_y_g,10,14,1.18,early,0.3754515325525565,0.9545377946251437,0.11510276250905739,0.1288304292001286,0.23409550870905077
singleonly_subject001_Chest_Press_(rack)_record0002,3,accel_y_g,10,14,1.18,middle,0.49994942152732846,1.2710578513406656,0.1937592538710308,0.20788717207121338,0.36097822498517296
singleonly_subject001_Chest_Press_(rack)_record0002,3,accel_y_g,10,14,1.18,late,0.12459904592011506,0.316777235390123,0.24570343838092157,0.26144556254656415,0.4541979031303944
singleonly_subject001_Chest_Press_(rack)_record0002,3,accel_y_g,11,14,1.1,early,0.7485879549198317,2.0416035134177224,0.39587857105415314,0.4170390133891925,0.607033884226179
singleonly_subject001_Chest_Press_(rack)_record0002,3,accel_y_g,11,14,1.1,middle,0.07600196461716735,0.2072780853195473,0.47060314025140004,0.4842059735840923,0.6812570366327377
singleonly_subject001_Chest_Press_(rack)_record0002,3,accel_y_g,11,14,1.1,late,0.175410080463001,0.4783911285354571,0.5382828575967697,0.5465620113254066,0.7397934947742657
singleonly_subject001_Chest_Press_(rack)_record0002,3,accel_y_g,12,14,0.78,early,0.6854846728059937,2.636479510792283,0.24822325867329262,0.2675093362416499,0.422863636164176
singleonly_subject001_Chest_Press_(rack)_record0002,3,accel_y_g,12,14,0.78,middle,0.31089938099582404,1.1957668499839387,0.3257314152862567,0.3337863765727057,0.46388793564758896
singleonly_subject001_Chest_Press_(rack)_record0002,3,accel_y_g,12,14,0.78,late,0.003615946198182285,0.013907485377624169,0.33003160872881493,0.3482257605071672,0.519252182789091
singleonly_subject001_Chest_Press_(rack)_record0002,3,accel_y_g,13,14,1.06,early,0.5867627967511928,1.6606494247675267,0.11842659917652272,0.13803742160821975,0.21981392686341017
singleonly_subject001_Chest_Press_(rack)_record0002,3,accel_y_g,13,14,1.06,middle,0.11988208003067291,0.3392889057471875,0.1697886817151629,0.18501096810720988,0.29663528537789546
singleonly_subject001_Chest_Press_(rack)_record0002,3,accel_y_g,13,14,1.06,late,0.2933551232181343,0.8302503487305686,0.22208285244858167,0.23159412156081463,0.3832832590003077
singleonly_subject001_Chest_Press_(rack)_record0002,3,accel_y_g,14,14,1.8,early,0.5501871371670457,0.9169785619450762,0.16707570053142898,0.19062429834858455,0.3492203842281477
singleonly_subject001_Chest_Press_(rack)_record0002,3,accel_y_g,14,14,1.8,middle,0.263892107174691,0.4398201786244851,0.2767094891675105,0.2862898332539268,0.4515667400011885
singleonly_subject001_Chest_Press_(rack)_record0002,3,accel_y_g,14,14,1.8,late,0.18592075565826327,0.3098679260971054,0.4145326150238807,0.5279024768166758,1.4551395683963517
singleonly_subject016_Chest_Press_(rack)_record0001,10004,accel_x_g,1,19,1.42,early,0.3380975836798541,0.7142906697461707,0.06435441256539134,0.07602653774659203,0.14852185090386416
singleonly_subject016_Chest_Press_(rack)_record0001,10004,accel_x_g,1,19,1.42,middle,0.17690330968032908,0.3737393866485826,0.1835096188327433,0.1905563312222577,0.3263020698204485
singleonly_subject016_Chest_Press_(rack)_record0001,10004,accel_x_g,1,19,1.42,late,0.4849991066398168,1.0246459999432749,0.2806450229150835,0.2941537210450534,0.6526793999814099
singleonly_subject016_Chest_Press_(rack)_record0001,10004,accel_x_g,2,19,1.7,early,0.41150118465616087,0.726178561157931,0.14942449225965918,0.15973760767059528,0.24870852258627052
singleonly_subject016_Chest_Press_(rack)_record0001,10004,accel_x_g,2,19,1.7,middle,0.34204563427337403,0.603609942835366,0.26964014724153434,0.2778456948165409,0.38655450549383075
singleonly_subject016_Chest_Press_(rack)_record0001,10004,accel_x_g,2,19,1.7,late,0.2464531810704651,0.4349173783596442,0.3671071206227175,0.3680944026033807,0.41220876716253974
singleonly_subject016_Chest_Press_(rack)_record0001,10004,accel_x_g,3,19,1.64,early,0.401714902098394,0.7348443331068183,0.0706015544513122,0.08224085819672781,0.15117403222532344
singleonly_subject016_Chest_Press_(rack)_record0001,10004,accel_x_g,3,19,1.64,middle,0.36834329633099905,0.6737987128006081,0.1852238267669228,0.1917778367172909,0.2580832802171066
singleonly_subject016_Chest_Press_(rack)_record0001,10004,accel_x_g,3,19,1.64,late,0.22994180157060695,0.42062524677550045,0.2761769304704022,0.27686032993225124,0.306600455323632
singleonly_subject016_Chest_Press_(rack)_record0001,10004,accel_x_g,4,19,1.54,early,0.39246345559208756,0.7645391992053654,0.03758507289967625,0.04821804345842109,0.10528756339523648
singleonly_subject016_Chest_Press_(rack)_record0001,10004,accel_x_g,4,19,1.54,middle,0.3018383414946197,0.587996769145363,0.10993880239319469,0.11887824770910176,0.1758022994171673
singleonly_subject016_Chest_Press_(rack)_record0001,10004,accel_x_g,4,19,1.54,late,0.30569820291329275,0.5955159797012195,0.21288971905916182,0.21450315503379425,0.24219899012038315
singleonly_subject016_Chest_Press_(rack)_record0001,10004,accel_x_g,5,19,1.4,early,0.2646942835396226,0.5672020361563342,0.02275204415497507,0.027994611857621594,0.055693337709760704
singleonly_subject016_Chest_Press_(rack)_record0001,10004,accel_x_g,5,19,1.4,middle,0.41722813523759844,0.8940602897948539,0.10362935113347922,0.1211852431076491,0.22739995659624568
singleonly_subject016_Chest_Press_(rack)_record0001,10004,accel_x_g,5,19,1.4,late,0.31807758122277896,0.6815948169059549,0.20086895800318924,0.20500309874084477,0.26208488986923184
singleonly_subject016_Chest_Press_(rack)_record0001,10004,accel_x_g,6,19,1.14,early,0.19660375733231783,0.5173783087692575,0.09196753407605315,0.09790290402703118,0.13527426252783914
singleonly_subject016_Chest_Press_(rack)_record0001,10004,accel_x_g,6,19,1.14,middle,0.5027143204558273,1.3229324222521772,0.1825794493230645,0.21039140436283862,0.43613393527344024
singleonly_subject016_Chest_Press_(rack)_record0001,10004,accel_x_g,6,19,1.14,late,0.30068192221185486,0.7912682163469864,0.2541557870627283,0.2627293800592473,0.39602846507015566
singleonly_subject016_Chest_Press_(rack)_record0001,10004,accel_x_g,7,19,1.44,early,0.24305166595127253,0.5063576373984845,0.12474052692434873,0.13217689144042152,0.21262719070046532
singleonly_subject016_Chest_Press_(rack)_record0001,10004,accel_x_g,7,19,1.44,middle,0.3877891233186615,0.8078940069138781,0.2140364923711385,0.22403855715777138,0.33432113353712345
singleonly_subject016_Chest_Press_(rack)_record0001,10004,accel_x_g,7,19,1.44,late,0.36915921073006597,0.7690816890209707,0.3391887918105339,0.3416904439339914,0.42794401840661545
singleonly_subject016_Chest_Press_(rack)_record0001,10004,accel_x_g,8,19,1.26,early,0.32144710823299033,0.765350257697596,0.09335312035809278,0.11201648202322477,0.2301387307021292
singleonly_subject016_Chest_Press_(rack)_record0001,10004,accel_x_g,8,19,1.26,middle,0.2604023235165666,0.6200055321823015,0.17257076500082635,0.18454672460575322,0.28362752396392876
singleonly_subject016_Chest_Press_(rack)_record0001,10004,accel_x_g,8,19,1.26,late,0.41815056825044306,0.9955965910724833,0.2844337193163399,0.2919653133471198,0.41971382535362456
singleonly_subject016_Chest_Press_(rack)_record0001,10004,accel_x_g,9,19,1.3,early,0.29943035675525675,0.6909931309736694,0.10663664150316192,0.12085917954721283,0.2161428624094709
singleonly_subject016_Chest_Press_(rack)_record0001,10004,accel_x_g,9,19,1.3,middle,0.21943974123286714,0.506399402845078,0.1731430709304327,0.18549546185843271,0.2772690824784453
singleonly_subject016_Chest_Press_(rack)_record0001,10004,accel_x_g,9,19,1.3,late,0.4811299020118761,1.11029977387356,0.3085106849530589,0.3142602589242407,0.4518047760507159
singleonly_subject016_Chest_Press_(rack)_record0001,10004,accel_x_g,10,19,1.22,early,0.3673742036065364,0.903379189196401,0.0926741579220285,0.12052070056221452,0.29885166259919316
singleonly_subject016_Chest_Press_(rack)_record0001,10004,accel_x_g,10,19,1.22,middle,0.11707454383953525,0.28788822255623425,0.16675829511910553,0.17875298102879408,0.3006303348767997
singleonly_subject016_Chest_Press_(rack)_record0001,10004,accel_x_g,10,19,1.22,late,0.5155512525539283,1.2677489816899876,0.27863685478689565,0.2876143549931675,0.4154816496731665
singleonly_subject016_Chest_Press_(rack)_record0001,10004,accel_x_g,11,19,1.22,early,0.36611001321143544,0.9002705242904151,0.06124119624579872,0.08741723869305022,0.25380391755749643
singleonly_subject016_Chest_Press_(rack)_record0001,10004,accel_x_g,11,19,1.22,middle,0.24377913506329973,0.5994568894999175,0.13833480181699329,0.154221400586006,0.2585123947358068
singleonly_subject016_Chest_Press_(rack)_record0001,10004,accel_x_g,11,19,1.22,late,0.39011085172526483,0.9592889796522905,0.24919117906037508,0.2529099865895975,0.337614964224779
singleonly_subject016_Chest_Press_(rack)_record0001,10004,accel_x_g,12,19,1.22,early,0.18739914192639995,0.4608175621140983,0.08506024389474799,0.09555199875210278,0.15830068095188188
singleonly_subject016_Chest_Press_(rack)_record0001,10004,accel_x_g,12,19,1.22,middle,0.2415514716824982,0.5939790287274547,0.1705775783174986,0.18623904205034067,0.2996061424352181
singleonly_subject016_Chest_Press_(rack)_record0001,10004,accel_x_g,12,19,1.22,late,0.5710493863911019,1.4042198026010702,0.28945745042043486,0.3072236348311754,0.5353908190424872
singleonly_subject016_Chest_Press_(rack)_record0001,10004,accel_x_g,13,19,1.34,early,0.33534280234295283,0.750767467931984,0.08220561361593251,0.0984294606192115,0.19444491524157592
singleonly_subject016_Chest_Press_(rack)_record0001,10004,accel_x_g,13,19,1.34,middle,0.1455757239959256,0.3259157999908782,0.1381595403725317,0.15922878592917894,0.29488772667065444
singleonly_subject016_Chest_Press_(rack)_record0001,10004,accel_x_g,13,19,1.34,late,0.5190814736611216,1.1621227022263914,0.26893527629462083,0.27860680749169203,0.3890739294254002
singleonly_subject016_Chest_Press_(rack)_record0001,10004,accel_x_g,14,19,1.22,early,0.29715558658738084,0.7307104588214284,0.07401650863828768,0.08547417732861681,0.15415113017149873
singleonly_subject016_Chest_Press_(rack)_record0001,10004,accel_x_g,14,19,1.22,middle,0.29823493002118906,0.7333645820193174,0.1537774143884394,0.17237492574585392,0.29072116248778734
singleonly_subject016_Chest_Press_(rack)_record0001,10004,accel_x_g,14,19,1.22,late,0.4046094833914301,0.9949413526018773,0.2729515855809247,0.27866440821911426,0.3688420657948518
singleonly_subject016_Chest_Press_(rack)_record0001,10004,accel_x_g,15,19,1.24,early,0.28870472091331156,0.6984791634999473,0.07653419343430863,0.09115319094299014,0.18456558520497734
singleonly_subject016_Chest_Press_(rack)_record0001,10004,accel_x_g,15,19,1.24,middle,0.31422291246675593,0.7602167237098933,0.15109768966916767,0.15989179057406747,0.2546331511262607
singleonly_subject016_Chest_Press_(rack)_record0001,10004,accel_x_g,15,19,1.24,late,0.3970723666199325,0.9606589514998366,0.27645762839099275,0.28063534679477314,0.3505981783631549
singleonly_subject016_Chest_Press_(rack)_record0001,10004,accel_x_g,16,19,1.36,early,0.39521999746241704,0.8718088179318022,0.10156133379137844,0.11098768081732596,0.17336548844574162
singleonly_subject016_Chest_Press_(rack)_record0001,10004,accel_x_g,16,19,1.36,middle,0.3116476103627888,0.6874579640355635,0.21364756250023942,0.22202453459765403,0.3456834639605093
singleonly_subject016_Chest_Press_(rack)_record0001,10004,accel_x_g,16,19,1.36,late,0.29313239217479414,0.6466155709738105,0.32361352050535724,0.3291033619277886,0.4094939265982178
singleonly_subject016_Chest_Press_(rack)_record0001,10004,accel_x_g,17,19,1.28,early,0.21639369292137509,0.5071727177844729,0.08885388072854573,0.09537354154412793,0.16284884123132048
singleonly_subject016_Chest_Press_(rack)_record0001,10004,accel_x_g,17,19,1.28,middle,0.2709865935942112,0.6351248287364325,0.16469642756798417,0.17125318894299443,0.24095307512429232
singleonly_subject016_Chest_Press_(rack)_record0001,10004,accel_x_g,17,19,1.28,late,0.5126197134844137,1.2014524534790945,0.28165319677758177,0.290309465263242,0.4464231408859105
singleonly_subject016_Chest_Press_(rack)_record0001,10004,accel_x_g,18,19,1.34,early,0.18774029527867916,0.4203140939074907,0.03491356485838733,0.04134157141928862,0.08576633004027046
singleonly_subject016_Chest_Press_(rack)_record0001,10004,accel_x_g,18,19,1.34,middle,0.3100662654259777,0.6941782061775621,0.12244080602225448,0.1373876013415545,0.262700358327142
singleonly_subject016_Chest_Press_(rack)_record0001,10004,accel_x_g,18,19,1.34,late,0.5021934392953431,1.1243136700642007,0.28273466242600104,0.2899429136926729,0.4277592394204749
singleonly_subject016_Chest_Press_(rack)_record0001,10004,accel_x_g,19,19,1.28,early,0.30248289538367606,0.7089442860554909,0.06666225192815504,0.07745683707080386,0.14523545701352436
singleonly_subject016_Chest_Press_(rack)_record0001,10004,accel_x_g,19,19,1.28,middle,0.3990653604045306,0.9353094384481186,0.1746780020796793,0.18965204649272446,0.308340967970697
singleonly_subject016_Chest_Press_(rack)_record0001,10004,accel_x_g,19,19,1.28,late,0.2984517442117933,0.6994962754963905,0.2942064417047993,0.29709380732056395,0.3826819557324772
singleonly_subject017_Chest_Press_(rack)_record0001,10005,accel_z_g,1,13,1.52,early,0.05521690719914559,0.10898073789305053,0.016723043002342612,0.021751666275010018,0.04923298556447092
singleonly_subject017_Chest_Press_(rack)_record0001,10005,accel_z_g,1,13,1.52,middle,0.38535700422658675,0.7605730346577371,0.08621080285226328,0.11392573600280342,0.25481508492779215
singleonly_subject017_Chest_Press_(rack)_record0001,10005,accel_z_g,1,13,1.52,late,0.5594260885742677,1.1041304379755281,0.357442799675682,0.36866821095274976,0.5127913435883975
singleonly_subject017_Chest_Press_(rack)_record0001,10005,accel_z_g,2,13,1.24,early,0.11064989324834974,0.26770135463310424,0.034501302987643125,0.0442095986919306,0.08845811794703978
singleonly_subject017_Chest_Press_(rack)_record0001,10005,accel_z_g,2,13,1.24,middle,0.46859889903958685,1.1337070138054521,0.15917799852237835,0.17401788880693161,0.30152077559770807
singleonly_subject017_Chest_Press_(rack)_record0001,10005,accel_z_g,2,13,1.24,late,0.4207512077120634,1.017946470271121,0.37501752592949744,0.38917180921308386,0.5642661508358657
singleonly_subject017_Chest_Press_(rack)_record0001,10005,accel_z_g,3,13,1.12,early,0.24174456646709044,0.647530088751135,0.08108799133865259,0.094490268640488,0.1579044610505928
singleonly_subject017_Chest_Press_(rack)_record0001,10005,accel_z_g,3,13,1.12,middle,0.4411653789216211,1.1816929792543422,0.2711266163579983,0.2839495120808274,0.470975900071921
singleonly_subject017_Chest_Press_(rack)_record0001,10005,accel_z_g,3,13,1.12,late,0.3170900546112885,0.8493483605659511,0.5021990376284864,0.5133825643215884,0.6938543082838928
singleonly_subject017_Chest_Press_(rack)_record0001,10005,accel_z_g,4,13,1.1,early,0.28164338179797926,0.7681183139944888,0.1726841136959141,0.1817208474459572,0.25582290887210385
singleonly_subject017_Chest_Press_(rack)_record0001,10005,accel_z_g,4,13,1.1,middle,0.45472510273975936,1.2401593711084344,0.36172979573345665,0.37480161244444,0.5949183046289538
singleonly_subject017_Chest_Press_(rack)_record0001,10005,accel_z_g,4,13,1.1,late,0.2636315154622614,0.7189950421698036,0.5381728777389541,0.5460574764314723,0.7505140873371683
singleonly_subject017_Chest_Press_(rack)_record0001,10005,accel_z_g,5,13,1.18,early,0.1635641835466005,0.41584114461000127,0.036517169836243576,0.049759031936660376,0.12334449496053429
singleonly_subject017_Chest_Press_(rack)_record0001,10005,accel_z_g,5,13,1.18,middle,0.5313195220182463,1.3508123441141855,0.17045341979813639,0.1923626304698408,0.36056569308674447
singleonly_subject017_Chest_Press_(rack)_record0001,10005,accel_z_g,5,13,1.18,late,0.3051162944351532,0.7757193926317454,0.38990512551983414,0.39421732711568735,0.49486647090045377
singleonly_subject017_Chest_Press_(rack)_record0001,10005,accel_z_g,6,13,1.42,early,0.19652075389865187,0.41518469133518004,0.10072769957766228,0.11192929160278127,0.22210338563139398
singleonly_subject017_Chest_Press_(rack)_record0001,10005,accel_z_g,6,13,1.42,middle,0.6712337326340861,1.4180994351424356,0.2819581415298632,0.30557167696776544,0.5217300989949049
singleonly_subject017_Chest_Press_(rack)_record0001,10005,accel_z_g,6,13,1.42,late,0.132245513467262,0.2793919298604126,0.4372246598012047,0.4396415765636406,0.5389155139131707
singleonly_subject017_Chest_Press_(rack)_record0001,10005,accel_z_g,7,13,1.18,early,0.2526783733674967,0.6424026441546526,0.07315646633698017,0.08209775278870356,0.14037965938814945
singleonly_subject017_Chest_Press_(rack)_record0001,10005,accel_z_g,7,13,1.18,middle,0.5334225823398502,1.356159107643687,0.24956383853608155,0.28034575078471075,0.5917969031739496
singleonly_subject017_Chest_Press_(rack)_record0001,10005,accel_z_g,7,13,1.18,late,0.21389904429265316,0.5438111295575927,0.4273231601184728,0.4387820607767155,0.6035116381673568
singleonly_subject017_Chest_Press_(rack)_record0001,10005,accel_z_g,8,13,1.18,early,0.2626208524350791,0.6676801333095231,0.07796890569346517,0.08843276240427905,0.15008572268073123
singleonly_subject017_Chest_Press_(rack)_record0001,10005,accel_z_g,8,13,1.18,middle,0.5133813609280207,1.3052068498170017,0.21736488983553928,0.23101331238152534,0.38679834443780525
singleonly_subject017_Chest_Press_(rack)_record0001,10005,accel_z_g,8,13,1.18,late,0.22399778663690018,0.5694858982294072,0.41025965836361983,0.415878102023754,0.525161541388244
singleonly_subject017_Chest_Press_(rack)_record0001,10005,accel_z_g,9,13,1.18,early,0.2244759679861165,0.570701613524025,0.12655296120597653,0.13727230868962248,0.2753669557563449
singleonly_subject017_Chest_Press_(rack)_record0001,10005,accel_z_g,9,13,1.18,middle,0.5406103038300533,1.3744329758391185,0.28612199073262307,0.30219490769422747,0.49539181300401325
singleonly_subject017_Chest_Press_(rack)_record0001,10005,accel_z_g,9,13,1.18,late,0.23491372818383027,0.5972382919927888,0.4690825599818702,0.47231262905126353,0.5791954356035384
singleonly_subject017_Chest_Press_(rack)_record0001,10005,accel_z_g,10,13,1.34,early,0.1669965990255612,0.37387298289304743,0.0512134849662432,0.05883269640137348,0.10856546995155719
singleonly_subject017_Chest_Press_(rack)_record0001,10005,accel_z_g,10,13,1.34,middle,0.3961156770339008,0.8868261426132108,0.17703700390073293,0.19545631368863267,0.34173398162372215
singleonly_subject017_Chest_Press_(rack)_record0001,10005,accel_z_g,10,13,1.34,late,0.436887723940538,0.9781068446429952,0.4003536126426792,0.4084782130077807,0.5504685267836339
singleonly_subject017_Chest_Press_(rack)_record0001,10005,accel_z_g,11,13,1.32,early,0.18326673719859182,0.4165153118149814,0.03491821161782038,0.043780760834207,0.10592263492642173
singleonly_subject017_Chest_Press_(rack)_record0001,10005,accel_z_g,11,13,1.32,middle,0.4789760105803174,1.088581842227994,0.16763391625798343,0.18817490943912427,0.33178398822088073
singleonly_subject017_Chest_Press_(rack)_record0001,10005,accel_z_g,11,13,1.32,late,0.33775725222109076,0.7676301186842971,0.3576582196225863,0.36422149697706396,0.5043774555112206
singleonly_subject017_Chest_Press_(rack)_record0001,10005,accel_z_g,12,13,1.26,early,0.16926448334692268,0.4030106746355302,0.06995268994664747,0.07788786463727712,0.13460350584675185
singleonly_subject017_Chest_Press_(rack)_record0001,10005,accel_z_g,12,13,1.26,middle,0.5304187645559318,1.2629018203712663,0.19576275722426176,0.22318930077489404,0.42613795843932484
singleonly_subject017_Chest_Press_(rack)_record0001,10005,accel_z_g,12,13,1.26,late,0.3003167520971455,0.7150398859455844,0.42966151336560204,0.43631815284865844,0.614587876749784
singleonly_subject017_Chest_Press_(rack)_record0001,10005,accel_z_g,13,13,1.18,early,0.2677305507045164,0.680670891621652,0.1000063373033478,0.11429909408646954,0.24971662985255028
singleonly_subject017_Chest_Press_(rack)_record0001,10005,accel_z_g,13,13,1.18,middle,0.4932099280593572,1.25392354591362,0.28546224094049744,0.31114131082838675,0.527389589592549
singleonly_subject017_Chest_Press_(rack)_record0001,10005,accel_z_g,13,13,1.18,late,0.2390595212361264,0.6077784438206603,0.504684538558837,0.5082515900992155,0.6119502350340099
singleonly_subject033_Chest_Press_(rack)_record0001,502,accel_x_g,1,22,1.3,early,0.4931850069671482,1.138119246847265,0.07789544501769055,0.11402741136607784,0.25598404936158226
singleonly_subject033_Chest_Press_(rack)_record0001,502,accel_x_g,1,22,1.3,middle,0.09337242440412852,0.21547482554798889,0.2689259340675687,0.26986412351356176,0.3069565866223526
singleonly_subject033_Chest_Press_(rack)_record0001,502,accel_x_g,1,22,1.3,late,0.4134425686287233,0.9540982352970536,0.3209792608576538,0.33334529612346164,0.5208166886014686
singleonly_subject033_Chest_Press_(rack)_record0001,502,accel_x_g,2,22,1.26,early,0.4353382289803267,1.0365195928103017,0.09745299924876177,0.1272641585490088,0.27075031100633096
singleonly_subject033_Chest_Press_(rack)_record0001,502,accel_x_g,2,22,1.26,middle,0.1947480118452961,0.4636857424888003,0.3185153554284138,0.3206914733650287,0.37261746995069145
singleonly_subject033_Chest_Press_(rack)_record0001,502,accel_x_g,2,22,1.26,late,0.3699137591743772,0.8807470456532789,0.37519099690211566,0.3859153388762865,0.5758650428315961
singleonly_subject033_Chest_Press_(rack)_record0001,502,accel_x_g,3,22,1.1,early,0.5249888857352025,1.4317878701869158,0.13465453541150701,0.1588732413166234,0.27654818577624396
singleonly_subject033_Chest_Press_(rack)_record0001,502,accel_x_g,3,22,1.1,middle,0.12119030996081237,0.3305190271658519,0.2889314851692786,0.29001404410940607,0.34673906973231094
singleonly_subject033_Chest_Press_(rack)_record0001,502,accel_x_g,3,22,1.1,late,0.3538208043039851,0.9649658299199592,0.3406716475151588,0.35131081901553557,0.5050054105438455
singleonly_subject033_Chest_Press_(rack)_record0001,502,accel_x_g,4,22,1.2,early,0.4415551299490098,1.1038878248725246,0.22803060616160703,0.2429206946669443,0.3839384693433383
singleonly_subject033_Chest_Press_(rack)_record0001,502,accel_x_g,4,22,1.2,middle,0.3127447770866504,0.781861942716626,0.475345253507858,0.47831349123457145,0.5563088888696183
singleonly_subject033_Chest_Press_(rack)_record0001,502,accel_x_g,4,22,1.2,late,0.2457000929643398,0.6142502324108495,0.5335247986517783,0.536865252316067,0.6748798624043401
singleonly_subject033_Chest_Press_(rack)_record0001,502,accel_x_g,5,22,1.26,early,0.4937913496351937,1.1756936896076042,0.20745279170436814,0.23274266803641339,0.3908710550576753
singleonly_subject033_Chest_Press_(rack)_record0001,502,accel_x_g,5,22,1.26,middle,0.18042131040471382,0.429574548582652,0.4457596604981655,0.4467506258841729,0.5086809794139803
singleonly_subject033_Chest_Press_(rack)_record0001,502,accel_x_g,5,22,1.26,late,0.32578733996009246,0.7756841427621248,0.5022243781724872,0.5070928117414555,0.6358039231591205
singleonly_subject033_Chest_Press_(rack)_record0001,502,accel_x_g,6,22,0.96,early,0.5541861061212415,1.73183158162888,0.1560061711971327,0.18316800700213035,0.2937509932182497
singleonly_subject033_Chest_Press_(rack)_record0001,502,accel_x_g,6,22,0.96,middle,0.15745638408901208,0.49205120027816285,0.3447286350617403,0.3462900194647844,0.40868243694933837
singleonly_subject033_Chest_Press_(rack)_record0001,502,accel_x_g,6,22,0.96,late,0.2883575097897464,0.9011172180929574,0.4070650811544465,0.4186188445584446,0.735089037244742
singleonly_subject033_Chest_Press_(rack)_record0001,502,accel_x_g,7,22,1.0,early,0.6106661018338426,1.8319983055015279,0.23899662577957054,0.26687430219139524,0.43931932596077927
singleonly_subject033_Chest_Press_(rack)_record0001,502,accel_x_g,7,22,1.0,middle,0.19292383808803193,0.5787715142640958,0.41422985534817663,0.416316246691514,0.47944565044694043
singleonly_subject033_Chest_Press_(rack)_record0001,502,accel_x_g,7,22,1.0,late,0.19641006007812545,0.5892301802343762,0.44938419582902944,0.45450693013772175,0.5653822186589956
singleonly_subject033_Chest_Press_(rack)_record0001,502,accel_x_g,8,22,1.2,early,0.500156708009383,1.2503917700234577,0.19242396492868144,0.21505881158668436,0.38995163046577375
singleonly_subject033_Chest_Press_(rack)_record0001,502,accel_x_g,8,22,1.2,middle,0.2872553706394152,0.7181384265985381,0.4474399401232098,0.4506408025588988,0.5574442266852055
singleonly_subject033_Chest_Press_(rack)_record0001,502,accel_x_g,8,22,1.2,late,0.21258792135120175,0.5314698033780043,0.5384202798830366,0.5428740445079037,0.6486081346475709
singleonly_subject033_Chest_Press_(rack)_record0001,502,accel_x_g,9,22,1.16,early,0.36374350364735236,0.94071595770867,0.04524951007150491,0.057965697328460165,0.1336110398044843
singleonly_subject033_Chest_Press_(rack)_record0001,502,accel_x_g,9,22,1.16,middle,0.3684285746694635,0.9528325206968885,0.22302036312423187,0.22950784234295077,0.3113148164150966
singleonly_subject033_Chest_Press_(rack)_record0001,502,accel_x_g,9,22,1.16,late,0.26782792168318414,0.6926584181461659,0.3339187586987341,0.3374670637953419,0.4384466511915258
singleonly_subject033_Chest_Press_(rack)_record0001,502,accel_x_g,10,22,1.16,early,0.15295402278286863,0.39557074857638447,0.16091192618532427,0.1780712288700172,0.34421590329194074
singleonly_subject033_Chest_Press_(rack)_record0001,502,accel_x_g,10,22,1.16,middle,0.6263809603095968,1.6199507594213713,0.3973811226664068,0.40878323946114464,0.5250347397044205
singleonly_subject033_Chest_Press_(rack)_record0001,502,accel_x_g,10,22,1.16,late,0.2206650169075346,0.5706853885539688,0.5477700675904563,0.5506697373231355,0.6627553734143429
singleonly_subject033_Chest_Press_(rack)_record0001,502,accel_x_g,11,22,1.14,early,0.25390903842159135,0.6681816800568194,0.13883322704948198,0.15254636513009037,0.2694408413657762
singleonly_subject033_Chest_Press_(rack)_record0001,502,accel_x_g,11,22,1.14,middle,0.6110826400577198,1.6081122106782104,0.410304773867048,0.41959942883883794,0.5446249435963724
singleonly_subject033_Chest_Press_(rack)_record0001,502,accel_x_g,11,22,1.14,late,0.13500832152068876,0.35528505663339144,0.5279559194197606,0.5301798915940817,0.6227099329716259
singleonly_subject033_Chest_Press_(rack)_record0001,502,accel_x_g,12,22,1.16,early,0.3757426958714719,0.9717483513917379,0.061366119858300594,0.09456724938774921,0.26753735485951424
singleonly_subject033_Chest_Press_(rack)_record0001,502,accel_x_g,12,22,1.16,middle,0.38105324408038665,0.9854825277941036,0.30306127021558676,0.309823471806246,0.4676242517129726
singleonly_subject033_Chest_Press_(rack)_record0001,502,accel_x_g,12,22,1.16,late,0.24320406004814143,0.628976017365883,0.4327338049630993,0.43741867589660266,0.5396402100665744
singleonly_subject033_Chest_Press_(rack)_record0001,502,accel_x_g,13,22,1.12,early,0.14816247731863108,0.3968637785320475,0.12427555470463683,0.13037437504639174,0.21265111853338348
singleonly_subject033_Chest_Press_(rack)_record0001,502,accel_x_g,13,22,1.12,middle,0.6529218560874722,1.748897828805729,0.3691810960372763,0.3848026712744374,0.6073627197965092
singleonly_subject033_Chest_Press_(rack)_record0001,502,accel_x_g,13,22,1.12,late,0.1989156665938967,0.5328098212336517,0.5518661038567769,0.554245387554551,0.6468387441042409
singleonly_subject033_Chest_Press_(rack)_record0001,502,accel_x_g,14,22,1.26,early,0.4784491936865755,1.1391647468727988,0.08700150138273269,0.11191763001781294,0.24200357451863375
singleonly_subject033_Chest_Press_(rack)_record0001,502,accel_x_g,14,22,1.26,middle,0.23811326316217069,0.5669363408623111,0.2582886328782367,0.2634399028848097,0.339425781940341
singleonly_subject033_Chest_Press_(rack)_record0001,502,accel_x_g,14,22,1.26,late,0.2834375431512538,0.6748512932172709,0.3697922158636711,0.37699831798644473,0.46021610091172627
singleonly_subject033_Chest_Press_(rack)_record0001,502,accel_x_g,15,22,1.16,early,0.2753342161213288,0.7120712485896435,0.11297138716102977,0.13018317054206333,0.25927316895378616
singleonly_subject033_Chest_Press_(rack)_record0001,502,accel_x_g,15,22,1.16,middle,0.49777620656059807,1.2873522583463746,0.37364598101514973,0.3852364365647849,0.5159531852907113
singleonly_subject033_Chest_Press_(rack)_record0001,502,accel_x_g,15,22,1.16,late,0.22688957731807313,0.5867833896157064,0.5126706421575086,0.5159955860306614,0.6165810543251973
singleonly_subject033_Chest_Press_(rack)_record0001,502,accel_x_g,16,22,1.12,early,0.3299345933010262,0.883753374913463,0.10791679168696235,0.1312387548108612,0.21917217598557792
singleonly_subject033_Chest_Press_(rack)_record0001,502,accel_x_g,16,22,1.12,middle,0.454486823437867,1.217375419922858,0.34065349457169536,0.34676680666965715,0.43292156113022007
singleonly_subject033_Chest_Press_(rack)_record0001,502,accel_x_g,16,22,1.12,late,0.2155785832611068,0.5774426337351074,0.4741434500514825,0.4805280501389157,0.6202924766591521
singleonly_subject033_Chest_Press_(rack)_record0001,502,accel_x_g,17,22,0.98,early,0.6724023946532265,2.0583746775098772,0.43247234378850263,0.4538406487666207,0.5657698422603985
singleonly_subject033_Chest_Press_(rack)_record0001,502,accel_x_g,17,22,0.98,middle,0.08535524929271632,0.2612915794674989,0.5831776642340679,0.5839575049972755,0.6382850496410326
singleonly_subject033_Chest_Press_(rack)_record0001,502,accel_x_g,17,22,0.98,late,0.2422423560540572,0.7415582328185423,0.6410746084251366,0.6439441119395234,0.7455402119169581
singleonly_subject033_Chest_Press_(rack)_record0001,502,accel_x_g,18,22,1.08,early,0.3002603504500637,0.8340565290279548,0.17109512626482307,0.19583065026062027,0.37212968371175004
singleonly_subject033_Chest_Press_(rack)_record0001,502,accel_x_g,18,22,1.08,middle,0.4383956092888738,1.2177655813579829,0.38094514035389526,0.3887642613485775,0.4950634313048393
singleonly_subject033_Chest_Press_(rack)_record0001,502,accel_x_g,18,22,1.08,late,0.2613440402610625,0.7259556673918403,0.537062374263216,0.5408368119432444,0.6448871520839222
singleonly_subject033_Chest_Press_(rack)_record0001,502,accel_x_g,19,22,0.94,early,0.7248152270573948,2.313240086353388,0.29364585231238954,0.3190827926896874,0.4874291499714615
singleonly_subject033_Chest_Press_(rack)_record0001,502,accel_x_g,19,22,0.94,middle,0.17140164920708056,0.5470265400225977,0.4549175452598203,0.45822107328146294,0.5569280398628244
singleonly_subject033_Chest_Press_(rack)_record0001,502,accel_x_g,19,22,0.94,late,0.10378312373552467,0.33122273532614255,0.5110510137371311,0.5133220926310185,0.5950752984530773
singleonly_subject033_Chest_Press_(rack)_record0001,502,accel_x_g,20,22,1.16,early,0.3785372638947399,0.9789756824863964,0.08425642328361704,0.10172115735804041,0.2030916882142383
singleonly_subject033_Chest_Press_(rack)_record0001,502,accel_x_g,20,22,1.16,middle,0.37868881916290326,0.9793676357661293,0.24760050782741574,0.2570796052352028,0.3628797514618428
singleonly_subject033_Chest_Press_(rack)_record0001,502,accel_x_g,20,22,1.16,late,0.24277391694235684,0.6278635782991987,0.3542007635923502,0.35927113160627694,0.47374123399703516
singleonly_subject033_Chest_Press_(rack)_record0001,502,accel_x_g,21,22,1.2,early,0.4567924195276333,1.1419810488190834,0.09766918588880694,0.12346791851723793,0.2302225837090066
singleonly_subject033_Chest_Press_(rack)_record0001,502,accel_x_g,21,22,1.2,middle,0.3701474954421893,0.9253687386054733,0.29282313281557776,0.29974155713739425,0.44612170556604536
singleonly_subject033_Chest_Press_(rack)_record0001,502,accel_x_g,21,22,1.2,late,0.17306008503017745,0.4326502125754436,0.363604692244519,0.3665799504275444,0.46090912996514977
singleonly_subject033_Chest_Press_(rack)_record0001,502,accel_x_g,22,22,0.76,early,0.41550940940132375,1.640168721321015,0.17021224914480093,0.17712492757330722,0.22290733240034155
singleonly_subject033_Chest_Press_(rack)_record0001,502,accel_x_g,22,22,0.76,middle,0.41777079660348737,1.6490952497506082,0.2459386626450677,0.24943210807763413,0.2974095369622852
singleonly_subject033_Chest_Press_(rack)_record0001,502,accel_x_g,22,22,0.76,late,0.16671979399518888,0.6581044499810087,0.2745158252252784,0.2782070504474786,0.3719227114027256
singleonly_subject035_Chest_Press_(rack)_record0001,512,accel_y_g,1,18,0.88,early,0.18857255182895036,0.642860972144149,0.07062250390529325,0.08676625855418935,0.18853102713303765
singleonly_subject035_Chest_Press_(rack)_record0001,512,accel_y_g,1,18,0.88,middle,0.3066718695021198,1.0454722823935902,0.1185154678596093,0.1497321277392562,0.3371528902575354
singleonly_subject035_Chest_Press_(rack)_record0001,512,accel_y_g,1,18,0.88,late,0.50475557866893,1.72075765455317,0.2675793597689721,0.3084926528745778,0.5766338770487437
singleonly_subject035_Chest_Press_(rack)_record0001,512,accel_y_g,2,18,1.1,early,0.415409352259711,1.1329345970719389,0.21208420363954494,0.24039839837452967,0.4282561921618255
singleonly_subject035_Chest_Press_(rack)_record0001,512,accel_y_g,2,18,1.1,middle,0.033795039148654726,0.09216828858724016,0.23589783586549656,0.25033783334470505,0.43550388032861637
singleonly_subject035_Chest_Press_(rack)_record0001,512,accel_y_g,2,18,1.1,late,0.5507956085916343,1.5021698416135478,0.3741744296354233,0.3904148541568206,0.6349393236833913
singleonly_subject035_Chest_Press_(rack)_record0001,512,accel_y_g,3,18,0.9,early,0.19397938718934415,0.6465979572978139,0.05773880292289087,0.07226029857592882,0.14191985432296728
singleonly_subject035_Chest_Press_(rack)_record0001,512,accel_y_g,3,18,0.9,middle,0.34216902661260074,1.1405634220420025,0.12442881359265552,0.14831865556452195,0.302287736169707
singleonly_subject035_Chest_Press_(rack)_record0001,512,accel_y_g,3,18,0.9,late,0.4638515861980551,1.5461719539935168,0.2292609410794399,0.2601896195244733,0.6307458853831871
singleonly_subject035_Chest_Press_(rack)_record0001,512,accel_y_g,4,18,0.96,early,0.13837118453855934,0.432409951682998,0.08537116861570661,0.09183546090034615,0.14436376341758306
singleonly_subject035_Chest_Press_(rack)_record0001,512,accel_y_g,4,18,0.96,middle,0.31080393090675884,0.9712622840836215,0.1419155037749173,0.14874766392965694,0.23446727270907225
singleonly_subject035_Chest_Press_(rack)_record0001,512,accel_y_g,4,18,0.96,late,0.5508248845546818,1.7213277642333806,0.3002207065276301,0.3148564034961588,0.5486078226922797
singleonly_subject035_Chest_Press_(rack)_record0001,512,accel_y_g,5,18,1.1,early,0.23035672519693348,0.6282456141734549,0.1305706013149781,0.14050175375700635,0.2086722034441345
singleonly_subject035_Chest_Press_(rack)_record0001,512,accel_y_g,5,18,1.1,middle,0.3798470679523528,1.035946548960962,0.19982490741284076,0.22259721882400743,0.4016911681831181
singleonly_subject035_Chest_Press_(rack)_record0001,512,accel_y_g,5,18,1.1,late,0.3897962068507137,1.0630805641383099,0.3817663831233666,0.3920698173084046,0.5056827126684363
singleonly_subject035_Chest_Press_(rack)_record0001,512,accel_y_g,6,18,0.82,early,0.2303733420812626,0.8428293002973022,0.0415718108049114,0.053341376022817646,0.11589255424540632
singleonly_subject035_Chest_Press_(rack)_record0001,512,accel_y_g,6,18,0.82,middle,0.18733996360992639,0.6853901107680234,0.12731115639332655,0.15421459970567908,0.310600816625091
singleonly_subject035_Chest_Press_(rack)_record0001,512,accel_y_g,6,18,0.82,late,0.582286694308811,2.1303171743005276,0.22686879392743933,0.27437659132865055,0.5664053676665426
singleonly_subject035_Chest_Press_(rack)_record0001,512,accel_y_g,7,18,0.88,early,0.33178822667036856,1.1310962272853473,0.13134952283702916,0.1539911107180176,0.30397629496318085
singleonly_subject035_Chest_Press_(rack)_record0001,512,accel_y_g,7,18,0.88,middle,0.36270960343634784,1.2365100117148222,0.27209707466540645,0.29382948933798253,0.4586247614946486
singleonly_subject035_Chest_Press_(rack)_record0001,512,accel_y_g,7,18,0.88,late,0.3055021698932836,1.0414846700907394,0.3556852189630261,0.3712951053554966,0.600495867056831
singleonly_subject035_Chest_Press_(rack)_record0001,512,accel_y_g,8,18,0.94,early,0.28790128239785845,0.9188338799931653,0.13249913724441678,0.1542179953736793,0.24727997108418187
singleonly_subject035_Chest_Press_(rack)_record0001,512,accel_y_g,8,18,0.94,middle,0.20647336633885288,0.6589575521452752,0.19090171011739954,0.22203700070489596,0.37331263635885026
singleonly_subject035_Chest_Press_(rack)_record0001,512,accel_y_g,8,18,0.94,late,0.5056253512632887,1.613697929563687,0.3249658635130814,0.3516836397250098,0.5396961701327174
singleonly_subject035_Chest_Press_(rack)_record0001,512,accel_y_g,9,18,0.96,early,0.2868605702831412,0.8964392821348164,0.2269704853511303,0.24309691003764178,0.35544085795389574
singleonly_subject035_Chest_Press_(rack)_record0001,512,accel_y_g,9,18,0.96,middle,0.3443757513386691,1.076174222933341,0.3831160913120142,0.4070343324610722,0.7250230097855572
singleonly_subject035_Chest_Press_(rack)_record0001,512,accel_y_g,9,18,0.96,late,0.3687636783781897,1.1523864949318428,0.5678799268548527,0.5910969277220882,0.9501232950074082
singleonly_subject035_Chest_Press_(rack)_record0001,512,accel_y_g,10,18,0.84,early,0.20907246863610696,0.7466873879860964,0.19209642736543697,0.20827227832721093,0.29834146465966144
singleonly_subject035_Chest_Press_(rack)_record0001,512,accel_y_g,10,18,0.84,middle,0.26071702722550616,0.9311322400910935,0.2995292046525932,0.30528243610914707,0.3844601723536999
singleonly_subject035_Chest_Press_(rack)_record0001,512,accel_y_g,10,18,0.84,late,0.5302105041383869,1.8936089433513816,0.4374971644646373,0.4468214180380204,0.5903889441087026
singleonly_subject035_Chest_Press_(rack)_record0001,512,accel_y_g,11,18,0.9,early,0.3831346958741273,1.2771156529137577,0.20360927928256223,0.2245017302446763,0.34812791770419327
singleonly_subject035_Chest_Press_(rack)_record0001,512,accel_y_g,11,18,0.9,middle,0.17102978173434835,0.5700992724478279,0.21570607414355392,0.25644912623538946,0.4881728208422765
singleonly_subject035_Chest_Press_(rack)_record0001,512,accel_y_g,11,18,0.9,late,0.44583552239152435,1.4861184079717475,0.37942031117294867,0.3874918263274089,0.5020697906256745
singleonly_subject035_Chest_Press_(rack)_record0001,512,accel_y_g,12,18,1.14,early,0.14085725678960928,0.37067699155160344,0.14250968341578307,0.15919583629316197,0.28233617260525434
singleonly_subject035_Chest_Press_(rack)_record0001,512,accel_y_g,12,18,1.14,middle,0.2926629277977042,0.7701655994676427,0.20292699820811694,0.21778363162138994,0.35231936996499297
singleonly_subject035_Chest_Press_(rack)_record0001,512,accel_y_g,12,18,1.14,late,0.5664798154126864,1.490736356349175,0.39634867813590813,0.4176866772176324,0.6672308909018818
singleonly_subject035_Chest_Press_(rack)_record0001,512,accel_y_g,13,18,0.76,early,0.2552370266818326,1.0075145790072342,0.21876305700246335,0.2324114084234156,0.3461700714552639
singleonly_subject035_Chest_Press_(rack)_record0001,512,accel_y_g,13,18,0.76,middle,0.26061679162998325,1.02875049327625,0.3469700973034972,0.3543930969015706,0.47832530708044607
singleonly_subject035_Chest_Press_(rack)_record0001,512,accel_y_g,13,18,0.76,late,0.48414618168818413,1.9111033487691478,0.45259522238172045,0.46640805038789585,0.6464997022758376
singleonly_subject035_Chest_Press_(rack)_record0001,512,accel_y_g,14,18,1.02,early,0.2711119253794797,0.7973880158219991,0.09671218355961064,0.11030824849454725,0.178663173392926
singleonly_subject035_Chest_Press_(rack)_record0001,512,accel_y_g,14,18,1.02,middle,0.19173081385529056,0.5639141583979135,0.16985165158634263,0.19456055958674884,0.3362608505165954
singleonly_subject035_Chest_Press_(rack)_record0001,512,accel_y_g,14,18,1.02,late,0.5371572607652297,1.5798742963683226,0.33036526678703443,0.3466302705688501,0.5830494305964647
singleonly_subject035_Chest_Press_(rack)_record0001,512,accel_y_g,15,18,1.04,early,0.35320430050339885,1.0188585591444197,0.06848923722697442,0.08841224018348043,0.22349123401095292
singleonly_subject035_Chest_Press_(rack)_record0001,512,accel_y_g,15,18,1.04,middle,0.1481732736891483,0.42742290487254314,0.08785710543443916,0.10335272338187998,0.2047656662369008
singleonly_subject035_Chest_Press_(rack)_record0001,512,accel_y_g,15,18,1.04,late,0.49862242580745286,1.4383339205984214,0.21381980657750918,0.23869765715659538,0.39687910439213825
singleonly_subject035_Chest_Press_(rack)_record0001,512,accel_y_g,16,18,0.84,early,0.3706444423431856,1.323730151225663,0.18478222902649097,0.20060896624439764,0.25585761197517476
singleonly_subject035_Chest_Press_(rack)_record0001,512,accel_y_g,16,18,0.84,middle,0.2132292887265541,0.7615331740234076,0.22114348802980915,0.2565177155505443,0.4062013538396822
singleonly_subject035_Chest_Press_(rack)_record0001,512,accel_y_g,16,18,0.84,late,0.4161262689302603,1.486165246179501,0.34606099637545096,0.3711042066216488,0.5804282989418655
singleonly_subject035_Chest_Press_(rack)_record0001,512,accel_y_g,17,18,1.02,early,0.44018727991165346,1.2946684703283926,0.2559922561655585,0.28040565856453226,0.42861978830599723
singleonly_subject035_Chest_Press_(rack)_record0001,512,accel_y_g,17,18,1.02,middle,0.16324980320981058,0.4801464800288547,0.33667694193461617,0.3630023414886094,0.5870130460144615
singleonly_subject035_Chest_Press_(rack)_record0001,512,accel_y_g,17,18,1.02,late,0.39656291687853595,1.166361520230988,0.46229590664352144,0.477439742929957,0.6428028550385556
singleonly_subject035_Chest_Press_(rack)_record0001,512,accel_y_g,18,18,1.04,early,0.28557841253708527,0.8237838823185152,0.10684938139429041,0.12727984488595556,0.22161069292073848
singleonly_subject035_Chest_Press_(rack)_record0001,512,accel_y_g,18,18,1.04,middle,0.22149761227948983,0.6389354200369899,0.1628825070053827,0.19660822120465773,0.42539994666379377
singleonly_subject035_Chest_Press_(rack)_record0001,512,accel_y_g,18,18,1.04,late,0.4929239751834249,1.4218960822598792,0.3514630529633863,0.3705303026770368,0.5165647767842547
singleonly_subject052_Chest_Press_(rack)_record0001,526,accel_y_g,1,8,1.12,early,0.3328840376144765,0.8916536721816334,0.066608666050811,0.08641853478620969,0.17545126365714295
singleonly_subject052_Chest_Press_(rack)_record0001,526,accel_y_g,1,8,1.12,middle,0.35107861928201745,0.9403891587911181,0.19252518748234815,0.21954179954940836,0.43664954146890017
singleonly_subject052_Chest_Press_(rack)_record0001,526,accel_y_g,1,8,1.12,late,0.31603734310350606,0.8465285975986768,0.3730209720175354,0.41073902895422515,0.796019549950163
singleonly_subject052_Chest_Press_(rack)_record0001,526,accel_y_g,2,8,0.78,early,0.05518643560590274,0.21225552156116437,0.09508052288343177,0.10305641322309925,0.18585709029676456
singleonly_subject052_Chest_Press_(rack)_record0001,526,accel_y_g,2,8,0.78,middle,0.2761682089085194,1.0621854188789208,0.16295998499705938,0.18040157859884207,0.3664430980293951
singleonly_subject052_Chest_Press_(rack)_record0001,526,accel_y_g,2,8,0.78,late,0.6686453554855778,2.57171290571376,0.3434118300699139,0.3677951241718866,0.6031721878252378
singleonly_subject052_Chest_Press_(rack)_record0001,526,accel_y_g,3,8,1.76,early,0.7883120913162142,1.343713792016274,0.5757303100759167,0.6070853991894595,0.9997717670715645
singleonly_subject052_Chest_Press_(rack)_record0001,526,accel_y_g,3,8,1.76,middle,0.0,0.0,0.38818710008424373,0.3935488256582422,0.5203042853468628
singleonly_subject052_Chest_Press_(rack)_record0001,526,accel_y_g,3,8,1.76,late,0.21168790868378584,0.36083166252918036,0.5574491674961352,0.5769932275975665,0.8731809983642356
singleonly_subject052_Chest_Press_(rack)_record0001,526,accel_y_g,4,8,0.72,early,0.13365986928453022,0.556916122018876,0.14228183336754574,0.1572812382754431,0.23958255017383012
singleonly_subject052_Chest_Press_(rack)_record0001,526,accel_y_g,4,8,0.72,middle,0.29782918226412824,1.2409549261005344,0.23959692621803624,0.24341844055397824,0.3592997778429767
singleonly_subject052_Chest_Press_(rack)_record0001,526,accel_y_g,4,8,0.72,late,0.5685109484513415,2.368795618547256,0.42457761196632265,0.4367786473677316,0.6615888559715796
singleonly_subject052_Chest_Press_(rack)_record0001,526,accel_y_g,5,8,0.82,early,0.17750745363259088,0.6494175132899667,0.1197231784950451,0.139671478748477,0.24549967657414673
singleonly_subject052_Chest_Press_(rack)_record0001,526,accel_y_g,5,8,0.82,middle,0.16200650032870204,0.5927067085196416,0.1694062242433246,0.17915073910049434,0.2639359125001638
singleonly_subject052_Chest_Press_(rack)_record0001,526,accel_y_g,5,8,0.82,late,0.6604860460387071,2.416412363556245,0.36802225506736963,0.3845223717799432,0.5911021286649214
singleonly_subject052_Chest_Press_(rack)_record0001,526,accel_y_g,6,8,0.5,early,0.25818512849527736,1.5491107709716643,0.1577536654057308,0.17064726645553796,0.2594286007328528
singleonly_subject052_Chest_Press_(rack)_record0001,526,accel_y_g,6,8,0.5,middle,0.24009412401644914,1.4405647440986948,0.28037896892198166,0.2955386499675156,0.4190560092846184
singleonly_subject052_Chest_Press_(rack)_record0001,526,accel_y_g,6,8,0.5,late,0.5017207474882734,3.01032448492964,0.39311573363285696,0.4233377044257835,0.673057543072038
singleonly_subject052_Chest_Press_(rack)_record0001,526,accel_y_g,7,8,0.84,early,0.29852714524010054,1.066168375857502,0.22699941018842332,0.25549294744382706,0.4206025554008084
singleonly_subject052_Chest_Press_(rack)_record0001,526,accel_y_g,7,8,0.84,middle,0.046871177931726016,0.16739706404187865,0.2767123121482725,0.28717796534628326,0.4067146394016028
singleonly_subject052_Chest_Press_(rack)_record0001,526,accel_y_g,7,8,0.84,late,0.6546016768281735,2.3378631315291907,0.4818421471914444,0.4996948921131844,0.6775861339502053
singleonly_subject052_Chest_Press_(rack)_record0001,526,accel_y_g,8,8,1.38,early,0.14087281175738242,0.3062452429508314,0.05157320974967029,0.06444796004034867,0.153495255625847
singleonly_subject052_Chest_Press_(rack)_record0001,526,accel_y_g,8,8,1.38,middle,0.43761072464911643,0.951327662280688,0.17705466463465058,0.20194328613563037,0.3924733747081579
singleonly_subject052_Chest_Press_(rack)_record0001,526,accel_y_g,8,8,1.38,late,0.42151646359350115,0.9163401382467415,0.3589347755339052,0.400259178082716,0.6337711899764986
singleonly_subject052_Chest_Press_(rack)_record0002,526,accel_y_g,1,7,1.54,early,0.8865617361587126,1.7270683171922974,1.751276343253767,1.7946798739234437,2.5021392543646828
singleonly_subject052_Chest_Press_(rack)_record0002,526,accel_y_g,1,7,1.54,middle,0.0,0.0,1.6335257303427715,1.634619694474941,1.7545470197720061
singleonly_subject052_Chest_Press_(rack)_record0002,526,accel_y_g,1,7,1.54,late,0.11343826384128741,0.22098363085965075,1.7044542567286216,1.7073784280975524,1.953655349646996
singleonly_subject052_Chest_Press_(rack)_record0002,526,accel_y_g,2,7,1.74,early,0.9348087757969035,1.6117392686153509,0.5962618021838878,0.6215055465667539,0.8883660999281899
singleonly_subject052_Chest_Press_(rack)_record0002,526,accel_y_g,2,7,1.74,middle,0.0,0.0,0.4995634704189445,0.503663567258954,0.6291428989785623
singleonly_subject052_Chest_Press_(rack)_record0002,526,accel_y_g,2,7,1.74,late,0.06519122420309653,0.11239866241913193,0.5767482473939265,0.5866903954927718,0.8082444578273098
singleonly_subject052_Chest_Press_(rack)_record0002,526,accel_y_g,3,7,1.82,early,0.688860304768951,1.1354840188499191,0.47655617943220263,0.49715952992339746,0.7188040367476777
singleonly_subject052_Chest_Press_(rack)_record0002,526,accel_y_g,3,7,1.82,middle,0.0,0.0,0.3736048477751786,0.37922364172066875,0.563020079409661
singleonly_subject052_Chest_Press_(rack)_record0002,526,accel_y_g,3,7,1.82,late,0.311139695231049,0.512867629501729,0.5063712144489694,0.5216346519804372,0.8410501859731816
singleonly_subject052_Chest_Press_(rack)_record0002,526,accel_y_g,4,7,1.72,early,0.8621775091766681,1.5037979811220958,1.1241855775972125,1.1573435882534773,1.601135997037111
singleonly_subject052_Chest_Press_(rack)_record0002,526,accel_y_g,4,7,1.72,middle,0.0,0.0,0.9959420221510482,0.9983489890561795,1.1413463812387734
singleonly_subject052_Chest_Press_(rack)_record0002,526,accel_y_g,4,7,1.72,late,0.13782249082333187,0.2403880653895323,1.1068759306519387,1.1135950114317952,1.40211919918903
singleonly_subject052_Chest_Press_(rack)_record0002,526,accel_y_g,5,7,1.88,early,0.8550901146584088,1.3645055021144823,0.8695175806297514,0.9128971566167549,1.587852987715715
singleonly_subject052_Chest_Press_(rack)_record0002,526,accel_y_g,5,7,1.88,middle,0.0,0.0,0.7707593201021846,0.7739969218159375,0.8833477278282185
singleonly_subject052_Chest_Press_(rack)_record0002,526,accel_y_g,5,7,1.88,late,0.14490988534159122,0.2312391787365817,0.8393319974490705,0.8477437501249362,1.083565660411555
singleonly_subject052_Chest_Press_(rack)_record0002,526,accel_y_g,6,7,1.82,early,0.8675735730900139,1.4300663292692537,0.759372534454945,0.8012665602322242,1.357496150554756
singleonly_subject052_Chest_Press_(rack)_record0002,526,accel_y_g,6,7,1.82,middle,0.0,0.0,0.6470051400802512,0.6490087728862832,0.7546605298579125
singleonly_subject052_Chest_Press_(rack)_record0002,526,accel_y_g,6,7,1.82,late,0.13242642690998607,0.21828531908239457,0.7330462397337368,0.7426715551355804,1.0051585960163307
singleonly_subject052_Chest_Press_(rack)_record0002,526,accel_y_g,7,7,2.32,early,0.697720817151978,0.9022251945930752,0.5121457474544231,0.5348233077016344,0.771395870098328
singleonly_subject052_Chest_Press_(rack)_record0002,526,accel_y_g,7,7,2.32,middle,0.0,0.0,0.44167956508485984,0.4461717728818943,0.6282340559493134
singleonly_subject052_Chest_Press_(rack)_record0002,526,accel_y_g,7,7,2.32,late,0.302279182848022,0.3908782536827871,0.5716060798837992,0.5924372990187936,1.131835357797371
singleonly_subject052_Chest_Press_(rack)_record0003,526,accel_y_g,1,9,1.8,early,0.8835109154305892,1.4725181923843154,1.4840291097949976,1.517859598320846,1.934628872752763
singleonly_subject052_Chest_Press_(rack)_record0003,526,accel_y_g,1,9,1.8,middle,0.0,0.0,1.3713185049647432,1.3733486679486782,1.4952612803998133
singleonly_subject052_Chest_Press_(rack)_record0003,526,accel_y_g,1,9,1.8,late,0.11648908456941076,0.19414847428235124,1.504909864973671,1.5102624460077996,1.8948361729547456
singleonly_subject052_Chest_Press_(rack)_record0003,526,accel_y_g,2,9,1.8,early,0.9178148206373247,1.5296913677288746,0.5649084373618204,0.6076028676388616,1.2071537119319857
singleonly_subject052_Chest_Press_(rack)_record0003,526,accel_y_g,2,9,1.8,middle,0.0,0.0,0.41794795445540056,0.41963000537834155,0.5104831008682267
singleonly_subject052_Chest_Press_(rack)_record0003,526,accel_y_g,2,9,1.8,late,0.08218517936267533,0.1369752989377922,0.4885154549232587,0.49777348698510043,0.6940997904709393
singleonly_subject052_Chest_Press_(rack)_record0003,526,accel_y_g,3,9,1.7,early,0.8269493852711919,1.459322444596221,0.6403477856209133,0.6634066722637011,0.9030260070222901
singleonly_subject052_Chest_Press_(rack)_record0003,526,accel_y_g,3,9,1.7,middle,0.0,0.0,0.5516123424182854,0.55362081304703,0.6344465504472702
singleonly_subject052_Chest_Press_(rack)_record0003,526,accel_y_g,3,9,1.7,late,0.17305061472880812,0.30538343775672017,0.6348037674683101,0.6446491716992214,0.8849339898770121
singleonly_subject052_Chest_Press_(rack)_record0003,526,accel_y_g,4,9,1.8,early,0.8987906203215644,1.4979843672026074,0.3923943210468601,0.41633147904285245,0.6441314031533464
singleonly_subject052_Chest_Press_(rack)_record0003,526,accel_y_g,4,9,1.8,middle,0.0,0.0,0.26733263728490947,0.27224703690563024,0.3750310319716142
singleonly_subject052_Chest_Press_(rack)_record0003,526,accel_y_g,4,9,1.8,late,0.10120937967843557,0.16868229946405927,0.394305174566837,0.41135040472123496,0.7620817873635131
singleonly_subject052_Chest_Press_(rack)_record0003,526,accel_y_g,5,9,0.94,early,0.21547929526504359,0.6876998785054583,0.1772443200591557,0.19282358665197513,0.3172311853329931
singleonly_subject052_Chest_Press_(rack)_record0003,526,accel_y_g,5,9,0.94,middle,0.10755251247447126,0.34325269938661046,0.2310248435564525,0.24011799912767964,0.3803672098112374
singleonly_subject052_Chest_Press_(rack)_record0003,526,accel_y_g,5,9,0.94,late,0.6769681922604851,2.1605367838100586,0.3609009578706189,0.37607942941260897,0.5132096663561996
singleonly_subject052_Chest_Press_(rack)_record0003,526,accel_y_g,6,9,0.84,early,0.287063973135068,1.0252284754823857,0.08011271523383379,0.09233949143064911,0.15432726616969927
singleonly_subject052_Chest_Press_(rack)_record0003,526,accel_y_g,6,9,0.84,middle,0.07745544886462491,0.2766266030879461,0.12466190428849665,0.15763246360930264,0.3438083283881903
singleonly_subject052_Chest_Press_(rack)_record0003,526,accel_y_g,6,9,0.84,late,0.6354805780003071,2.2695734928582394,0.2154383818375252,0.2608692874804256,0.4968969076043358
singleonly_subject052_Chest_Press_(rack)_record0003,526,accel_y_g,7,9,0.76,early,0.33402026831396786,1.3185010591340838,0.1968765806819005,0.21702369172195127,0.3360167974667647
singleonly_subject052_Chest_Press_(rack)_record0003,526,accel_y_g,7,9,0.76,middle,0.21646290245679806,0.8544588254873609,0.2838246676958714,0.28776445442301807,0.3732671735975947
singleonly_subject052_Chest_Press_(rack)_record0003,526,accel_y_g,7,9,0.76,late,0.4495168292292341,1.774408536431187,0.3709935697431573,0.3764527849673775,0.49522719466633613
singleonly_subject052_Chest_Press_(rack)_record0003,526,accel_y_g,8,9,1.3,early,0.3573838501039637,0.8247319617783777,0.1279865833379896,0.17236169174859034,0.45141906780500374
singleonly_subject052_Chest_Press_(rack)_record0003,526,accel_y_g,8,9,1.3,middle,0.5274148773381073,1.2171112553956323,0.2441963590534179,0.2610177078232162,0.4438694138571723
singleonly_subject052_Chest_Press_(rack)_record0003,526,accel_y_g,8,9,1.3,late,0.115201272557929,0.26584909051829764,0.268732092111465,0.3095759637499915,0.6063171144105536
singleonly_subject052_Chest_Press_(rack)_record0003,526,accel_y_g,9,9,0.28,early,0.17415773838930357,1.865975768456824,0.0804286444709857,0.1074968325704824,0.2347160608430528
singleonly_subject052_Chest_Press_(rack)_record0003,526,accel_y_g,9,9,0.28,middle,0.35902557568070537,3.846702596578986,0.17327024428623714,0.17604007684745437,0.24067176563663814
singleonly_subject052_Chest_Press_(rack)_record0003,526,accel_y_g,9,9,0.28,late,0.46681668592999104,5.001607349249903,0.3391371832666561,0.3760446422258675,0.6049882878682171
singleonly_subject058_Chest_Press_(rack)_record0001,247,accel_z_g,1,14,2.08,early,0.3594260028055298,0.5184028886618218,0.08701343135675087,0.10180112418676397,0.23771799091360946
singleonly_subject058_Chest_Press_(rack)_record0001,247,accel_z_g,1,14,2.08,middle,0.0,0.0,0.0727409827384551,0.08731706673761666,0.15974708804131812
singleonly_subject058_Chest_Press_(rack)_record0001,247,accel_z_g,1,14,2.08,late,0.6405739971944702,0.9239048036458702,0.16610648178817655,0.2154914389387348,0.5804075712322017
singleonly_subject058_Chest_Press_(rack)_record0001,247,accel_z_g,2,14,1.82,early,0.18272331414725385,0.3011922760669019,0.07062404635703382,0.07640143802091404,0.13080347349471896
singleonly_subject058_Chest_Press_(rack)_record0001,247,accel_z_g,2,14,1.82,middle,0.0,0.0,0.0545345198345105,0.06349311913423247,0.13080347349471896
singleonly_subject058_Chest_Press_(rack)_record0001,247,accel_z_g,2,14,1.82,late,0.8172766858527462,1.3471593722847461,0.2067556547065667,0.2491776796282706,0.6075445216097106
singleonly_subject058_Chest_Press_(rack)_record0001,247,accel_z_g,3,14,1.02,early,0.2054588617792586,0.6042907699389959,0.047810532672114915,0.05576340870335945,0.10926957532694387
singleonly_subject058_Chest_Press_(rack)_record0001,247,accel_z_g,3,14,1.02,middle,0.6089663407431798,1.7910774727740584,0.21520651939840055,0.23197590928626174,0.40296001442042484
singleonly_subject058_Chest_Press_(rack)_record0001,247,accel_z_g,3,14,1.02,late,0.18557479747756156,0.545808227875181,0.3691191872172238,0.39758044583825775,0.6544276343848154
singleonly_subject058_Chest_Press_(rack)_record0001,247,accel_z_g,4,14,2.16,early,0.14691987993030498,0.20405538879209026,0.09425309853607143,0.0980877703781705,0.14271671298086797
singleonly_subject058_Chest_Press_(rack)_record0001,247,accel_z_g,4,14,2.16,middle,0.15585745655351868,0.21646868965766483,0.08500238455259125,0.09616305421486308,0.20170894453832186
singleonly_subject058_Chest_Press_(rack)_record0001,247,accel_z_g,4,14,2.16,late,0.6972226635161763,0.9683648104391337,0.35992932782845855,0.3865716876831047,0.6544451628601662
singleonly_subject058_Chest_Press_(rack)_record0001,247,accel_z_g,5,14,2.48,early,0.2606229034853622,0.31526964131293816,0.078864365490526,0.08763731411924974,0.14723975612961857
singleonly_subject058_Chest_Press_(rack)_record0001,247,accel_z_g,5,14,2.48,middle,0.0,0.0,0.06126073159484891,0.07205328676086863,0.15228125002397483
singleonly_subject058_Chest_Press_(rack)_record0001,247,accel_z_g,5,14,2.48,late,0.7393770965146378,0.8944077780419004,0.26661959816200553,0.30308919047955585,0.5717479139599522
singleonly_subject058_Chest_Press_(rack)_record0001,247,accel_z_g,6,14,2.56,early,0.256063813475558,0.30007478141666954,0.033828452613885486,0.04326336055648757,0.10093984667769407
singleonly_subject058_Chest_Press_(rack)_record0001,247,accel_z_g,6,14,2.56,middle,0.0634718890656526,0.07438111999881164,0.03997835527503556,0.05029750139019361,0.11108586867814321
singleonly_subject058_Chest_Press_(rack)_record0001,247,accel_z_g,6,14,2.56,late,0.6804642974587893,0.7974190985845186,0.2042017321061823,0.24687249900295197,0.4658045160340061
singleonly_subject058_Chest_Press_(rack)_record0001,247,accel_z_g,7,14,2.36,early,0.20280251427407986,0.25779980628061,0.08844727555120516,0.09678693338374952,0.1742502113380279
singleonly_subject058_Chest_Press_(rack)_record0001,247,accel_z_g,7,14,2.36,middle,0.006860076916327479,0.008720436758043406,0.08041125782994207,0.08785575144038295,0.15939209800969587
singleonly_subject058_Chest_Press_(rack)_record0001,247,accel_z_g,7,14,2.36,late,0.7903374088095927,1.0046661976393128,0.33715553994960257,0.3701242563256082,0.6824807557212931
singleonly_subject058_Chest_Press_(rack)_record0001,247,accel_z_g,8,14,2.62,early,0.2767382778881996,0.31687589071167893,0.07739475670795148,0.08698022983485053,0.1361905909597983
singleonly_subject058_Chest_Press_(rack)_record0001,247,accel_z_g,8,14,2.62,middle,0.025514835701563987,0.029215460726981664,0.08354123550105572,0.09381022272184446,0.16956401715351155
singleonly_subject058_Chest_Press_(rack)_record0001,247,accel_z_g,8,14,2.62,late,0.6977468864102364,0.7989468165002706,0.28812802319768915,0.32280226116647187,0.6786896606812417
singleonly_subject058_Chest_Press_(rack)_record0001,247,accel_z_g,9,14,2.42,early,0.22545945434407375,0.2794951913356286,0.032673703988625236,0.04418953951548317,0.12053879743773957
singleonly_subject058_Chest_Press_(rack)_record0001,247,accel_z_g,9,14,2.42,middle,0.0026896437944642915,0.0033342691666912705,0.03513764290420596,0.044062864864697834,0.10968879673246767
singleonly_subject058_Chest_Press_(rack)_record0001,247,accel_z_g,9,14,2.42,late,0.771850901861462,0.9568399609852833,0.23066692904442349,0.2751544597079487,0.5406288349787864
singleonly_subject058_Chest_Press_(rack)_record0001,247,accel_z_g,10,14,1.96,early,0.21997329589501372,0.33669382024746997,0.059274217668413995,0.06898733944666528,0.1265179250523189
singleonly_subject058_Chest_Press_(rack)_record0001,247,accel_z_g,10,14,1.96,middle,0.026257446958677544,0.04018996983471053,0.0660481761413338,0.07459090772863051,0.13346337386943014
singleonly_subject058_Chest_Press_(rack)_record0001,247,accel_z_g,10,14,1.96,late,0.7537692571463087,1.1537284548157785,0.15811334525706006,0.20764313420420905,0.5797246012157671
singleonly_subject058_Chest_Press_(rack)_record0001,247,accel_z_g,11,14,2.0,early,0.23157968209315047,0.34736952313972574,0.07324921561835353,0.0822384372347313,0.12961558409092022
singleonly_subject058_Chest_Press_(rack)_record0001,247,accel_z_g,11,14,2.0,middle,0.0020808174412836333,0.00312122616192545,0.09312887980258415,0.09956033507158497,0.1529835953255453
singleonly_subject058_Chest_Press_(rack)_record0001,247,accel_z_g,11,14,2.0,late,0.7663395004655659,1.1495092506983486,0.18358168171391662,0.2270920463560543,0.596764675920409
singleonly_subject058_Chest_Press_(rack)_record0001,247,accel_z_g,12,14,3.48,early,0.7628195574537524,0.6576030667704763,0.11324485692389165,0.1326757989062578,0.2563636359168694
singleonly_subject058_Chest_Press_(rack)_record0001,247,accel_z_g,12,14,3.48,middle,0.0,0.0,0.17552737955150022,0.17915526284420852,0.23708798606404008
singleonly_subject058_Chest_Press_(rack)_record0001,247,accel_z_g,12,14,3.48,late,0.2371804425462476,0.20446589874676513,0.14762380714957465,0.16215797788489442,0.2706121090133198
singleonly_subject058_Chest_Press_(rack)_record0001,247,accel_z_g,13,14,0.76,early,0.1408963878707167,0.5561699521212502,0.054738812583235534,0.06708890186548515,0.14217210549300072
singleonly_subject058_Chest_Press_(rack)_record0001,247,accel_z_g,13,14,0.76,middle,0.2536638632142797,1.001304723214262,0.13318516887811252,0.14442043707833488,0.24249945016831398
singleonly_subject058_Chest_Press_(rack)_record0001,247,accel_z_g,13,14,0.76,late,0.6054397489150036,2.3898937457171194,0.2920201499061048,0.30349470835454473,0.467930406865846
singleonly_subject058_Chest_Press_(rack)_record0001,247,accel_z_g,14,14,2.8,early,0.2988853724189722,0.3202343275917559,0.0558897831198643,0.06979904429348606,0.1430504265113111
singleonly_subject058_Chest_Press_(rack)_record0001,247,accel_z_g,14,14,2.8,middle,0.0854203647259063,0.09152181934918534,0.08403925867325711,0.09574074738600126,0.17121834865676702
singleonly_subject058_Chest_Press_(rack)_record0001,247,accel_z_g,14,14,2.8,late,0.6156942628551215,0.6596724244876302,0.23409394185682006,0.27367401740416103,0.4993085559736451
singleonly_subject059_Chest_Press_(rack)_record0001,248,accel_y_g,1,23,1.5,early,0.5239777907973171,1.0479555815946342,0.10850162703097128,0.1478197470949793,0.33975380124282467
singleonly_subject059_Chest_Press_(rack)_record0001,248,accel_y_g,1,23,1.5,middle,0.41224798455087697,0.8244959691017539,0.19561400634337078,0.20899977974476755,0.32443879475363147
singleonly_subject059_Chest_Press_(rack)_record0001,248,accel_y_g,1,23,1.5,late,0.06377422465180593,0.12754844930361187,0.23623295598233984,0.23890156252780204,0.3059660426617778
singleonly_subject059_Chest_Press_(rack)_record0001,248,accel_y_g,2,23,0.92,early,0.6904538507509788,2.251479948101018,1.142500565584042,1.2102975942926448,1.7047160440057685
singleonly_subject059_Chest_Press_(rack)_record0001,248,accel_y_g,2,23,0.92,middle,0.2681778187971049,0.8744928873818638,1.3590118888300944,1.3618149246228073,1.458137174428223
singleonly_subject059_Chest_Press_(rack)_record0001,248,accel_y_g,2,23,0.92,late,0.041368330451916346,0.1348967297345098,1.4450646945221672,1.4452317528809813,1.4921057011340204
singleonly_subject059_Chest_Press_(rack)_record0001,248,accel_y_g,3,23,0.92,early,0.34080661210960517,1.1113259090530605,0.1042255779029965,0.12778754524373898,0.2916006828896228
singleonly_subject059_Chest_Press_(rack)_record0001,248,accel_y_g,3,23,0.92,middle,0.5852138500231484,1.9083060326841796,0.1911096164807448,0.1975186279556848,0.3239416535559769
singleonly_subject059_Chest_Press_(rack)_record0001,248,accel_y_g,3,23,0.92,late,0.07397953786724643,0.24123762348015138,0.2799466497350782,0.28212773479589615,0.35795763024009186
singleonly_subject059_Chest_Press_(rack)_record0001,248,accel_y_g,4,23,0.74,early,0.5969010134793873,2.419868973565084,0.12216283615774183,0.1365513969706308,0.2299004388661381
singleonly_subject059_Chest_Press_(rack)_record0001,248,accel_y_g,4,23,0.74,middle,0.342497840424845,1.3885047584791015,0.17689200858961424,0.1845515699370332,0.23778486230550533
singleonly_subject059_Chest_Press_(rack)_record0001,248,accel_y_g,4,23,0.74,late,0.06060114609576772,0.2456803220098691,0.23281321349763603,0.23388615648087407,0.2683251534658216
singleonly_subject059_Chest_Press_(rack)_record0001,248,accel_y_g,5,23,0.9,early,0.6702678544044386,2.2342261813481286,0.30900969580607907,0.34694627978806214,0.6593989570220765
singleonly_subject059_Chest_Press_(rack)_record0001,248,accel_y_g,5,23,0.9,middle,0.25758164566501685,0.8586054855500562,0.43895125018778086,0.4453181465311188,0.5637616288488905
singleonly_subject059_Chest_Press_(rack)_record0001,248,accel_y_g,5,23,0.9,late,0.07215049993054456,0.2405016664351485,0.5332891778986977,0.5348123284374444,0.6454974103437443
singleonly_subject059_Chest_Press_(rack)_record0001,248,accel_y_g,6,23,0.62,early,0.25334455888917284,1.2258607688185783,0.09294866871576117,0.10818232381118033,0.2106424819674261
singleonly_subject059_Chest_Press_(rack)_record0001,248,accel_y_g,6,23,0.62,middle,0.2242953704921562,1.0853001798007558,0.08127770102039455,0.09633136440440798,0.16665976002213873
singleonly_subject059_Chest_Press_(rack)_record0001,248,accel_y_g,6,23,0.62,late,0.522360070618671,2.5275487288000202,0.12845682505267794,0.14411548286132195,0.2587208172251989
singleonly_subject059_Chest_Press_(rack)_record0001,248,accel_y_g,7,23,3.72,early,0.9858071610248904,0.795005775020073,0.1273504321504721,0.1446649690430589,0.2352806867523174
singleonly_subject059_Chest_Press_(rack)_record0001,248,accel_y_g,7,23,3.72,middle,0.0,0.0,0.11559522657043951,0.11864163411900062,0.18630526761656668
singleonly_subject059_Chest_Press_(rack)_record0001,248,accel_y_g,7,23,3.72,late,0.01419283897510959,0.011445837883152893,0.116545313887225,0.13689415121907061,0.26847840963488173
singleonly_subject059_Chest_Press_(rack)_record0001,248,accel_y_g,8,23,0.56,early,0.33637748044374177,1.8020222166629023,0.04166820680234569,0.049672780118207235,0.10722716863117751
singleonly_subject059_Chest_Press_(rack)_record0001,248,accel_y_g,8,23,0.56,middle,0.1944831154296704,1.0418738326589485,0.08016122502223857,0.09472595612813973,0.17684774485361188
singleonly_subject059_Chest_Press_(rack)_record0001,248,accel_y_g,8,23,0.56,late,0.46913940412658783,2.5132468078210057,0.11985059519412757,0.1379231349525479,0.24869849736976687
singleonly_subject059_Chest_Press_(rack)_record0001,248,accel_y_g,9,23,0.6,early,0.8076834089493642,4.038417044746821,0.30695787321311013,0.3423959598852963,0.5230715871520405
singleonly_subject059_Chest_Press_(rack)_record0001,248,accel_y_g,9,23,0.6,middle,0.1510082645760118,0.7550413228800591,0.3914855483123148,0.3935074096814491,0.4310326717171307
singleonly_subject059_Chest_Press_(rack)_record0001,248,accel_y_g,9,23,0.6,late,0.04130832647462401,0.20654163237312007,0.4309983654057651,0.43141192608079104,0.46495183066804774
singleonly_subject059_Chest_Press_(rack)_record0001,248,accel_y_g,10,23,0.96,early,0.3784939319523014,1.1827935373509422,0.0643800055704721,0.07994223920449325,0.1598906739842304
singleonly_subject059_Chest_Press_(rack)_record0001,248,accel_y_g,10,23,0.96,middle,0.05350238928482315,0.16719496651507237,0.06793818146912255,0.08209635783681478,0.1511084784239899
singleonly_subject059_Chest_Press_(rack)_record0001,248,accel_y_g,10,23,0.96,late,0.5680036787628755,1.7750114961339858,0.15201330399180363,0.15987125429807014,0.24635041611663408
singleonly_subject059_Chest_Press_(rack)_record0001,248,accel_y_g,11,23,1.06,early,0.617215110952025,1.7468352196755423,0.13746787374286812,0.16860858347617383,0.380118371001061
singleonly_subject059_Chest_Press_(rack)_record0001,248,accel_y_g,11,23,1.06,middle,0.08817746265318205,0.24955885656560958,0.1594391992658323,0.16801669630736538,0.2512235475875941
singleonly_subject059_Chest_Press_(rack)_record0001,248,accel_y_g,11,23,1.06,late,0.294607426394793,0.833794603004131,0.27416516238718636,0.2760218388789368,0.32661025141881295
singleonly_subject059_Chest_Press_(rack)_record0001,248,accel_y_g,12,23,0.62,early,0.4168229156125543,2.0168850755446175,0.0644102775199918,0.07809918251025805,0.14146586867557923
singleonly_subject059_Chest_Press_(rack)_record0001,248,accel_y_g,12,23,0.62,middle,0.14934094278508586,0.7226174650891252,0.04824021978711382,0.0570833906243936,0.10879749593185135
singleonly_subject059_Chest_Press_(rack)_record0001,248,accel_y_g,12,23,0.62,late,0.43383614160235984,2.099207136785612,0.11792100201194498,0.12974376905349658,0.2186317991986191
singleonly_subject059_Chest_Press_(rack)_record0001,248,accel_y_g,13,23,0.74,early,0.5506994362216346,2.2325652819796002,0.11717164472336672,0.14928461520780195,0.2927985788992994
singleonly_subject059_Chest_Press_(rack)_record0001,248,accel_y_g,13,23,0.74,middle,0.0,0.0,0.12069803636211238,0.1369067147933971,0.22634618331452822
singleonly_subject059_Chest_Press_(rack)_record0001,248,accel_y_g,13,23,0.74,late,0.44930056377836536,1.821488772074454,0.14272949166621177,0.18441152615398837,0.35700052552861694
singleonly_subject059_Chest_Press_(rack)_record0001,248,accel_y_g,14,23,0.6,early,0.2706811859619108,1.3534059298095542,0.06011059624548713,0.07073241269506171,0.1228153968924655
singleonly_subject059_Chest_Press_(rack)_record0001,248,accel_y_g,14,23,0.6,middle,0.5020546860341554,2.510273430170777,0.08630807637497291,0.10193921952585192,0.17198402097690513
singleonly_subject059_Chest_Press_(rack)_record0001,248,accel_y_g,14,23,0.6,late,0.2272641280039338,1.136320640019669,0.1642098929546494,0.16628810897309534,0.2020023234445387
singleonly_subject059_Chest_Press_(rack)_record0001,248,accel_y_g,15,23,0.96,early,0.3443128106095016,1.0759775331546926,0.10728187922765625,0.11857711092571677,0.22645322257552736
singleonly_subject059_Chest_Press_(rack)_record0001,248,accel_y_g,15,23,0.96,middle,0.6088701945695046,1.9027193580297024,0.23173821700310582,0.2377777507780305,0.3341907924406247
singleonly_subject059_Chest_Press_(rack)_record0001,248,accel_y_g,15,23,0.96,late,0.046816994820993774,0.14630310881560554,0.28155362609681106,0.2827442314169302,0.33724783282258114
singleonly_subject059_Chest_Press_(rack)_record0001,248,accel_y_g,16,23,0.66,early,0.305746212004747,1.3897555091124862,0.045095207703020224,0.05068905193980425,0.09547466497870224
singleonly_subject059_Chest_Press_(rack)_record0001,248,accel_y_g,16,23,0.66,middle,0.5101920396954998,2.3190547258886354,0.11796641051006182,0.12492981464854312,0.18032674299260812
singleonly_subject059_Chest_Press_(rack)_record0001,248,accel_y_g,16,23,0.66,late,0.1840617482997532,0.8366443104534235,0.1407165844794972,0.14665897505196113,0.2129043214016098
singleonly_subject059_Chest_Press_(rack)_record0001,248,accel_y_g,17,23,1.4,early,0.7298359480078986,1.56393417430264,0.06765497386641679,0.08339405103772016,0.16220852865441732
singleonly_subject059_Chest_Press_(rack)_record0001,248,accel_y_g,17,23,1.4,middle,0.2635327280608245,0.5647129887017669,0.1607685881396605,0.16375529159892244,0.2096462447871218
singleonly_subject059_Chest_Press_(rack)_record0001,248,accel_y_g,17,23,1.4,late,0.006631323931276856,0.014209979852736119,0.13881355183811436,0.1493187940053805,0.25215178713989117
singleonly_subject059_Chest_Press_(rack)_record0001,248,accel_y_g,18,23,3.04,early,0.5682030231681182,0.5607266676001167,0.23372209024011048,0.250527153950828,0.40125619076797947
singleonly_subject059_Chest_Press_(rack)_record0001,248,accel_y_g,18,23,3.04,middle,0.0,0.0,0.29483637586717043,0.29808814277968326,0.42333099927723156
singleonly_subject059_Chest_Press_(rack)_record0001,248,accel_y_g,18,23,3.04,late,0.4317969768318818,0.4261154376630412,0.26876480690502336,0.3411048855425632,1.2524196596845316
singleonly_subject059_Chest_Press_(rack)_record0001,248,accel_y_g,19,23,0.86,early,0.5039655846968621,1.7580194815006822,0.11175686607509913,0.1258741951602618,0.2286272521022989
singleonly_subject059_Chest_Press_(rack)_record0001,248,accel_y_g,19,23,0.86,middle,0.41651165660011935,1.452947639302742,0.2242785138523158,0.228220287430751,0.3412869342285805
singleonly_subject059_Chest_Press_(rack)_record0001,248,accel_y_g,19,23,0.86,late,0.0795227587030185,0.27740497221983196,0.2572635212616565,0.2593444822816305,0.32887341145591503
singleonly_subject059_Chest_Press_(rack)_record0001,248,accel_y_g,20,23,1.1,early,0.38548460275332236,1.0513216438726973,0.04545904878682349,0.061954385273801954,0.16327095092722188
singleonly_subject059_Chest_Press_(rack)_record0001,248,accel_y_g,20,23,1.1,middle,0.45102361493141613,1.2300644043584075,0.04777971109284788,0.058455524475395725,0.12570425807714644
singleonly_subject059_Chest_Press_(rack)_record0001,248,accel_y_g,20,23,1.1,late,0.1634917823152615,0.4458866790416222,0.13640988060738865,0.1496009412556751,0.2507285973782262
singleonly_subject059_Chest_Press_(rack)_record0001,248,accel_y_g,21,23,0.56,early,0.4093931317534397,2.193177491536284,0.05921903157394762,0.07834654744789964,0.1653563893449176
singleonly_subject059_Chest_Press_(rack)_record0001,248,accel_y_g,21,23,0.56,middle,0.2054706639957572,1.1007356999772706,0.13740631701509012,0.1503501678238265,0.26542156050743215
singleonly_subject059_Chest_Press_(rack)_record0001,248,accel_y_g,21,23,0.56,late,0.3851362042508031,2.0632296656293017,0.17994149183064104,0.18417777410130615,0.24492683281554245
singleonly_subject059_Chest_Press_(rack)_record0001,248,accel_y_g,22,23,0.6,early,0.30025008259651403,1.5012504129825703,0.06293234220546506,0.07191183634653543,0.13581514685713952
singleonly_subject059_Chest_Press_(rack)_record0001,248,accel_y_g,22,23,0.6,middle,0.32674887914065526,1.6337443957032765,0.13711260905168104,0.13912967468968138,0.20352808606852424
singleonly_subject059_Chest_Press_(rack)_record0001,248,accel_y_g,22,23,0.6,late,0.3730010382628307,1.8650051913141534,0.20439191168758206,0.20849205257894576,0.282129313473887
singleonly_subject059_Chest_Press_(rack)_record0001,248,accel_y_g,23,23,1.88,early,0.8140350957942737,1.2989921741397985,0.18294735746711108,0.20009915274521725,0.3064162181362155
singleonly_subject059_Chest_Press_(rack)_record0001,248,accel_y_g,23,23,1.88,middle,0.0,0.0,0.22676212407786123,0.2313433683140637,0.3107237021569207
singleonly_subject059_Chest_Press_(rack)_record0001,248,accel_y_g,23,23,1.88,late,0.1859649042057263,0.29675250671126535,0.23818106017148089,0.24606537367912085,0.401861919964333
singleonly_subject059_Chest_Press_(rack)_record0002,248,accel_z_g,1,14,1.56,early,0.35678042264520377,0.6861161973946226,0.10943418179578769,0.11744574950695713,0.18444425193116457
singleonly_subject059_Chest_Press_(rack)_record0002,248,accel_z_g,1,14,1.56,middle,0.0,0.0,0.11111269916543338,0.11567950101233311,0.18444425193116457
singleonly_subject059_Chest_Press_(rack)_record0002,248,accel_z_g,1,14,1.56,late,0.6432195773547962,1.2369607256823,0.20411889554496992,0.22804388841216425,0.5026002999123667
singleonly_subject059_Chest_Press_(rack)_record0002,248,accel_z_g,2,14,0.8,early,0.2700261891232404,1.0125982092121515,0.07560065233061695,0.08728155544768684,0.18337591029974148
singleonly_subject059_Chest_Press_(rack)_record0002,248,accel_z_g,2,14,0.8,middle,0.689312237172685,2.584920889397569,0.185274519114273,0.1958171291076866,0.3261478264584901
singleonly_subject059_Chest_Press_(rack)_record0002,248,accel_z_g,2,14,0.8,late,0.04066157370407464,0.15248090139027987,0.2640099662373766,0.2694063549699178,0.381991398596694
singleonly_subject059_Chest_Press_(rack)_record0002,248,accel_z_g,3,14,0.68,early,0.4453617342054468,1.9648311803181475,0.054164328544892386,0.06941574883444424,0.14080030801869764
singleonly_subject059_Chest_Press_(rack)_record0002,248,accel_z_g,3,14,0.68,middle,0.40722653122649044,1.7965876377639283,0.19250548992992159,0.19907045788242014,0.26591570936422515
singleonly_subject059_Chest_Press_(rack)_record0002,248,accel_z_g,3,14,0.68,late,0.14741173456806278,0.6503458878002768,0.19835146514605678,0.22091781711287997,0.30939668552437916
singleonly_subject059_Chest_Press_(rack)_record0002,248,accel_z_g,4,14,0.42,early,0.13802835096904678,0.9859167926360486,0.07115925644235915,0.08218559831309422,0.15388108754825078
singleonly_subject059_Chest_Press_(rack)_record0002,248,accel_z_g,4,14,0.42,middle,0.25402776397797,1.8144840284140715,0.11348203264206197,0.11741246678784384,0.17278443644089853
singleonly_subject059_Chest_Press_(rack)_record0002,248,accel_z_g,4,14,0.42,late,0.6079438850529832,4.342456321807023,0.24399113481329865,0.26124932868322304,0.43123565871257385
singleonly_subject059_Chest_Press_(rack)_record0002,248,accel_z_g,5,14,1.82,early,0.238155325935985,0.39256372407030493,0.026433092598125783,0.03516944530208547,0.10026490622638182
singleonly_subject059_Chest_Press_(rack)_record0002,248,accel_z_g,5,14,1.82,middle,0.16244931041353347,0.26777358859373646,0.03007613432470329,0.04230860829646446,0.13852282478748654
singleonly_subject059_Chest_Press_(rack)_record0002,248,accel_z_g,5,14,1.82,late,0.5993953636504815,0.9880143356876067,0.2099885034275349,0.2256295450053442,0.37699897649404185
singleonly_subject059_Chest_Press_(rack)_record0002,248,accel_z_g,6,14,0.96,early,0.32639456246685994,1.0199830077089376,0.11440025617970874,0.12347633948356206,0.19852193895666292
singleonly_subject059_Chest_Press_(rack)_record0002,248,accel_z_g,6,14,0.96,middle,0.5672288481974561,1.7725901506170507,0.24664079267095942,0.2573543411086473,0.40279624495580724
singleonly_subject059_Chest_Press_(rack)_record0002,248,accel_z_g,6,14,0.96,late,0.10637658933568395,0.3324268416740123,0.35767195984101696,0.3611716468510922,0.4508620391433318
singleonly_subject059_Chest_Press_(rack)_record0002,248,accel_z_g,7,14,1.76,early,0.2657824354150345,0.4530382421847179,0.03705217096595362,0.044919585389485525,0.11213197293081728
singleonly_subject059_Chest_Press_(rack)_record0002,248,accel_z_g,7,14,1.76,middle,0.11646874875080276,0.19852627627977742,0.03495458397256631,0.051030772547637306,0.15937120412363515
singleonly_subject059_Chest_Press_(rack)_record0002,248,accel_z_g,7,14,1.76,late,0.6177488158341627,1.052980936080959,0.2345486165391042,0.25903952211106795,0.4526098008029804
singleonly_subject059_Chest_Press_(rack)_record0002,248,accel_z_g,8,14,1.74,early,0.48052441712331334,0.8284903743505403,0.08849756420965356,0.10434219981560197,0.2290616983717325
singleonly_subject059_Chest_Press_(rack)_record0002,248,accel_z_g,8,14,1.74,middle,0.0,0.0,0.07602811599586727,0.09347122770075711,0.1740425731570763
singleonly_subject059_Chest_Press_(rack)_record0002,248,accel_z_g,8,14,1.74,late,0.5194755828766866,0.8956475566839424,0.23383315948166392,0.24469126571995012,0.36931153854679855
singleonly_subject059_Chest_Press_(rack)_record0002,248,accel_z_g,9,14,1.72,early,0.4557432682706571,0.7949010493092857,0.08106358720147488,0.09326693662009745,0.16856877378324175
singleonly_subject059_Chest_Press_(rack)_record0002,248,accel_z_g,9,14,1.72,middle,0.03976636124202343,0.06935993239887808,0.07821546523378431,0.0950586943502506,0.20822392875058834
singleonly_subject059_Chest_Press_(rack)_record0002,248,accel_z_g,9,14,1.72,late,0.5044903704873195,0.8799250648034642,0.23945031684623058,0.24697496503817884,0.3747787297007007
singleonly_subject059_Chest_Press_(rack)_record0002,248,accel_z_g,10,14,1.44,early,0.36934169479248846,0.7694618641510177,0.056026716479174316,0.0686317171050158,0.1682245157456292
singleonly_subject059_Chest_Press_(rack)_record0002,248,accel_z_g,10,14,1.44,middle,0.0,0.0,0.07010533068649442,0.08227226015060506,0.16457146426606084
singleonly_subject059_Chest_Press_(rack)_record0002,248,accel_z_g,10,14,1.44,late,0.6306583052075115,1.3138714691823157,0.16980308817994344,0.185822921435,0.31218735488796706
singleonly_subject059_Chest_Press_(rack)_record0002,248,accel_z_g,11,14,2.02,early,0.38034291620066296,0.5648657171296975,0.06412290356607293,0.07389941820302276,0.1432525047969468
singleonly_subject059_Chest_Press_(rack)_record0002,248,accel_z_g,11,14,2.02,middle,0.23145896470031302,0.3437509376737322,0.08281717353602266,0.09587911552370355,0.20637366386747188
singleonly_subject059_Chest_Press_(rack)_record0002,248,accel_z_g,11,14,2.02,late,0.388198119099024,0.5765318600480553,0.20792902282637316,0.216160172589956,0.331234830916954
singleonly_subject059_Chest_Press_(rack)_record0002,248,accel_z_g,12,14,1.46,early,0.5867712919463788,1.2056944355062578,0.09340629102431419,0.10831615713453731,0.23085524031217336
singleonly_subject059_Chest_Press_(rack)_record0002,248,accel_z_g,12,14,1.46,middle,0.0,0.0,0.11203785846792659,0.12067812197532583,0.21700924455867937
singleonly_subject059_Chest_Press_(rack)_record0002,248,accel_z_g,12,14,1.46,late,0.4132287080536212,0.8491000850416874,0.11998471764747137,0.1439926852550588,0.30518455437196773
singleonly_subject059_Chest_Press_(rack)_record0002,248,accel_z_g,13,14,1.78,early,0.4395402457847462,0.7407981670529431,0.06518047773544003,0.07823749667061047,0.1551317599078174
singleonly_subject059_Chest_Press_(rack)_record0002,248,accel_z_g,13,14,1.78,middle,0.0,0.0,0.0630125626550844,0.07855441700485885,0.21521240548086296
singleonly_subject059_Chest_Press_(rack)_record0002,248,accel_z_g,13,14,1.78,late,0.5604597542152538,0.9445950913740233,0.1803097728621842,0.1968214814454046,0.33678402172787947
singleonly_subject059_Chest_Press_(rack)_record0002,248,accel_z_g,14,14,1.52,early,0.3623415605452305,0.7151478168655866,0.14513372744784783,0.15553021694438418,0.24973568237950958
singleonly_subject059_Chest_Press_(rack)_record0002,248,accel_z_g,14,14,1.52,middle,0.0,0.0,0.13893155247778574,0.149813580778035,0.2759569419015303
singleonly_subject059_Chest_Press_(rack)_record0002,248,accel_z_g,14,14,1.52,late,0.6376584394547695,1.2585363936607292,0.18041028632255646,0.20863655591335376,0.5749812551844685
singleonly_subject069_Chest_Press_(rack)_record0001,543,accel_y_g,1,10,2.74,early,0.5865580723685687,0.642216867556827,0.06965362344759844,0.10047284737298111,0.29846346545670843
singleonly_subject069_Chest_Press_(rack)_record0001,543,accel_y_g,1,10,2.74,middle,0.23408424018033913,0.25629661333613774,0.07488599496568911,0.09888545071247452,0.25674764967553276
singleonly_subject069_Chest_Press_(rack)_record0001,543,accel_y_g,1,10,2.74,late,0.17935768745109215,0.19637703005594026,0.15812885891646977,0.18036194907056827,0.4114910923643187
singleonly_subject069_Chest_Press_(rack)_record0001,543,accel_y_g,2,10,1.76,early,0.6292397768218866,1.072567801400943,0.1863473229000532,0.20411721315892525,0.33343094291822106
singleonly_subject069_Chest_Press_(rack)_record0001,543,accel_y_g,2,10,1.76,middle,0.28533944060049976,0.4863740464781246,0.2554817412708293,0.270944214951449,0.42082760182400547
singleonly_subject069_Chest_Press_(rack)_record0001,543,accel_y_g,2,10,1.76,late,0.08542078257761365,0.1456036066663869,0.2717028940565136,0.2801945474033989,0.4107933333313081
singleonly_subject069_Chest_Press_(rack)_record0001,543,accel_y_g,3,10,2.26,early,0.5932560514941496,0.7875080329568359,0.18302418279946284,0.20016492019374324,0.3793142239856484
singleonly_subject069_Chest_Press_(rack)_record0001,543,accel_y_g,3,10,2.26,middle,0.0,0.0,0.2180120891172763,0.2286324418247715,0.3887658262994398
singleonly_subject069_Chest_Press_(rack)_record0001,543,accel_y_g,3,10,2.26,late,0.4067439485058504,0.5399255953617483,0.30085617900342876,0.32906611073432485,0.5709833528463225
singleonly_subject069_Chest_Press_(rack)_record0001,543,accel_y_g,4,10,2.18,early,0.5344914162512165,0.7355386462172705,0.2606310120205248,0.27445547475822357,0.4062049678465448
singleonly_subject069_Chest_Press_(rack)_record0001,543,accel_y_g,4,10,2.18,middle,0.04431256821743845,0.06098059846436484,0.2928973868662054,0.30003815336611395,0.44123572129754374
singleonly_subject069_Chest_Press_(rack)_record0001,543,accel_y_g,4,10,2.18,late,0.421196015531345,0.5796275443091903,0.3668626521592313,0.39490910008797503,0.7832439801484516
singleonly_subject069_Chest_Press_(rack)_record0001,543,accel_y_g,5,10,2.38,early,0.6375678850660803,0.8036569979824543,0.14393763483222355,0.15951406644763916,0.25515388882997514
singleonly_subject069_Chest_Press_(rack)_record0001,543,accel_y_g,5,10,2.38,middle,0.0,0.0,0.15237026299522705,0.16307221857019671,0.2734193051253768
singleonly_subject069_Chest_Press_(rack)_record0001,543,accel_y_g,5,10,2.38,late,0.3624321149339197,0.4568472036982181,0.23011462307436154,0.25227447511214834,0.49443413539388226
singleonly_subject069_Chest_Press_(rack)_record0001,543,accel_y_g,6,10,2.36,early,0.6342649448821512,0.8062689977315483,0.15248206879524828,0.16855334145398201,0.3195199764327358
singleonly_subject069_Chest_Press_(rack)_record0001,543,accel_y_g,6,10,2.36,middle,0.0,0.0,0.13748591881497937,0.14374620404015379,0.2247754831045778
singleonly_subject069_Chest_Press_(rack)_record0001,543,accel_y_g,6,10,2.36,late,0.36573505511784876,0.4649174429464179,0.23135181682009118,0.2674764447651876,0.5087696823800582
singleonly_subject069_Chest_Press_(rack)_record0001,543,accel_y_g,7,10,2.38,early,0.4813794286519859,0.6067807924184697,0.11558638937844788,0.1300135387612709,0.2530964827470449
singleonly_subject069_Chest_Press_(rack)_record0001,543,accel_y_g,7,10,2.38,middle,0.0626995264485396,0.07903301653177261,0.12175527731553504,0.1336041175480192,0.24449346200973346
singleonly_subject069_Chest_Press_(rack)_record0001,543,accel_y_g,7,10,2.38,late,0.4559210448994745,0.57469039273043,0.2065665097014443,0.22561282279760217,0.3713261707990313
singleonly_subject069_Chest_Press_(rack)_record0001,543,accel_y_g,8,10,2.68,early,0.6905629235046358,0.7730181979529505,0.14830606316297965,0.16182685837998206,0.26858793209403337
singleonly_subject069_Chest_Press_(rack)_record0001,543,accel_y_g,8,10,2.68,middle,0.0,0.0,0.1251160248404998,0.1312443182269016,0.22139384472524992
singleonly_subject069_Chest_Press_(rack)_record0001,543,accel_y_g,8,10,2.68,late,0.3094370764953642,0.3463847871216763,0.21197925480788785,0.22217495384351443,0.3477514676168164
singleonly_subject069_Chest_Press_(rack)_record0001,543,accel_y_g,9,10,3.88,early,0.5042703785820633,0.38989977725417263,0.1414398111746029,0.156554113746365,0.2856195022265924
singleonly_subject069_Chest_Press_(rack)_record0001,543,accel_y_g,9,10,3.88,middle,0.0026259882856282113,0.0020304033136300604,0.15479454165849227,0.16572111891302335,0.29721649581728904
singleonly_subject069_Chest_Press_(rack)_record0001,543,accel_y_g,9,10,3.88,late,0.49310363313230854,0.3812656957208571,0.2843105676382678,0.3102000114760152,0.6412732135877637
singleonly_subject069_Chest_Press_(rack)_record0001,543,accel_y_g,10,10,0.62,early,0.8386047144399489,4.057764747290075,0.5056156433291312,0.5342080263761089,0.7262680024164452
singleonly_subject069_Chest_Press_(rack)_record0001,543,accel_y_g,10,10,0.62,middle,0.0,0.0,0.47960182772616156,0.4951229860409359,0.7152522049592552
singleonly_subject069_Chest_Press_(rack)_record0001,543,accel_y_g,10,10,0.62,late,0.16139528556005112,0.7809449301292795,0.5090894010618143,0.5200995834338938,0.6870120858840282
singleonly_subject069_Chest_Press_(rack)_record0002,543,accel_x_g,1,10,1.78,early,0.6359439546341504,1.0718156538777817,0.11257786786488713,0.1448402224042512,0.3103565149902089
singleonly_subject069_Chest_Press_(rack)_record0002,543,accel_x_g,1,10,1.78,middle,0.16763604782262143,0.2825326648695867,0.32420697589759,0.32758202245847035,0.421503203718098
singleonly_subject069_Chest_Press_(rack)_record0002,543,accel_x_g,1,10,1.78,late,0.19641999754322814,0.33104493967959797,0.3136876178759967,0.32607737628703226,0.496375310711071
singleonly_subject069_Chest_Press_(rack)_record0002,543,accel_x_g,2,10,1.98,early,0.4679863858634767,0.7090702816113283,0.2629881835954264,0.275644462481455,0.4581559737337796
singleonly_subject069_Chest_Press_(rack)_record0002,543,accel_x_g,2,10,1.98,middle,0.15175432407428252,0.22993079405194325,0.4047088199430686,0.40544513911489743,0.4467720189396932
singleonly_subject069_Chest_Press_(rack)_record0002,543,accel_x_g,2,10,1.98,late,0.3802592900622408,0.5761504394882436,0.5011574220451865,0.505731430116085,0.6622105402742674
singleonly_subject069_Chest_Press_(rack)_record0002,543,accel_x_g,3,10,1.94,early,0.44492826421708087,0.6880333982738365,0.10939113816682274,0.12919249797419255,0.2777631885200812
singleonly_subject069_Chest_Press_(rack)_record0002,543,accel_x_g,3,10,1.94,middle,0.1847747373912324,0.2857341299864419,0.2931718503825772,0.2945344109607582,0.33709137398540967
singleonly_subject069_Chest_Press_(rack)_record0002,543,accel_x_g,3,10,1.94,late,0.3702969983916867,0.5726242243170413,0.3518084360616176,0.3603273457080121,0.5435757438018515
singleonly_subject069_Chest_Press_(rack)_record0002,543,accel_x_g,4,10,2.0,early,0.5567495284479238,0.8351242926718857,0.1784853515481826,0.19643128359434084,0.3408603649524965
singleonly_subject069_Chest_Press_(rack)_record0002,543,accel_x_g,4,10,2.0,middle,0.12101573144700228,0.18152359717050343,0.3396771037869966,0.3412436444290765,0.41061088119566114
singleonly_subject069_Chest_Press_(rack)_record0002,543,accel_x_g,4,10,2.0,late,0.3222347401050739,0.4833521101576108,0.3742818737423682,0.38185482409471283,0.5752856170058828
singleonly_subject069_Chest_Press_(rack)_record0002,543,accel_x_g,5,10,1.92,early,0.4779572961103703,0.7468082751724537,0.1322717956243346,0.14501337679647489,0.22660888153329328
singleonly_subject069_Chest_Press_(rack)_record0002,543,accel_x_g,5,10,1.92,middle,0.30336492614604393,0.47400769710319374,0.30079316410691054,0.32189963119625736,0.8262189700290427
singleonly_subject069_Chest_Press_(rack)_record0002,543,accel_x_g,5,10,1.92,late,0.21867777774358577,0.34168402772435275,0.3660871289354542,0.3718095826762025,0.47088772839929216
singleonly_subject069_Chest_Press_(rack)_record0002,543,accel_x_g,6,10,1.66,early,0.3712961381512946,0.671017117140894,0.11411566507889351,0.12968991105530833,0.2026341214102444
singleonly_subject069_Chest_Press_(rack)_record0002,543,accel_x_g,6,10,1.66,middle,0.260771233001031,0.47127331265246575,0.2598598050718896,0.2627850595305997,0.325386345447934
singleonly_subject069_Chest_Press_(rack)_record0002,543,accel_x_g,6,10,1.66,late,0.3679326288476744,0.664938485869291,0.2945272508481616,0.30668547571451416,0.5540485483540525
singleonly_subject069_Chest_Press_(rack)_record0002,543,accel_x_g,7,10,1.92,early,0.4255459178341827,0.6649154966159107,0.10967032332448229,0.13038177964903508,0.24724745664773007
singleonly_subject069_Chest_Press_(rack)_record0002,543,accel_x_g,7,10,1.92,middle,0.24990042748346553,0.39046941794291495,0.30093006608568623,0.3027542741487765,0.3872879491375426
singleonly_subject069_Chest_Press_(rack)_record0002,543,accel_x_g,7,10,1.92,late,0.32455365468235176,0.5071150854411746,0.33055794979267106,0.3375169647746018,0.525959980313199
singleonly_subject069_Chest_Press_(rack)_record0002,543,accel_x_g,8,10,1.98,early,0.47579295367418983,0.7208984146578634,0.13651580366200036,0.15038406041161081,0.2507563457555203
singleonly_subject069_Chest_Press_(rack)_record0002,543,accel_x_g,8,10,1.98,middle,0.17673963044098706,0.2677873188499804,0.27672451741751386,0.27850308067508345,0.32946772222909604
singleonly_subject069_Chest_Press_(rack)_record0002,543,accel_x_g,8,10,1.98,late,0.3474674158848231,0.5264657816436713,0.3214767547173717,0.3271015169163838,0.4872823119960843
singleonly_subject069_Chest_Press_(rack)_record0002,543,accel_x_g,9,10,2.0,early,0.5403064187049326,0.8104596280573989,0.13946442197254186,0.15966101799543864,0.2813494134330189
singleonly_subject069_Chest_Press_(rack)_record0002,543,accel_x_g,9,10,2.0,middle,0.14124215096552528,0.21186322644828792,0.2874307859721979,0.288562460618569,0.35370945633194817
singleonly_subject069_Chest_Press_(rack)_record0002,543,accel_x_g,9,10,2.0,late,0.31845143032954215,0.47767714549431317,0.3509675027152691,0.35563121580930923,0.49999764329382657
singleonly_subject069_Chest_Press_(rack)_record0002,543,accel_x_g,10,10,1.98,early,0.48835266651135106,0.7399282825929563,0.08769311639389235,0.10795104971846022,0.21850028499128182
singleonly_subject069_Chest_Press_(rack)_record0002,543,accel_x_g,10,10,1.98,middle,0.2564884133115953,0.3886188080478717,0.23880708477514492,0.24142851032849577,0.29031475260413797
singleonly_subject069_Chest_Press_(rack)_record0002,543,accel_x_g,10,10,1.98,late,0.25515892017705366,0.38660442451068733,0.26911413212067636,0.2731894586623694,0.39539883316077173
singleonly_subject076_Chest_Press_(rack)_record0001,454,accel_z_g,1,19,1.22,early,0.2945471219044776,0.7242962014044533,0.17037185744357178,0.1780055547002291,0.2435973905255167
singleonly_subject076_Chest_Press_(rack)_record0001,454,accel_z_g,1,19,1.22,middle,0.026451756289727624,0.06504530235178925,0.15964287584356004,0.16409874250721554,0.23239384296233878
singleonly_subject076_Chest_Press_(rack)_record0001,454,accel_z_g,1,19,1.22,late,0.6790011218057947,1.6696748896863804,0.345592640365714,0.3667891461105997,0.6090810595146678
singleonly_subject076_Chest_Press_(rack)_record0001,454,accel_z_g,2,19,1.22,early,0.5029535019984283,1.2367709065535122,0.3377347246024968,0.351404572203305,0.4599340743467713
singleonly_subject076_Chest_Press_(rack)_record0001,454,accel_z_g,2,19,1.22,middle,0.06576169201497573,0.16170907872535017,0.42681774811184453,0.4288428181310955,0.49328926540001006
singleonly_subject076_Chest_Press_(rack)_record0001,454,accel_z_g,2,19,1.22,late,0.431284805986596,1.0605364081637607,0.5860097187473292,0.5936385918149385,0.8122851499425068
singleonly_subject076_Chest_Press_(rack)_record0001,454,accel_z_g,3,19,1.06,early,0.5384362062363081,1.5238760553857775,0.2789853881978716,0.3060938302178265,0.4360017961062848
singleonly_subject076_Chest_Press_(rack)_record0001,454,accel_z_g,3,19,1.06,middle,0.0,0.0,0.3656170931684821,0.37124459358036493,0.5026195528605716
singleonly_subject076_Chest_Press_(rack)_record0001,454,accel_z_g,3,19,1.06,late,0.46156379376369194,1.3063126238595053,0.5298675174354842,0.5368995195981308,0.7756768186881577
singleonly_subject076_Chest_Press_(rack)_record0001,454,accel_z_g,4,19,0.98,early,0.47788618582302017,1.4629168953765923,0.4349803176730052,0.458133232828895,0.5672432230094961
singleonly_subject076_Chest_Press_(rack)_record0001,454,accel_z_g,4,19,0.98,middle,0.10994686325409947,0.33657203036969224,0.5161975544429886,0.5177689453117145,0.6076238721219462
singleonly_subject076_Chest_Press_(rack)_record0001,454,accel_z_g,4,19,0.98,late,0.41216695092288036,1.2617355640496335,0.6960142018002248,0.7050481034883749,0.9302894758187275
singleonly_subject076_Chest_Press_(rack)_record0001,454,accel_z_g,5,19,1.1,early,0.5151830876512409,1.405044784503384,0.27505181440550114,0.2929813452982437,0.39837795164797907
singleonly_subject076_Chest_Press_(rack)_record0001,454,accel_z_g,5,19,1.1,middle,0.03493334635932621,0.0952727627981624,0.3661443201957545,0.3703233991535812,0.46967044690256177
singleonly_subject076_Chest_Press_(rack)_record0001,454,accel_z_g,5,19,1.1,late,0.4498835659894329,1.2269551799711804,0.5295777472305978,0.5365002706611449,0.6864591915613623
singleonly_subject076_Chest_Press_(rack)_record0001,454,accel_z_g,6,19,1.04,early,0.5727261389098405,1.6520946314706937,0.40199768410196185,0.4249553201260364,0.5886577603199384
singleonly_subject076_Chest_Press_(rack)_record0001,454,accel_z_g,6,19,1.04,middle,0.0034049112985059526,0.009821859514921016,0.49472453933214516,0.4967589469437866,0.5852014391432852
singleonly_subject076_Chest_Press_(rack)_record0001,454,accel_z_g,6,19,1.04,late,0.42386894979165357,1.2226988936297696,0.6452723955019104,0.65495670576062,0.896718058992301
singleonly_subject076_Chest_Press_(rack)_record0001,454,accel_z_g,7,19,1.06,early,0.5705048939217955,1.6146364922314966,0.41715284652810003,0.4465428012169255,0.615630180768367
singleonly_subject076_Chest_Press_(rack)_record0001,454,accel_z_g,7,19,1.06,middle,0.03745796692968417,0.10601311395193634,0.530268451296812,0.533109266788745,0.6413301495542241
singleonly_subject076_Chest_Press_(rack)_record0001,454,accel_z_g,7,19,1.06,late,0.39203713914852034,1.10953907306185,0.6454291469734734,0.6616114366552642,0.8701968708856751
singleonly_subject076_Chest_Press_(rack)_record0001,454,accel_z_g,8,19,1.1,early,0.5721685329759864,1.5604596353890536,0.28776018554781746,0.3148479066250448,0.4541807324601702
singleonly_subject076_Chest_Press_(rack)_record0001,454,accel_z_g,8,19,1.1,middle,0.04208830904364391,0.11478629739175611,0.40614428569073235,0.4077301088077688,0.462455978487386
singleonly_subject076_Chest_Press_(rack)_record0001,454,accel_z_g,8,19,1.1,late,0.38574315798036973,1.0520267944919173,0.5523462646037585,0.5577422327374804,0.7284970188126292
singleonly_subject076_Chest_Press_(rack)_record0001,454,accel_z_g,9,19,1.06,early,0.5579840099164617,1.5792000280654577,0.5050102621855406,0.5286879670266257,0.7028870456443631
singleonly_subject076_Chest_Press_(rack)_record0001,454,accel_z_g,9,19,1.06,middle,0.04838499119837292,0.1369386543350177,0.5807899762548765,0.5822892019003707,0.7040615892187998
singleonly_subject076_Chest_Press_(rack)_record0001,454,accel_z_g,9,19,1.06,late,0.3936309988851654,1.1140499968448077,0.7837019898297262,0.7880355665719763,1.0245658094272008
singleonly_subject076_Chest_Press_(rack)_record0001,454,accel_z_g,10,19,1.12,early,0.5495201268838714,1.471928911296084,0.40967874109026714,0.4306538869779133,0.5553964160280461
singleonly_subject076_Chest_Press_(rack)_record0001,454,accel_z_g,10,19,1.12,middle,0.00625276034051081,0.01674846519779681,0.49311484346933554,0.4944775625530938,0.5484746658533062
singleonly_subject076_Chest_Press_(rack)_record0001,454,accel_z_g,10,19,1.12,late,0.44422711277561777,1.1898940520775474,0.6534884430356659,0.6602143142423312,0.8475722000409326
singleonly_subject076_Chest_Press_(rack)_record0001,454,accel_z_g,11,19,1.18,early,0.5877072328375714,1.4941709309429783,0.4038395579371028,0.43368753216333583,0.5569421592994267
singleonly_subject076_Chest_Press_(rack)_record0001,454,accel_z_g,11,19,1.18,middle,0.019495201609810442,0.04956407188934858,0.473247553621112,0.47468449014883574,0.5642552845420364
singleonly_subject076_Chest_Press_(rack)_record0001,454,accel_z_g,11,19,1.18,late,0.39279756555261813,0.9986378785236053,0.7065926312164763,0.7118094129432115,0.8567544943919398
singleonly_subject076_Chest_Press_(rack)_record0001,454,accel_z_g,12,19,1.02,early,0.528349972995588,1.5539705088105529,0.38392316243809754,0.4071629296269538,0.5394170330378605
singleonly_subject076_Chest_Press_(rack)_record0001,454,accel_z_g,12,19,1.02,middle,0.002085723816855567,0.00613448181428108,0.4641096870740858,0.4683127652989669,0.5652932520865673
singleonly_subject076_Chest_Press_(rack)_record0001,454,accel_z_g,12,19,1.02,late,0.4695643031875565,1.3810714799634014,0.617152640157305,0.632785733098679,0.8183612182516062
singleonly_subject076_Chest_Press_(rack)_record0001,454,accel_z_g,13,19,1.08,early,0.528877542975559,1.4691042860432195,0.39036758317048065,0.4120922009627253,0.5532130620125512
singleonly_subject076_Chest_Press_(rack)_record0001,454,accel_z_g,13,19,1.08,middle,0.0,0.0,0.46260177818582193,0.46744590604855946,0.5789502612835719
singleonly_subject076_Chest_Press_(rack)_record0001,454,accel_z_g,13,19,1.08,late,0.471122457024441,1.3086734917345582,0.6533291488568995,0.6650426696763677,0.8974909757643939
singleonly_subject076_Chest_Press_(rack)_record0001,454,accel_z_g,14,19,1.2,early,0.6783563495978921,1.6958908739947305,0.6656802854188091,0.6910073605870121,0.8678841187851967
singleonly_subject076_Chest_Press_(rack)_record0001,454,accel_z_g,14,19,1.2,middle,0.01405902641015988,0.0351475660253997,0.7348137760993355,0.7360205866491396,0.8417429046121484
singleonly_subject076_Chest_Press_(rack)_record0001,454,accel_z_g,14,19,1.2,late,0.30758462399194797,0.7689615599798699,0.901641925268939,0.9039330822277614,1.105034586921319
singleonly_subject076_Chest_Press_(rack)_record0001,454,accel_z_g,15,19,1.16,early,0.5136540214744383,1.32841557277872,0.37657756053750324,0.3982151881547294,0.4904475654775338
singleonly_subject076_Chest_Press_(rack)_record0001,454,accel_z_g,15,19,1.16,middle,0.048293041954395766,0.12489579815792011,0.45152245431237337,0.4528531837304694,0.5359087590774432
singleonly_subject076_Chest_Press_(rack)_record0001,454,accel_z_g,15,19,1.16,late,0.43805293657116595,1.1328955256150843,0.6250423259468232,0.6304627427153531,0.7613995538536711
singleonly_subject076_Chest_Press_(rack)_record0001,454,accel_z_g,16,19,1.14,early,0.5384993167145394,1.417103465038262,0.36141587334505243,0.3784284236664492,0.4753773791920512
singleonly_subject076_Chest_Press_(rack)_record0001,454,accel_z_g,16,19,1.14,middle,0.09300266929606649,0.24474386656859606,0.419873561277739,0.42260707675655,0.5231923780316229
singleonly_subject076_Chest_Press_(rack)_record0001,454,accel_z_g,16,19,1.14,late,0.3684980139893941,0.9697316157615633,0.6103612372780267,0.6133035453038607,0.7520423213103786
singleonly_subject076_Chest_Press_(rack)_record0001,454,accel_z_g,17,19,1.06,early,0.5519600239505451,1.5621510111807881,0.4597849871504275,0.47733893025631396,0.531355455429982
singleonly_subject076_Chest_Press_(rack)_record0001,454,accel_z_g,17,19,1.06,middle,0.13422409532657054,0.3798795150751996,0.5394292267490679,0.5405863632055672,0.6143167334266006
singleonly_subject076_Chest_Press_(rack)_record0001,454,accel_z_g,17,19,1.06,late,0.31381588072288435,0.8881581529892952,0.7165968022867452,0.7208916158931704,0.9135979013029827
singleonly_subject076_Chest_Press_(rack)_record0001,454,accel_z_g,18,19,1.04,early,0.4855328805183853,1.4005756168799575,0.2297547992049224,0.2556531671556141,0.36418279168789813
singleonly_subject076_Chest_Press_(rack)_record0001,454,accel_z_g,18,19,1.04,middle,0.040754997685113814,0.11756249332244369,0.28461417781911036,0.3068155776348332,0.5380398203756922
singleonly_subject076_Chest_Press_(rack)_record0001,454,accel_z_g,18,19,1.04,late,0.4737121217965009,1.3664772744129832,0.4466720984503497,0.4818662864351072,0.7406974721157723
singleonly_subject076_Chest_Press_(rack)_record0001,454,accel_z_g,19,19,1.06,early,0.42651149413927936,1.2071080022809793,0.2770375795843639,0.2960190150791138,0.3723874115400031
singleonly_subject076_Chest_Press_(rack)_record0001,454,accel_z_g,19,19,1.06,middle,0.18522667514294033,0.5242264390837934,0.3417820917786001,0.3456935159214814,0.4569323161365838
singleonly_subject076_Chest_Press_(rack)_record0001,454,accel_z_g,19,19,1.06,late,0.3882618307177803,1.0988542378805102,0.5975111461182834,0.6026620559782118,0.8064343973148059
singleonly_subject080_Chest_Press_(rack)_record0001,560,accel_x_g,1,14,1.66,early,0.6420568128611603,1.1603436377008924,0.10165353532370082,0.11461264502413337,0.1772452041733571
singleonly_subject080_Chest_Press_(rack)_record0001,560,accel_x_g,1,14,1.66,middle,0.09597388182565636,0.17344677438371633,0.16597270445116274,0.16646920789227745,0.20082728109633774
singleonly_subject080_Chest_Press_(rack)_record0001,560,accel_x_g,1,14,1.66,late,0.2619693053131833,0.47343850357804207,0.20776178148289723,0.20858997649781327,0.23564907724930484
singleonly_subject080_Chest_Press_(rack)_record0001,560,accel_x_g,2,14,1.58,early,0.8245623954086756,1.5656248014088778,0.07267227760385522,0.08673007270431826,0.15408502563316395
singleonly_subject080_Chest_Press_(rack)_record0001,560,accel_x_g,2,14,1.58,middle,0.06219892692477713,0.11809922833818444,0.10439879628995732,0.10786547716077735,0.15841664654959942
singleonly_subject080_Chest_Press_(rack)_record0001,560,accel_x_g,2,14,1.58,late,0.11323867766654727,0.21501014746812772,0.09668128902636747,0.10680143489406281,0.18525345577914754
singleonly_subject080_Chest_Press_(rack)_record0001,560,accel_x_g,3,14,1.48,early,0.6908203030496926,1.4003114251007283,0.0654761517162524,0.08184527245761354,0.17393041846930946
singleonly_subject080_Chest_Press_(rack)_record0001,560,accel_x_g,3,14,1.48,middle,0.10448358340155794,0.21179104743559043,0.16507157440843845,0.16692578197615446,0.21522002295532017
singleonly_subject080_Chest_Press_(rack)_record0001,560,accel_x_g,3,14,1.48,late,0.2046961135487495,0.4149245544907084,0.19617473382214154,0.19746530579387114,0.23899950420810134
singleonly_subject080_Chest_Press_(rack)_record0001,560,accel_x_g,4,14,1.12,early,0.4096176901457493,1.0971902414618284,0.034065298292017925,0.04283095582364065,0.07639789583421253
singleonly_subject080_Chest_Press_(rack)_record0001,560,accel_x_g,4,14,1.12,middle,0.42572110268613145,1.1403243821949949,0.12892055361527321,0.1338278246378538,0.18998032822786182
singleonly_subject080_Chest_Press_(rack)_record0001,560,accel_x_g,4,14,1.12,late,0.16466120716811927,0.4410568049146051,0.17070613501874235,0.17160467088666528,0.23312731492162664
singleonly_subject080_Chest_Press_(rack)_record0001,560,accel_x_g,5,14,1.3,early,0.5453418934588568,1.2584812925973616,0.0846198194260505,0.10031843575916527,0.19099946058420425
singleonly_subject080_Chest_Press_(rack)_record0001,560,accel_x_g,5,14,1.3,middle,0.11969324788551816,0.27621518742811885,0.1741548141868271,0.17555591018453576,0.20305848862456166
singleonly_subject080_Chest_Press_(rack)_record0001,560,accel_x_g,5,14,1.3,late,0.3349648586556251,0.772995827666827,0.2135040632903842,0.21648187049237325,0.28708097398283416
singleonly_subject080_Chest_Press_(rack)_record0001,560,accel_x_g,6,14,1.44,early,0.6274010185837716,1.3070854553828577,0.061257933713195,0.07535236295976357,0.1686387881340492
singleonly_subject080_Chest_Press_(rack)_record0001,560,accel_x_g,6,14,1.44,middle,0.21991894589403715,0.4581644706125774,0.15679334421594313,0.16004356779361692,0.23928702660130163
singleonly_subject080_Chest_Press_(rack)_record0001,560,accel_x_g,6,14,1.44,late,0.15268003552219123,0.31808340733789836,0.18787256374179015,0.18872856890179585,0.2269849133736057
singleonly_subject080_Chest_Press_(rack)_record0001,560,accel_x_g,7,14,1.52,early,0.5676939319291279,1.1204485498601209,0.06639484038301274,0.08229675869597347,0.15200696398364333
singleonly_subject080_Chest_Press_(rack)_record0001,560,accel_x_g,7,14,1.52,middle,0.2822018276673105,0.5569772914486392,0.19339634367833378,0.19651293207995216,0.24034787945477976
singleonly_subject080_Chest_Press_(rack)_record0001,560,accel_x_g,7,14,1.52,late,0.15010424040356163,0.29625836921755583,0.227912071692964,0.2291427139397784,0.263327732762606
singleonly_subject080_Chest_Press_(rack)_record0001,560,accel_x_g,8,14,1.44,early,0.5802749705974869,1.2089061887447643,0.05929784929419853,0.06988005143917997,0.1348769428156854
singleonly_subject080_Chest_Press_(rack)_record0001,560,accel_x_g,8,14,1.44,middle,0.31031098209531316,0.6464812126985691,0.15506885073193236,0.1575898630599558,0.20207482275182242
singleonly_subject080_Chest_Press_(rack)_record0001,560,accel_x_g,8,14,1.44,late,0.10941404730719995,0.22794593188999987,0.17489629609402674,0.1761395000834739,0.21122322031840934
singleonly_subject080_Chest_Press_(rack)_record0001,560,accel_x_g,9,14,0.74,early,0.30697327722292844,1.2444862590118722,0.03814948017821789,0.04363412477370435,0.07008935900780311
singleonly_subject080_Chest_Press_(rack)_record0001,560,accel_x_g,9,14,0.74,middle,0.27646234021726535,1.1207932711510757,0.09728154744053079,0.09923150418730127,0.14409390254369658
singleonly_subject080_Chest_Press_(rack)_record0001,560,accel_x_g,9,14,0.74,late,0.4165643825598062,1.688774523891106,0.139024173502357,0.14453222108044372,0.20961956272377213
singleonly_subject080_Chest_Press_(rack)_record0001,560,accel_x_g,10,14,1.02,early,0.47427888262689105,1.3949378900790914,0.04412712562378415,0.05094258155609395,0.08883133951211108
singleonly_subject080_Chest_Press_(rack)_record0001,560,accel_x_g,10,14,1.02,middle,0.5108078025902438,1.5023758899713056,0.13400496486431396,0.14388211735635098,0.23167508949799998
singleonly_subject080_Chest_Press_(rack)_record0001,560,accel_x_g,10,14,1.02,late,0.014913314782865061,0.043862690537838415,0.17114849391951942,0.17210730613869235,0.1968712131215371
singleonly_subject080_Chest_Press_(rack)_record0001,560,accel_x_g,11,14,1.14,early,0.5171862994767575,1.3610165775704148,0.058627981214894445,0.07161604244375737,0.11983754404071767
singleonly_subject080_Chest_Press_(rack)_record0001,560,accel_x_g,11,14,1.14,middle,0.30993712635158777,0.8156240167147047,0.16072265370290945,0.16284868933202232,0.21785366449451316
singleonly_subject080_Chest_Press_(rack)_record0001,560,accel_x_g,11,14,1.14,late,0.1728765741716547,0.4549383530833018,0.22766839689156018,0.2283363782927483,0.2539839478614886
singleonly_subject080_Chest_Press_(rack)_record0001,560,accel_x_g,12,14,1.34,early,0.47325791487769636,1.059532645248574,0.043917550465106654,0.0560494964413451,0.1033856699914989
singleonly_subject080_Chest_Press_(rack)_record0001,560,accel_x_g,12,14,1.34,middle,0.28962102043000865,0.6484052696194224,0.09358939209309364,0.09784621780718865,0.15853129709632263
singleonly_subject080_Chest_Press_(rack)_record0001,560,accel_x_g,12,14,1.34,late,0.237121064692295,0.5308680552812574,0.18089550171696628,0.18209889969779877,0.23313541027873197
singleonly_subject080_Chest_Press_(rack)_record0001,560,accel_x_g,13,14,1.4,early,0.6353136069263119,1.3613863005563827,0.0901640277142438,0.10514151418740715,0.16877971159435579
singleonly_subject080_Chest_Press_(rack)_record0001,560,accel_x_g,13,14,1.4,middle,0.2284499511535769,0.48953560961480774,0.19879162262034955,0.20067691108204058,0.2393594018003239
singleonly_subject080_Chest_Press_(rack)_record0001,560,accel_x_g,13,14,1.4,late,0.1362364419201112,0.29193523268595256,0.23252665618598858,0.23319256231010188,0.27309550797624105
singleonly_subject080_Chest_Press_(rack)_record0001,560,accel_x_g,14,14,0.68,early,0.773375279711093,3.4119497634312923,0.12084849908836297,0.14781904191385417,0.27470085905268293
singleonly_subject080_Chest_Press_(rack)_record0001,560,accel_x_g,14,14,0.68,middle,0.0,0.0,0.09870252275762735,0.10484283067576088,0.15614031053182043
singleonly_subject080_Chest_Press_(rack)_record0001,560,accel_x_g,14,14,0.68,late,0.226624720288907,0.9998149424510602,0.13288878916824132,0.15763264544927083,0.3311708656723986
singleonly_subject081_Chest_Press_(rack)_record0001,536,accel_x_g,1,20,1.92,early,0.3777902227334764,0.5902972230210569,0.2222986275953892,0.23340772654643596,0.3622531268739373
singleonly_subject081_Chest_Press_(rack)_record0001,536,accel_x_g,1,20,1.92,middle,0.17524144483543724,0.2738147575553707,0.2814020895287901,0.2838721023794805,0.3424180805414252
singleonly_subject081_Chest_Press_(rack)_record0001,536,accel_x_g,1,20,1.92,late,0.44696833243108636,0.6983880194235724,0.32906942429260105,0.33665195979576207,0.5516579694380874
singleonly_subject081_Chest_Press_(rack)_record0001,536,accel_x_g,2,20,1.46,early,0.4250001995251708,0.8732880812161045,0.09757908333302469,0.11918895986942146,0.25234512995688696
singleonly_subject081_Chest_Press_(rack)_record0001,536,accel_x_g,2,20,1.46,middle,0.11929713513520163,0.24513109959288007,0.17649236587464595,0.17953650446997008,0.23596053778959136
singleonly_subject081_Chest_Press_(rack)_record0001,536,accel_x_g,2,20,1.46,late,0.45570266533962756,0.9363753397389607,0.253064202354219,0.25889825888954016,0.394042133648674
singleonly_subject081_Chest_Press_(rack)_record0001,536,accel_x_g,3,20,1.36,early,0.3746822723930152,0.8265050126316511,0.10298875927363703,0.12136279937761561,0.26093686673905925
singleonly_subject081_Chest_Press_(rack)_record0001,536,accel_x_g,3,20,1.36,middle,0.14282451018323905,0.31505406658067436,0.1096683737692128,0.117791910737129,0.2216080772702843
singleonly_subject081_Chest_Press_(rack)_record0001,536,accel_x_g,3,20,1.36,late,0.48249321742374573,1.0643232737288506,0.19544618390415475,0.20766996587802514,0.31031422565458155
singleonly_subject081_Chest_Press_(rack)_record0001,536,accel_x_g,4,20,1.56,early,0.36683042758147905,0.7054431299643827,0.10379859315041731,0.12585017117932357,0.29736987385850977
singleonly_subject081_Chest_Press_(rack)_record0001,536,accel_x_g,4,20,1.56,middle,0.4295857373608773,0.8261264180016871,0.16711044166315567,0.17835400756113268,0.279168027503518
singleonly_subject081_Chest_Press_(rack)_record0001,536,accel_x_g,4,20,1.56,late,0.20358383505764366,0.3915073751108531,0.24334019113934666,0.24540533694828084,0.30570819880430267
singleonly_subject081_Chest_Press_(rack)_record0001,536,accel_x_g,5,20,1.68,early,0.3443063596990286,0.6148327851768369,0.12554059264016088,0.14219107749315227,0.2716805092400951
singleonly_subject081_Chest_Press_(rack)_record0001,536,accel_x_g,5,20,1.68,middle,0.2122202615965328,0.37896475285095144,0.19464838390485883,0.20100133179228924,0.296892156604575
singleonly_subject081_Chest_Press_(rack)_record0001,536,accel_x_g,5,20,1.68,late,0.4434733787044386,0.7919167476864974,0.26749275607087547,0.2730829720525971,0.3969026432735583
singleonly_subject081_Chest_Press_(rack)_record0001,536,accel_x_g,6,20,1.54,early,0.30829420638251714,0.6005731293165919,0.2637398398951477,0.2792404470390184,0.5125824229751915
singleonly_subject081_Chest_Press_(rack)_record0001,536,accel_x_g,6,20,1.54,middle,0.2901236831081002,0.5651760060547407,0.34501991033470236,0.34962825264038855,0.5327197003231526
singleonly_subject081_Chest_Press_(rack)_record0001,536,accel_x_g,6,20,1.54,late,0.40158211050938264,0.7823028126806154,0.43130995160169744,0.4332764393894537,0.5044042681540591
singleonly_subject081_Chest_Press_(rack)_record0001,536,accel_x_g,7,20,1.48,early,0.33286220286554674,0.6747206814842164,0.07785794829063752,0.09121943923447896,0.18589872146192166
singleonly_subject081_Chest_Press_(rack)_record0001,536,accel_x_g,7,20,1.48,middle,0.22042293707871946,0.4468032508352422,0.12637435531844038,0.1330137119828549,0.21648839251820284
singleonly_subject081_Chest_Press_(rack)_record0001,536,accel_x_g,7,20,1.48,late,0.4467148600557338,0.9055030947075684,0.21955491717878384,0.22704331734003488,0.33874123553089786
singleonly_subject081_Chest_Press_(rack)_record0001,536,accel_x_g,8,20,1.44,early,0.3210012949856293,0.6687526978867278,0.17247818529448822,0.1839851602551222,0.3213212444266965
singleonly_subject081_Chest_Press_(rack)_record0001,536,accel_x_g,8,20,1.44,middle,0.16216179551371124,0.33783707398689844,0.2120093358972611,0.21972689805131448,0.299417579539648
singleonly_subject081_Chest_Press_(rack)_record0001,536,accel_x_g,8,20,1.44,late,0.5168369095006595,1.0767435614597072,0.3378455262003384,0.34285558532041266,0.46081526132342787
singleonly_subject081_Chest_Press_(rack)_record0001,536,accel_x_g,9,20,1.32,early,0.2400455298900878,0.5455580224774722,0.062108125452309954,0.08054627066388836,0.2377203523003233
singleonly_subject081_Chest_Press_(rack)_record0001,536,accel_x_g,9,20,1.32,middle,0.2436860153176804,0.5538318529947281,0.11351930965596409,0.12219475889978082,0.19924725717849845
singleonly_subject081_Chest_Press_(rack)_record0001,536,accel_x_g,9,20,1.32,late,0.5162684547922318,1.1733373972550722,0.23905344479337168,0.24768315032614158,0.35692624890064617
singleonly_subject081_Chest_Press_(rack)_record0001,536,accel_x_g,10,20,1.2,early,0.34231666839468694,0.8557916709867174,0.08821598103584313,0.12035962965254994,0.28921858635417275
singleonly_subject081_Chest_Press_(rack)_record0001,536,accel_x_g,10,20,1.2,middle,0.14128355408793047,0.35320888521982624,0.1348618029872839,0.1454744519999376,0.21975847860801534
singleonly_subject081_Chest_Press_(rack)_record0001,536,accel_x_g,10,20,1.2,late,0.5163997775173825,1.2909994437934562,0.2304386511719183,0.23769452207791164,0.3650906893637207
singleonly_subject081_Chest_Press_(rack)_record0001,536,accel_x_g,11,20,1.26,early,0.2363369220690893,0.5627069573073555,0.1270492904418348,0.14531601908230882,0.3080803274410955
singleonly_subject081_Chest_Press_(rack)_record0001,536,accel_x_g,11,20,1.26,middle,0.24331252666518377,0.579315539679009,0.20099958768429918,0.20619458844118357,0.28726859600710086
singleonly_subject081_Chest_Press_(rack)_record0001,536,accel_x_g,11,20,1.26,late,0.5203505512657269,1.2389298839660163,0.3022298669247425,0.3078984980433681,0.41613875206474216
singleonly_subject081_Chest_Press_(rack)_record0001,536,accel_x_g,12,20,1.22,early,0.32444473212061886,0.7978149150507022,0.07517926733837725,0.09890654592966254,0.2356841118334676
singleonly_subject081_Chest_Press_(rack)_record0001,536,accel_x_g,12,20,1.22,middle,0.19640636102507614,0.4829664615370725,0.12899242369248276,0.13273121058164578,0.1812664832585571
singleonly_subject081_Chest_Press_(rack)_record0001,536,accel_x_g,12,20,1.22,late,0.479148906854305,1.1782350168548483,0.23994828463133006,0.24635121433233922,0.358923325582305
singleonly_subject081_Chest_Press_(rack)_record0001,536,accel_x_g,13,20,1.28,early,0.2695220078546992,0.6316922059094513,0.07302567691762302,0.08716149549911968,0.19222477338362187
singleonly_subject081_Chest_Press_(rack)_record0001,536,accel_x_g,13,20,1.28,middle,0.23756424510469804,0.556791199464136,0.1413876463663814,0.15029340183797038,0.24877615469692482
singleonly_subject081_Chest_Press_(rack)_record0001,536,accel_x_g,13,20,1.28,late,0.49291374704060276,1.1552665946264125,0.2383911249277375,0.24268229336749989,0.3301621551311761
singleonly_subject081_Chest_Press_(rack)_record0001,536,accel_x_g,14,20,1.22,early,0.3420762624525967,0.8411711371785165,0.1176034975779898,0.1333595796905763,0.23969457965674845
singleonly_subject081_Chest_Press_(rack)_record0001,536,accel_x_g,14,20,1.22,middle,0.14599862811736936,0.35901301996074436,0.18430656853708038,0.18659556193864235,0.2450092494595395
singleonly_subject081_Chest_Press_(rack)_record0001,536,accel_x_g,14,20,1.22,late,0.5119251094300339,1.258832236303362,0.26598757699589126,0.273698315181811,0.42534650944370545
singleonly_subject081_Chest_Press_(rack)_record0001,536,accel_x_g,15,20,1.12,early,0.3207745960315356,0.8592176679416131,0.10276710629655325,0.11862357451600082,0.22575180029455
singleonly_subject081_Chest_Press_(rack)_record0001,536,accel_x_g,15,20,1.12,middle,0.19892472574252174,0.5328340868103261,0.1986050152732223,0.20184315160003183,0.26773227205929584
singleonly_subject081_Chest_Press_(rack)_record0001,536,accel_x_g,15,20,1.12,late,0.4803006782259427,1.286519673819489,0.2935378943849414,0.30057630278380976,0.4480331520163028
singleonly_subject081_Chest_Press_(rack)_record0001,536,accel_x_g,16,20,1.14,early,0.2768989251702217,0.7286813820268992,0.04268547179135974,0.05178431198597364,0.10133964927298933
singleonly_subject081_Chest_Press_(rack)_record0001,536,accel_x_g,16,20,1.14,middle,0.1752341750075369,0.46114256580930774,0.09635024781403703,0.10194481350673802,0.16538417835311658
singleonly_subject081_Chest_Press_(rack)_record0001,536,accel_x_g,16,20,1.14,late,0.5478668998222413,1.441754999532214,0.21888316738788097,0.22811979369030572,0.3520717983244456
singleonly_subject081_Chest_Press_(rack)_record0001,536,accel_x_g,17,20,1.02,early,0.2516740254747161,0.7402177219844592,0.20214855267582776,0.2171670466203434,0.38785806629361363
singleonly_subject081_Chest_Press_(rack)_record0001,536,accel_x_g,17,20,1.02,middle,0.20724714004894507,0.609550411908662,0.2976186493406621,0.30707243861077393,0.3987171497727201
singleonly_subject081_Chest_Press_(rack)_record0001,536,accel_x_g,17,20,1.02,late,0.5410788344763389,1.5914083366951142,0.4533710487915489,0.460499423891479,0.5658359670606298
singleonly_subject081_Chest_Press_(rack)_record0001,536,accel_x_g,18,20,1.06,early,0.2598896824470295,0.7355368371142343,0.08152054642349907,0.10242390725170784,0.2339861567640863
singleonly_subject081_Chest_Press_(rack)_record0001,536,accel_x_g,18,20,1.06,middle,0.2357615409082942,0.6672496440800779,0.1641702500284969,0.16821091475907615,0.2166150331606368
singleonly_subject081_Chest_Press_(rack)_record0001,536,accel_x_g,18,20,1.06,late,0.5043487766446764,1.4274021980509706,0.3084937932234345,0.31639765450842344,0.4628101493119091
singleonly_subject081_Chest_Press_(rack)_record0001,536,accel_x_g,19,20,1.04,early,0.24743347399854942,0.7137504057650464,0.14604619060827378,0.15962235649747916,0.2697545674743652
singleonly_subject081_Chest_Press_(rack)_record0001,536,accel_x_g,19,20,1.04,middle,0.31023402296633895,0.8949058354798238,0.245558894558741,0.2525340890591804,0.3810346741088734
singleonly_subject081_Chest_Press_(rack)_record0001,536,accel_x_g,19,20,1.04,late,0.4423325030351116,1.275959143370514,0.37703152749495483,0.3825150268216309,0.4719087600803916
singleonly_subject081_Chest_Press_(rack)_record0001,536,accel_x_g,20,20,1.08,early,0.2554813909475442,0.709670530409845,0.08879088744735923,0.10165669644510852,0.20453899272463483
singleonly_subject081_Chest_Press_(rack)_record0001,536,accel_x_g,20,20,1.08,middle,0.30696640742781867,0.8526844650772741,0.19985844022704613,0.21070642114116167,0.3240689199433816
singleonly_subject081_Chest_Press_(rack)_record0001,536,accel_x_g,20,20,1.08,late,0.43755220162463715,1.2154227822906587,0.3321345763730577,0.33875364255327595,0.4394250331887405
singleonly_subject083_Chest_Press_(rack)_record0001,509,accel_y_g,1,14,1.84,early,0.5404550261173764,0.8811766730174616,0.2355032557659208,0.2657368633802741,0.4424000019716415
singleonly_subject083_Chest_Press_(rack)_record0001,509,accel_y_g,1,14,1.84,middle,0.3490536599298433,0.5691092281464837,0.5040472402892291,0.5094825549999699,0.6405142990112386
singleonly_subject083_Chest_Press_(rack)_record0001,509,accel_y_g,1,14,1.84,late,0.11049131395278033,0.18014888144475052,0.5880632801841484,0.5892345719700808,0.6844705671015753
singleonly_subject083_Chest_Press_(rack)_record0001,509,accel_y_g,2,14,2.76,early,0.4477287134585887,0.4866616450636834,1.4576449585845153,1.5013918803785986,2.5128008274265126
singleonly_subject083_Chest_Press_(rack)_record0001,509,accel_y_g,2,14,2.76,middle,0.4702081299513276,0.5110957934253562,1.6965119062188874,1.6991227042193202,1.8510062174678845
singleonly_subject083_Chest_Press_(rack)_record0001,509,accel_y_g,2,14,2.76,late,0.08206315659008367,0.08919908325009095,1.8203790977233458,1.821043989208856,1.9191718022565594
singleonly_subject083_Chest_Press_(rack)_record0001,509,accel_y_g,3,14,1.72,early,0.5112703491275936,0.8917506089434774,0.17150798265446046,0.19137290136028645,0.28452029778717036
singleonly_subject083_Chest_Press_(rack)_record0001,509,accel_y_g,3,14,1.72,middle,0.46638194975597314,0.8134568891092556,0.38752522788069643,0.3947734122303479,0.551443549005456
singleonly_subject083_Chest_Press_(rack)_record0001,509,accel_y_g,3,14,1.72,late,0.02234770111643325,0.0389785484588952,0.4469050185619062,0.44916136723179007,0.5642529677747341
singleonly_subject083_Chest_Press_(rack)_record0001,509,accel_y_g,4,14,2.48,early,0.6949549419613571,0.8406713007597062,0.15863038907441457,0.19530877027862104,0.43872229679328417
singleonly_subject083_Chest_Press_(rack)_record0001,509,accel_y_g,4,14,2.48,middle,0.23939088758511318,0.289585751111024,0.3002203429962143,0.3173918403229517,0.46450442360783073
singleonly_subject083_Chest_Press_(rack)_record0001,509,accel_y_g,4,14,2.48,late,0.06565417045352973,0.07942036748410852,0.43366311198970253,0.4355166850775036,0.5261059784803147
singleonly_subject083_Chest_Press_(rack)_record0001,509,accel_y_g,5,14,1.48,early,0.35051131007636405,0.7104958988034407,0.21240099876671156,0.23231681715265848,0.39076745209785846
singleonly_subject083_Chest_Press_(rack)_record0001,509,accel_y_g,5,14,1.48,middle,0.4147299792933824,0.8406688769460455,0.36760159605913023,0.37971654079691286,0.4906316290182024
singleonly_subject083_Chest_Press_(rack)_record0001,509,accel_y_g,5,14,1.48,late,0.23475871063025355,0.4758622512775409,0.5497531454740145,0.5518673193978619,0.6474732186466376
singleonly_subject083_Chest_Press_(rack)_record0001,509,accel_y_g,6,14,1.26,early,0.4939137631117409,1.1759851502660499,0.3527417605130259,0.37200251398318085,0.5371863464858249
singleonly_subject083_Chest_Press_(rack)_record0001,509,accel_y_g,6,14,1.26,middle,0.1682247871864227,0.40053520758672073,0.4504490730143769,0.45663164194892086,0.5888325851229473
singleonly_subject083_Chest_Press_(rack)_record0001,509,accel_y_g,6,14,1.26,late,0.3378614497018364,0.8044320230996104,0.6358324407946588,0.6374657137977413,0.7353807725049593
singleonly_subject083_Chest_Press_(rack)_record0001,509,accel_y_g,7,14,2.1,early,0.47572157521064196,0.6796022503009171,0.10756970948764952,0.12954754979098387,0.25215126767176904
singleonly_subject083_Chest_Press_(rack)_record0001,509,accel_y_g,7,14,2.1,middle,0.45285457909496396,0.6469351129928057,0.2900516171732841,0.3007703523968912,0.41610397628477713
singleonly_subject083_Chest_Press_(rack)_record0001,509,accel_y_g,7,14,2.1,late,0.07142384569439408,0.10203406527770582,0.35187084317757805,0.3547618997416084,0.45919108462823927
singleonly_subject083_Chest_Press_(rack)_record0001,509,accel_y_g,8,14,1.94,early,0.4159852044596544,0.6432760893705997,0.10705165869954536,0.1297904931895844,0.3053897067364847
singleonly_subject083_Chest_Press_(rack)_record0001,509,accel_y_g,8,14,1.94,middle,0.44777495767619074,0.6924355015611198,0.2637850095506738,0.27473879368351506,0.4223346938764296
singleonly_subject083_Chest_Press_(rack)_record0001,509,accel_y_g,8,14,1.94,late,0.13623983786415483,0.21068016164560024,0.3397804809090425,0.34252762056108754,0.4569718864551448
singleonly_subject083_Chest_Press_(rack)_record0001,509,accel_y_g,9,14,2.26,early,0.4439004878860494,0.5892484352469683,0.30273305154263813,0.3167640376090475,0.47686409266913343
singleonly_subject083_Chest_Press_(rack)_record0001,509,accel_y_g,9,14,2.26,middle,0.476492939255573,0.6325127512242121,0.5010883794179579,0.5062757004116608,0.6357188113677843
singleonly_subject083_Chest_Press_(rack)_record0001,509,accel_y_g,9,14,2.26,late,0.07960657285837758,0.10567244184740388,0.5943393845411427,0.5953905880602183,0.6647164086736761
singleonly_subject083_Chest_Press_(rack)_record0001,509,accel_y_g,10,14,2.08,early,0.4352949900561945,0.6278293125810497,0.12177988957796998,0.14037000330842714,0.2709025695185378
singleonly_subject083_Chest_Press_(rack)_record0001,509,accel_y_g,10,14,2.08,middle,0.47428155881796746,0.6840599406028377,0.32868084827699423,0.3403976979992217,0.47173248081291774
singleonly_subject083_Chest_Press_(rack)_record0001,509,accel_y_g,10,14,2.08,late,0.09042345112583805,0.13041843912380485,0.4025855301133643,0.40376652153327663,0.49833047378887385
singleonly_subject083_Chest_Press_(rack)_record0001,509,accel_y_g,11,14,2.44,early,0.3714250087338408,0.45667009270554204,0.050427461164963716,0.06511964542635759,0.1646409107741136
singleonly_subject083_Chest_Press_(rack)_record0001,509,accel_y_g,11,14,2.44,middle,0.5837754950502836,0.7177567562093652,0.17676822641182066,0.19238906948973208,0.3544931225744468
singleonly_subject083_Chest_Press_(rack)_record0001,509,accel_y_g,11,14,2.44,late,0.044799496215875645,0.05508134780640448,0.25180664893578436,0.25339240521173,0.3226018334351526
singleonly_subject083_Chest_Press_(rack)_record0001,509,accel_y_g,12,14,2.18,early,0.4190051132538219,0.5766125411749843,0.06741818454337763,0.08759963870486628,0.2066375743509022
singleonly_subject083_Chest_Press_(rack)_record0001,509,accel_y_g,12,14,2.18,middle,0.40595876101804557,0.5586588454376774,0.2288140212514079,0.239913986287731,0.3637930381644602
singleonly_subject083_Chest_Press_(rack)_record0001,509,accel_y_g,12,14,2.18,late,0.17503612572813254,0.24087540237816402,0.3403059349061084,0.343755272230863,0.48738838791217787
singleonly_subject083_Chest_Press_(rack)_record0001,509,accel_y_g,13,14,2.62,early,0.6037273508669387,0.6912908597713039,0.23091110324334915,0.25863832532119335,0.5249259694250783
singleonly_subject083_Chest_Press_(rack)_record0001,509,accel_y_g,13,14,2.62,middle,0.3333532305538296,0.38170217238988124,0.485549906859053,0.49102767533765235,0.566230788236477
singleonly_subject083_Chest_Press_(rack)_record0001,509,accel_y_g,13,14,2.62,late,0.06291941857923167,0.07204513577774617,0.548373918446863,0.5486298596305625,0.5902265803824713
singleonly_subject083_Chest_Press_(rack)_record0001,509,accel_y_g,14,14,2.56,early,0.6821387958320725,0.79938140136571,0.1131096066141656,0.13400307707324471,0.2675009963955977
singleonly_subject083_Chest_Press_(rack)_record0001,509,accel_y_g,14,14,2.56,middle,0.3133382164798868,0.36719322243736735,0.3229929127542099,0.32606945242209445,0.4276406303918801
singleonly_subject083_Chest_Press_(rack)_record0001,509,accel_y_g,14,14,2.56,late,0.004522987688040714,0.005300376196922711,0.3619430672299224,0.36291808501770684,0.4110640960204899
singleonly_subject086_Chest_Press_(rack)_record0001,570,accel_y_g,1,15,0.6,early,0.7741815427191086,3.870907713595543,0.25238503892518765,0.31729577101921264,0.5855665068121191
singleonly_subject086_Chest_Press_(rack)_record0001,570,accel_y_g,1,15,0.6,middle,0.0012572585499825983,0.0062862927499129926,0.4059350060156555,0.47548371772653847,0.9874004282463823
singleonly_subject086_Chest_Press_(rack)_record0001,570,accel_y_g,1,15,0.6,late,0.22456119873090885,1.1228059936545443,0.4360603712398353,0.5108740678998674,0.7767101861318879
singleonly_subject086_Chest_Press_(rack)_record0001,570,accel_y_g,2,15,2.42,early,0.8249232775720553,1.0226321622794075,0.8391099991060209,0.8603554498533047,1.1901635353804019
singleonly_subject086_Chest_Press_(rack)_record0001,570,accel_y_g,2,15,2.42,middle,0.0,0.0,0.8050869366359468,0.8067962572687549,0.9578436598957523
singleonly_subject086_Chest_Press_(rack)_record0001,570,accel_y_g,2,15,2.42,late,0.1750767224279447,0.2170372592081959,0.8396882368647803,0.8428680667891235,1.0831195454231763
singleonly_subject086_Chest_Press_(rack)_record0001,570,accel_y_g,3,15,2.5,early,0.7168739080060569,0.8602486896072683,0.2538567677969489,0.2771024690812067,0.48002340730316145
singleonly_subject086_Chest_Press_(rack)_record0001,570,accel_y_g,3,15,2.5,middle,0.0,0.0,0.2294597091935498,0.23379848481544216,0.3068479639141269
singleonly_subject086_Chest_Press_(rack)_record0001,570,accel_y_g,3,15,2.5,late,0.2831260919939431,0.3397513103927317,0.2543893537964519,0.2665465756384235,0.5328980006234743
singleonly_subject086_Chest_Press_(rack)_record0001,570,accel_y_g,4,15,2.5,early,0.7611492208850934,0.9133790650621122,0.4680001187968259,0.5020244485293658,0.9240828477840524
singleonly_subject086_Chest_Press_(rack)_record0001,570,accel_y_g,4,15,2.5,middle,0.0,0.0,0.4381733835610385,0.4405803979664146,0.4996093606842192
singleonly_subject086_Chest_Press_(rack)_record0001,570,accel_y_g,4,15,2.5,late,0.2388507791149066,0.2866209349378879,0.47020327029286557,0.47819738718075183,0.672421477593269
singleonly_subject086_Chest_Press_(rack)_record0001,570,accel_y_g,5,15,3.0,early,0.9351044612967566,0.9351044612967566,0.3726245422381395,0.3929048398159151,0.7078752722189753
singleonly_subject086_Chest_Press_(rack)_record0001,570,accel_y_g,5,15,3.0,middle,0.0,0.0,0.3426410561946987,0.3469999451936339,0.42764827181253157
singleonly_subject086_Chest_Press_(rack)_record0001,570,accel_y_g,5,15,3.0,late,0.06489553870324338,0.06489553870324338,0.38473121662620374,0.4264727256258666,0.8240266162509581
singleonly_subject086_Chest_Press_(rack)_record0001,570,accel_y_g,6,15,2.66,early,0.8930558626858099,1.007205860171966,0.3702943523202851,0.3989969345598881,0.6840957814934766
singleonly_subject086_Chest_Press_(rack)_record0001,570,accel_y_g,6,15,2.66,middle,0.0,0.0,0.32823343901707497,0.3318189349990518,0.4210077148758059
singleonly_subject086_Chest_Press_(rack)_record0001,570,accel_y_g,6,15,2.66,late,0.10694413731419006,0.12061368870021433,0.362269432235552,0.3729832080382235,0.5931133515869516
singleonly_subject086_Chest_Press_(rack)_record0001,570,accel_y_g,7,15,2.6,early,0.7443608576756766,0.8588779127027037,0.26010351253884345,0.2917246245371327,0.5383091983719823
singleonly_subject086_Chest_Press_(rack)_record0001,570,accel_y_g,7,15,2.6,middle,0.0,0.0,0.20703118412211732,0.21143706480636168,0.31723405777891933
singleonly_subject086_Chest_Press_(rack)_record0001,570,accel_y_g,7,15,2.6,late,0.2556391423243234,0.29496824114345,0.25265947764401725,0.27339691986053155,0.5770402930420234
singleonly_subject086_Chest_Press_(rack)_record0001,570,accel_y_g,8,15,2.74,early,0.7747751792325804,0.8482939918604895,0.6190515332045629,0.6429490673455349,0.9571524190886174
singleonly_subject086_Chest_Press_(rack)_record0001,570,accel_y_g,8,15,2.74,middle,0.0,0.0,0.5873460089873322,0.5881067854200497,0.6308631234223427
singleonly_subject086_Chest_Press_(rack)_record0001,570,accel_y_g,8,15,2.74,late,0.22522482076741956,0.2465965190884155,0.652545892568257,0.6716293554198042,1.1791251539592864
singleonly_subject086_Chest_Press_(rack)_record0001,570,accel_y_g,9,15,1.52,early,0.18646827466430857,0.36802948946903014,0.07511819374259056,0.08372754790800775,0.16936150815907455
singleonly_subject086_Chest_Press_(rack)_record0001,570,accel_y_g,9,15,1.52,middle,0.02503562572445653,0.04941241919300631,0.11038674196203316,0.12134001107920481,0.2036413123801009
singleonly_subject086_Chest_Press_(rack)_record0001,570,accel_y_g,9,15,1.52,late,0.7884960996112349,1.5562423018642793,0.20236537489488282,0.22607097373767548,0.4654266043327935
singleonly_subject086_Chest_Press_(rack)_record0001,570,accel_y_g,10,15,2.94,early,0.5910075268400102,0.603068904938786,0.5711726950450984,0.590941182279613,0.8985957833291525
singleonly_subject086_Chest_Press_(rack)_record0001,570,accel_y_g,10,15,2.94,middle,0.0,0.0,0.5215487999078765,0.5234540646745852,0.6297545981336525
singleonly_subject086_Chest_Press_(rack)_record0001,570,accel_y_g,10,15,2.94,late,0.40899247315998977,0.41733925832652013,0.6288670941616524,0.6626647366039453,1.164012265483713
singleonly_subject086_Chest_Press_(rack)_record0001,570,accel_y_g,11,15,0.28,early,0.697598613910262,7.474270863324236,0.39246321870033196,0.4915912991677796,0.7931333495729713
singleonly_subject086_Chest_Press_(rack)_record0001,570,accel_y_g,11,15,0.28,middle,0.24940153195555737,2.6721592709524002,0.7418689709543534,0.7452150817692261,0.8461753963380472
singleonly_subject086_Chest_Press_(rack)_record0001,570,accel_y_g,11,15,0.28,late,0.052999854134180624,0.567855580009078,0.7070418937385756,0.7124945828098603,0.8518484716470139
singleonly_subject086_Chest_Press_(rack)_record0001,570,accel_y_g,12,15,1.92,early,0.16331823266802187,0.2551847385437842,0.08271427502416762,0.09188608677650897,0.15843934366044587
singleonly_subject086_Chest_Press_(rack)_record0001,570,accel_y_g,12,15,1.92,middle,0.2759436432331027,0.4311619425517231,0.1345432058505048,0.14738471218253332,0.2593323590250076
singleonly_subject086_Chest_Press_(rack)_record0001,570,accel_y_g,12,15,1.92,late,0.5607381240988754,0.8761533189044928,0.3432129601846838,0.37276079285272895,0.7193100203613353
singleonly_subject086_Chest_Press_(rack)_record0001,570,accel_y_g,13,15,0.32,early,0.6770676800027803,6.3475095000260655,0.7205710211284717,0.8363573408538086,1.2245218065168888
singleonly_subject086_Chest_Press_(rack)_record0001,570,accel_y_g,13,15,0.32,middle,0.12382652557212492,1.1608736772386712,0.7819310643473878,0.7968183436074961,1.0645249018669798
singleonly_subject086_Chest_Press_(rack)_record0001,570,accel_y_g,13,15,0.32,late,0.1991057944250948,1.8666168227352633,0.9093114187619874,0.9159313758812707,1.0770388437093528
singleonly_subject086_Chest_Press_(rack)_record0001,570,accel_y_g,14,15,2.04,early,0.1988533712793733,0.2924314283520196,0.07595471060680363,0.08403299233944504,0.15708381249229245
singleonly_subject086_Chest_Press_(rack)_record0001,570,accel_y_g,14,15,2.04,middle,0.06601559810505903,0.09708176191920447,0.1119056999437261,0.12061482510469113,0.2373653399656037
singleonly_subject086_Chest_Press_(rack)_record0001,570,accel_y_g,14,15,2.04,late,0.7351310306155676,1.0810750450228934,0.2514781603234013,0.3005173997458224,0.796453606914063
singleonly_subject086_Chest_Press_(rack)_record0001,570,accel_y_g,15,15,2.52,early,0.22275638549142243,0.26518617320407434,0.0647136080878437,0.07803430610308452,0.1889475615716989
singleonly_subject086_Chest_Press_(rack)_record0001,570,accel_y_g,15,15,2.52,middle,0.4066858611233247,0.48414983467062467,0.1260321135031432,0.14656661116248448,0.33586306483021433
singleonly_subject086_Chest_Press_(rack)_record0001,570,accel_y_g,15,15,2.52,late,0.3705577533852529,0.44114018260149146,0.3026608439208477,0.326759479313461,0.5427842272275467
singleonly_subject086_Chest_Press_(rack)_record0002,570,accel_z_g,1,11,3.1,early,0.9943000650228306,0.962225869376933,0.16010078133548936,0.18461868286614438,0.3507284240005937
singleonly_subject086_Chest_Press_(rack)_record0002,570,accel_z_g,1,11,3.1,middle,0.0,0.0,0.19970929575018545,0.22238723102409538,0.41494024041635735
singleonly_subject086_Chest_Press_(rack)_record0002,570,accel_z_g,1,11,3.1,late,0.005699934977169363,0.005516066106938093,0.1575395583258272,0.17700648556775353,0.4068576991539885
singleonly_subject086_Chest_Press_(rack)_record0002,570,accel_z_g,2,11,2.96,early,0.8881056434647562,0.9001070710791449,0.09343194004528377,0.11974982978886409,0.30675188296428996
singleonly_subject086_Chest_Press_(rack)_record0002,570,accel_z_g,2,11,2.96,middle,0.0,0.0,0.07855769245553197,0.0967072951087977,0.24934001635139702
singleonly_subject086_Chest_Press_(rack)_record0002,570,accel_z_g,2,11,2.96,late,0.11189435653524382,0.11340644243436872,0.06488628815600381,0.09051091862859928,0.2745107366077823
singleonly_subject086_Chest_Press_(rack)_record0002,570,accel_z_g,3,11,2.94,early,0.48048548749054404,0.49029131376586127,0.17181457540819212,0.19128382907707148,0.389562264234115
singleonly_subject086_Chest_Press_(rack)_record0002,570,accel_z_g,3,11,2.94,middle,0.0,0.0,0.11531110719439369,0.128565807250126,0.2342595154485582
singleonly_subject086_Chest_Press_(rack)_record0002,570,accel_z_g,3,11,2.94,late,0.519514512509456,0.5301168494994448,0.19790672746570323,0.3174830398327646,1.5048232044140937
singleonly_subject086_Chest_Press_(rack)_record0002,570,accel_z_g,4,11,3.42,early,0.732811924483022,0.6428174776166861,0.2310484846991742,0.25246600289286786,0.4273707275115022
singleonly_subject086_Chest_Press_(rack)_record0002,570,accel_z_g,4,11,3.42,middle,0.0,0.0,0.16618855116133974,0.18624935408221532,0.35469709589697834
singleonly_subject086_Chest_Press_(rack)_record0002,570,accel_z_g,4,11,3.42,late,0.267188075516978,0.23437550483945435,0.2385601226461571,0.2709349530202101,0.5361367478075122
singleonly_subject086_Chest_Press_(rack)_record0002,570,accel_z_g,5,11,3.26,early,0.8969139783730466,0.8253809616929879,0.13974421595682665,0.18007531389922984,0.47368915888828744
singleonly_subject086_Chest_Press_(rack)_record0002,570,accel_z_g,5,11,3.26,middle,0.00773962313766452,0.007122352580672872,0.12199255217600086,0.16015010422127632,0.47368915888828744
singleonly_subject086_Chest_Press_(rack)_record0002,570,accel_z_g,5,11,3.26,late,0.09534639848928883,0.08774208449934555,0.09714058561071326,0.12055432321779637,0.2898794347856777
singleonly_subject086_Chest_Press_(rack)_record0002,570,accel_z_g,6,11,3.48,early,0.6342341882729485,0.5467536105801281,0.1657533504340021,0.19919602664069158,0.48323364707406413
singleonly_subject086_Chest_Press_(rack)_record0002,570,accel_z_g,6,11,3.48,middle,0.0,0.0,0.139585147680654,0.16241202725166207,0.30897656924430883
singleonly_subject086_Chest_Press_(rack)_record0002,570,accel_z_g,6,11,3.48,late,0.36576581172705147,0.3153153549371133,0.21608968717250487,0.2721478174273981,0.7139874809857166
singleonly_subject086_Chest_Press_(rack)_record0002,570,accel_z_g,7,11,1.24,early,0.1670962249763276,0.404265060426599,0.07665570356224513,0.08858332974152987,0.17712156626191075
singleonly_subject086_Chest_Press_(rack)_record0002,570,accel_z_g,7,11,1.24,middle,0.4923975918123309,1.1912844963201554,0.13412491510600943,0.151408976414107,0.29611684248942927
singleonly_subject086_Chest_Press_(rack)_record0002,570,accel_z_g,7,11,1.24,late,0.3405061832113415,0.8238052819629229,0.2690683236768417,0.28459592735228323,0.3922019594927682
singleonly_subject086_Chest_Press_(rack)_record0002,570,accel_z_g,8,11,2.94,early,0.6747034040561665,0.6884728612818025,0.49594797303251553,0.5170766027593742,0.8336269583564074
singleonly_subject086_Chest_Press_(rack)_record0002,570,accel_z_g,8,11,2.94,middle,0.0,0.0,0.473784733910298,0.47603013805982175,0.5824096868093982
singleonly_subject086_Chest_Press_(rack)_record0002,570,accel_z_g,8,11,2.94,late,0.32529659594383353,0.3319353019835036,0.5593237635850007,0.5758287226359281,0.9073297917596548
singleonly_subject086_Chest_Press_(rack)_record0002,570,accel_z_g,9,11,2.22,early,0.14482977636086475,0.19571591400116858,0.04539895993019679,0.05285690753259619,0.10903288077236033
singleonly_subject086_Chest_Press_(rack)_record0002,570,accel_z_g,9,11,2.22,middle,0.1015262641097926,0.13719765420242244,0.06882953552189841,0.08110767295768882,0.16109940198544173
singleonly_subject086_Chest_Press_(rack)_record0002,570,accel_z_g,9,11,2.22,late,0.7536439595293427,1.0184377831477602,0.249454675575689,0.2917761214221994,0.5930507613487305
singleonly_subject086_Chest_Press_(rack)_record0002,570,accel_z_g,10,11,1.06,early,0.4842411318425856,1.3704937693658084,0.1110512900016036,0.12975385144756035,0.20723226841279369
singleonly_subject086_Chest_Press_(rack)_record0002,570,accel_z_g,10,11,1.06,middle,0.04842595496978702,0.1370545895371331,0.22731945260695482,0.24946977004654233,0.4611008499802709
singleonly_subject086_Chest_Press_(rack)_record0002,570,accel_z_g,10,11,1.06,late,0.4673329131876274,1.3226403203423414,0.34552780574481345,0.38761593861605514,0.6151255204010448
singleonly_subject086_Chest_Press_(rack)_record0002,570,accel_z_g,11,11,1.14,early,0.41014294316248523,1.0793235346381191,0.1249496313840889,0.15147820037548165,0.35684628869581525
singleonly_subject086_Chest_Press_(rack)_record0002,570,accel_z_g,11,11,1.14,middle,0.15323858545719882,0.40325943541368114,0.16519253041670573,0.17767457612714468,0.25523197361057093
singleonly_subject086_Chest_Press_(rack)_record0002,570,accel_z_g,11,11,1.14,late,0.43661847138031595,1.148995977316621,0.2911537548275498,0.3467690864445515,0.7800239701615117
singleonly_subject087_Chest_Press_(rack)_record0001,576,accel_x_g,1,18,1.74,early,0.613589273240438,1.0579125400697207,0.19921950472417146,0.24580345315632707,0.5151772947962707
singleonly_subject087_Chest_Press_(rack)_record0001,576,accel_x_g,1,18,1.74,middle,0.0,0.0,0.1390761511852506,0.15932537725718232,0.3260095710305342
singleonly_subject087_Chest_Press_(rack)_record0001,576,accel_x_g,1,18,1.74,late,0.386410726759562,0.666225390964762,0.19388119319298397,0.2262625480923615,0.7660711038381942
singleonly_subject087_Chest_Press_(rack)_record0001,576,accel_x_g,2,18,2.28,early,0.6655312763058254,0.8756990477708231,0.17888076886761242,0.20598796492041557,0.3909468663798511
singleonly_subject087_Chest_Press_(rack)_record0001,576,accel_x_g,2,18,2.28,middle,0.2569608629492982,0.3381063986174977,0.2781661427322844,0.29261160263472474,0.4383877907886874
singleonly_subject087_Chest_Press_(rack)_record0001,576,accel_x_g,2,18,2.28,late,0.07750786074487637,0.10198402729588996,0.29292386048658375,0.2978173464642905,0.44123971182309274
singleonly_subject087_Chest_Press_(rack)_record0001,576,accel_x_g,3,18,0.9,early,0.26208182509131983,0.8736060836377328,0.09137203444487979,0.10698724595922188,0.19678745342826653
singleonly_subject087_Chest_Press_(rack)_record0001,576,accel_x_g,3,18,0.9,middle,0.2319495205539555,0.7731650685131851,0.17991101889270159,0.18247523990787354,0.2388292956639836
singleonly_subject087_Chest_Press_(rack)_record0001,576,accel_x_g,3,18,0.9,late,0.5059686543547246,1.6865621811824152,0.18106356998837694,0.2845842491652251,1.073183842430058
singleonly_subject087_Chest_Press_(rack)_record0001,576,accel_x_g,4,18,2.44,early,0.6432979397613761,0.7909400898705444,0.19480034642193977,0.21416717841549815,0.3412819907963339
singleonly_subject087_Chest_Press_(rack)_record0001,576,accel_x_g,4,18,2.44,middle,0.18445206203118825,0.22678532216949376,0.2676531527277178,0.2986169909092047,0.520492455176904
singleonly_subject087_Chest_Press_(rack)_record0001,576,accel_x_g,4,18,2.44,late,0.1722499982074357,0.2117827846812734,0.37422009531873734,0.37954475828178413,0.503689389542853
singleonly_subject087_Chest_Press_(rack)_record0001,576,accel_x_g,5,18,3.06,early,0.550663535537854,0.5398662113116215,0.3859218875197942,0.40391813236650637,0.6382455500720781
singleonly_subject087_Chest_Press_(rack)_record0001,576,accel_x_g,5,18,3.06,middle,0.33862447622490044,0.33198478061264747,0.5349943284920048,0.5436687394061346,0.7741619623962461
singleonly_subject087_Chest_Press_(rack)_record0001,576,accel_x_g,5,18,3.06,late,0.1107119882372456,0.10854116493847604,0.5458701053170669,0.5862617881595468,1.2995041288696894
singleonly_subject087_Chest_Press_(rack)_record0001,576,accel_x_g,6,18,3.72,early,0.9805151066636302,0.790737989244863,0.3953234739747281,0.42084609761793756,0.6502475499959828
singleonly_subject087_Chest_Press_(rack)_record0001,576,accel_x_g,6,18,3.72,middle,0.0,0.0,0.34072405410671686,0.3935018238413169,1.0493772161681791
singleonly_subject087_Chest_Press_(rack)_record0001,576,accel_x_g,6,18,3.72,late,0.019484893336369824,0.01571362365836276,0.3980981813265516,0.404106616497272,0.5235981873100399
singleonly_subject087_Chest_Press_(rack)_record0001,576,accel_x_g,7,18,2.14,early,0.5462517321276403,0.7657734562537013,0.29830523598704023,0.31477008018596675,0.5318661064149219
singleonly_subject087_Chest_Press_(rack)_record0001,576,accel_x_g,7,18,2.14,middle,0.24414707679226877,0.34226225718542347,0.4045040004851639,0.4125259490952822,0.5178615092393972
singleonly_subject087_Chest_Press_(rack)_record0001,576,accel_x_g,7,18,2.14,late,0.2096011910800909,0.2938334454393797,0.47558196828595645,0.4772146862971268,0.6051496429156356
singleonly_subject087_Chest_Press_(rack)_record0001,576,accel_x_g,8,18,2.3,early,0.5820038174060727,0.759135414007921,0.26734000594459795,0.279906954455245,0.4011972512746721
singleonly_subject087_Chest_Press_(rack)_record0001,576,accel_x_g,8,18,2.3,middle,0.18997256366640602,0.24779030043444267,0.4069913092726632,0.4092946863226179,0.48811858843076894
singleonly_subject087_Chest_Press_(rack)_record0001,576,accel_x_g,8,18,2.3,late,0.22802361892752132,0.29742211164459303,0.44393626686892307,0.44621696892250506,0.552510801105523
singleonly_subject087_Chest_Press_(rack)_record0001,576,accel_x_g,9,18,2.14,early,0.5020903283206798,0.7038649462439436,0.16729354511610192,0.18076578451516762,0.28177223265628615
singleonly_subject087_Chest_Press_(rack)_record0001,576,accel_x_g,9,18,2.14,middle,0.24797563624748675,0.3476293966086263,0.2826854956541957,0.29048467247675036,0.3826659772948624
singleonly_subject087_Chest_Press_(rack)_record0001,576,accel_x_g,9,18,2.14,late,0.24993403543183346,0.3503748160259347,0.37745916473916313,0.37926990067340605,0.4319802819020666
singleonly_subject087_Chest_Press_(rack)_record0001,576,accel_x_g,10,18,2.02,early,0.5143000787223239,0.7638119981024611,0.09204862870911501,0.10241643866791117,0.17989264135672223
singleonly_subject087_Chest_Press_(rack)_record0001,576,accel_x_g,10,18,2.02,middle,0.23338756568561603,0.3466151965627961,0.17620483847789598,0.18372024497826608,0.26682006185952656
singleonly_subject087_Chest_Press_(rack)_record0001,576,accel_x_g,10,18,2.02,late,0.2523123555920601,0.37472132018622784,0.25513477370282156,0.2590050987729583,0.38413586696462765
singleonly_subject087_Chest_Press_(rack)_record0001,576,accel_x_g,11,18,2.0,early,0.4754311257663607,0.7131466886495411,0.13956876977142962,0.15421226616589928,0.2629709559686063
singleonly_subject087_Chest_Press_(rack)_record0001,576,accel_x_g,11,18,2.0,middle,0.32255859514149365,0.4838378927122405,0.238317941661685,0.24777396705068122,0.35754703541868615
singleonly_subject087_Chest_Press_(rack)_record0001,576,accel_x_g,11,18,2.0,late,0.20201027909214564,0.3030154186382184,0.34218271538300254,0.3444560420897524,0.44829986319698933
singleonly_subject087_Chest_Press_(rack)_record0001,576,accel_x_g,12,18,1.98,early,0.5878591030693487,0.8906956107111346,0.13277765289817184,0.15323154028001432,0.31786066293535675
singleonly_subject087_Chest_Press_(rack)_record0001,576,accel_x_g,12,18,1.98,middle,0.16101269501649773,0.2439586288128754,0.21732400963842002,0.23247231353912304,0.3349682829836139
singleonly_subject087_Chest_Press_(rack)_record0001,576,accel_x_g,12,18,1.98,late,0.2511282019141535,0.38049727562750535,0.31618145360655614,0.3190437361433487,0.4023457188366514
singleonly_subject087_Chest_Press_(rack)_record0001,576,accel_x_g,13,18,1.94,early,0.5386818543885213,0.8330131768894661,0.1705127173986756,0.2021155136326658,0.4370514729824747
singleonly_subject087_Chest_Press_(rack)_record0001,576,accel_x_g,13,18,1.94,middle,0.17527429286577578,0.2710427209264574,0.2211345195566774,0.22874912106483627,0.3322578227989247
singleonly_subject087_Chest_Press_(rack)_record0001,576,accel_x_g,13,18,1.94,late,0.2860438527457029,0.44233585476139614,0.34213800458909477,0.34831539815591067,0.49384577430538446
singleonly_subject087_Chest_Press_(rack)_record0001,576,accel_x_g,14,18,2.12,early,0.9545073072452123,1.3507178876111494,0.34256940651682083,0.4007549871766365,0.9011646753377488
singleonly_subject087_Chest_Press_(rack)_record0001,576,accel_x_g,14,18,2.12,middle,0.0,0.0,0.3360699033784101,0.34264602523298854,0.4981206467341669
singleonly_subject087_Chest_Press_(rack)_record0001,576,accel_x_g,14,18,2.12,late,0.045492692754787734,0.06437645201149207,0.43944523489419857,0.443974561299963,0.6836590678157787
singleonly_subject087_Chest_Press_(rack)_record0001,576,accel_x_g,15,18,1.98,early,0.5565939074755427,0.8433241022356709,0.2945009417040809,0.3292511870797827,0.5951967542831637
singleonly_subject087_Chest_Press_(rack)_record0001,576,accel_x_g,15,18,1.98,middle,0.11366771533861142,0.17222381111910823,0.32192385605097024,0.3271978627629504,0.45071529228184903
singleonly_subject087_Chest_Press_(rack)_record0001,576,accel_x_g,15,18,1.98,late,0.32973837718584587,0.49960360179673613,0.44739594829877233,0.44983171623317975,0.5528102313006972
singleonly_subject087_Chest_Press_(rack)_record0001,576,accel_x_g,16,18,2.18,early,0.9497426231240799,1.3069852611799264,0.316543549524026,0.4046378244336306,0.9174526401895216
singleonly_subject087_Chest_Press_(rack)_record0001,576,accel_x_g,16,18,2.18,middle,0.0,0.0,0.31258105690688737,0.31821691086079823,0.40246945649125765
singleonly_subject087_Chest_Press_(rack)_record0001,576,accel_x_g,16,18,2.18,late,0.050257376875920134,0.06916152781089925,0.41139650479410045,0.41407583087097904,0.548092206615171
singleonly_subject087_Chest_Press_(rack)_record0001,576,accel_x_g,17,18,2.0,early,0.544745007313932,0.8171175109708981,0.054518915260744205,0.07676153914695683,0.2677883223376806
singleonly_subject087_Chest_Press_(rack)_record0001,576,accel_x_g,17,18,2.0,middle,0.26401378880272786,0.3960206832040918,0.10243022307174357,0.11604558513517814,0.20511209802305985
singleonly_subject087_Chest_Press_(rack)_record0001,576,accel_x_g,17,18,2.0,late,0.1912412038833401,0.2868618058250101,0.1856821113386687,0.19081810222188492,0.31625458104673543
singleonly_subject087_Chest_Press_(rack)_record0001,576,accel_x_g,18,18,1.96,early,0.4414780943074832,0.6757317770012498,0.07385323375482578,0.08660459936251272,0.14075388073627548
singleonly_subject087_Chest_Press_(rack)_record0001,576,accel_x_g,18,18,1.96,middle,0.2774577546799347,0.4246802367550021,0.16935786272935932,0.17665526863829564,0.26442631147289397
singleonly_subject087_Chest_Press_(rack)_record0001,576,accel_x_g,18,18,1.96,late,0.2810641510125821,0.4302002311417072,0.24277150686278984,0.249099382090844,0.39043635231734464
singleonly_subject089_Chest_Press_(rack)_record0001,579,accel_y_g,1,16,2.42,early,0.40928565131055894,0.5073789065833375,0.07061813333654016,0.09169514201547356,0.21742080102018285
singleonly_subject089_Chest_Press_(rack)_record0001,579,accel_y_g,1,16,2.42,middle,0.15064913204556163,0.18675512237053096,0.10258169591007513,0.11740926024047224,0.3001119480326722
singleonly_subject089_Chest_Press_(rack)_record0001,579,accel_y_g,1,16,2.42,late,0.44006521664387943,0.5455353925337347,0.28018083840908414,0.3069257715897067,0.677744734482078
singleonly_subject089_Chest_Press_(rack)_record0001,579,accel_y_g,2,16,1.94,early,0.37563304195688607,0.580875838077659,0.11180913861730794,0.1287956240878178,0.2904649819011862
singleonly_subject089_Chest_Press_(rack)_record0001,579,accel_y_g,2,16,1.94,middle,0.016092108924644244,0.02488470452264574,0.1433161434496194,0.1555886772478799,0.27962844125880365
singleonly_subject089_Chest_Press_(rack)_record0001,579,accel_y_g,2,16,1.94,late,0.6082748491184697,0.940631209977015,0.3157318727984779,0.34092727020892477,0.6203118008821827
singleonly_subject089_Chest_Press_(rack)_record0001,579,accel_y_g,3,16,1.76,early,0.3652297488851442,0.6225507083269504,0.13670178073600298,0.15056819847343142,0.25506085275901863
singleonly_subject089_Chest_Press_(rack)_record0001,579,accel_y_g,3,16,1.76,middle,0.0,0.0,0.11204318625268314,0.11746988010198393,0.18498925047076764
singleonly_subject089_Chest_Press_(rack)_record0001,579,accel_y_g,3,16,1.76,late,0.6347702511148559,1.081994746218504,0.318650379857999,0.343083944304767,0.6392554255075761
singleonly_subject089_Chest_Press_(rack)_record0001,579,accel_y_g,4,16,2.0,early,0.19833578270314234,0.2975036740547135,0.08135694224359259,0.09309183319325673,0.16335199677682685
singleonly_subject089_Chest_Press_(rack)_record0001,579,accel_y_g,4,16,2.0,middle,0.02372081930408418,0.03558122895612627,0.10177641853903618,0.1106062249791464,0.19432153424293586
singleonly_subject089_Chest_Press_(rack)_record0001,579,accel_y_g,4,16,2.0,late,0.7779433979927735,1.16691509698916,0.2584764358598379,0.2936573161621551,0.5787638741535361
singleonly_subject089_Chest_Press_(rack)_record0001,579,accel_y_g,5,16,1.94,early,0.23702677154549576,0.3665362446579832,0.11316301557264369,0.12713349657681058,0.19598924501073606
singleonly_subject089_Chest_Press_(rack)_record0001,579,accel_y_g,5,16,1.94,middle,0.0036328808616943598,0.005617857002620144,0.11718695924415094,0.12515632483028502,0.21162666526220647
singleonly_subject089_Chest_Press_(rack)_record0001,579,accel_y_g,5,16,1.94,late,0.7593403475928099,1.1742376509167163,0.2928919504799765,0.3251697020050606,0.516653071129718
singleonly_subject089_Chest_Press_(rack)_record0001,579,accel_y_g,6,16,2.0,early,0.39665448114675145,0.5949817217201272,0.07111591862191245,0.08905041239501796,0.207860591111563
singleonly_subject089_Chest_Press_(rack)_record0001,579,accel_y_g,6,16,2.0,middle,0.16063509639077983,0.24095264458616975,0.09507222935221142,0.11979822052838372,0.2485104925525027
singleonly_subject089_Chest_Press_(rack)_record0001,579,accel_y_g,6,16,2.0,late,0.4427104224624687,0.664065633693703,0.25800236398068255,0.28921453160378185,0.4834627777197926
singleonly_subject089_Chest_Press_(rack)_record0001,579,accel_y_g,7,16,1.64,early,0.4032823137774212,0.7377115495928437,0.07912815202005168,0.09613413556230478,0.20384489972813324
singleonly_subject089_Chest_Press_(rack)_record0001,579,accel_y_g,7,16,1.64,middle,0.0,0.0,0.09036542684213658,0.10930757906752646,0.20075315936059346
singleonly_subject089_Chest_Press_(rack)_record0001,579,accel_y_g,7,16,1.64,late,0.5967176862225788,1.091556743090083,0.13921760096771968,0.1841974476813614,0.5464160125105892
singleonly_subject089_Chest_Press_(rack)_record0001,579,accel_y_g,8,16,1.98,early,0.38271791856604326,0.5798756341909747,0.1421970098240829,0.1514304226239586,0.23987632334749925
singleonly_subject089_Chest_Press_(rack)_record0001,579,accel_y_g,8,16,1.98,middle,0.30409363231427095,0.46074792774889545,0.16219458238121967,0.17463569899859097,0.3330500787386246
singleonly_subject089_Chest_Press_(rack)_record0001,579,accel_y_g,8,16,1.98,late,0.3131884491196858,0.47452795321164515,0.3372650046369169,0.3636776487346812,0.6205755559736333
singleonly_subject089_Chest_Press_(rack)_record0001,579,accel_y_g,9,16,1.84,early,0.4075713163512044,0.6645184505726159,0.1700866874142101,0.1803079213456277,0.3299109750710394
singleonly_subject089_Chest_Press_(rack)_record0001,579,accel_y_g,9,16,1.84,middle,0.0,0.0,0.1686532400034726,0.181458096883664,0.34004002773957476
singleonly_subject089_Chest_Press_(rack)_record0001,579,accel_y_g,9,16,1.84,late,0.5924286836487955,0.9659163320360795,0.33192970222315965,0.3505900582724204,0.539247843586315
singleonly_subject089_Chest_Press_(rack)_record0001,579,accel_y_g,10,16,1.52,early,0.3005966879611798,0.5932829367654865,0.1169073010122465,0.13298170453375419,0.2506765957615567
singleonly_subject089_Chest_Press_(rack)_record0001,579,accel_y_g,10,16,1.52,middle,0.06238330000514597,0.12312493422068285,0.1488641771482743,0.15300082310060512,0.21748974528072124
singleonly_subject089_Chest_Press_(rack)_record0001,579,accel_y_g,10,16,1.52,late,0.6370200120336742,1.2572763395401463,0.1978601383977942,0.22931402918502788,0.49638116286858774
singleonly_subject089_Chest_Press_(rack)_record0001,579,accel_y_g,11,16,1.74,early,0.31888423082587364,0.5498003979756443,0.12283458669906763,0.14600010096285043,0.345574643683938
singleonly_subject089_Chest_Press_(rack)_record0001,579,accel_y_g,11,16,1.74,middle,0.0,0.0,0.1210561887026565,0.1329429578596893,0.2646872804887389
singleonly_subject089_Chest_Press_(rack)_record0001,579,accel_y_g,11,16,1.74,late,0.6811157691741263,1.1743375330588384,0.281877836135859,0.30403250994153286,0.5104561141309124
singleonly_subject089_Chest_Press_(rack)_record0001,579,accel_y_g,12,16,1.78,early,0.2841547528331868,0.478912504775034,0.11485517511141721,0.12952991666926264,0.2392888134568593
singleonly_subject089_Chest_Press_(rack)_record0001,579,accel_y_g,12,16,1.78,middle,0.0,0.0,0.1203810681910953,0.12979972574804155,0.22579897295174717
singleonly_subject089_Chest_Press_(rack)_record0001,579,accel_y_g,12,16,1.78,late,0.7158452471668132,1.2064807536519322,0.3131740849783917,0.33145910333173884,0.4820385837926932
singleonly_subject089_Chest_Press_(rack)_record0001,579,accel_y_g,13,16,1.74,early,0.26024318750937286,0.4486951508782291,0.1365162867151804,0.14532158535479628,0.2367278875374871
singleonly_subject089_Chest_Press_(rack)_record0001,579,accel_y_g,13,16,1.74,middle,0.0,0.0,0.13049873730522754,0.13780613407399572,0.20122917585952785
singleonly_subject089_Chest_Press_(rack)_record0001,579,accel_y_g,13,16,1.74,late,0.7397568124906271,1.2754427801562533,0.30608821485199394,0.32463813266743236,0.5196378387159354
singleonly_subject089_Chest_Press_(rack)_record0001,579,accel_y_g,14,16,1.62,early,0.3057036227802896,0.5661178199634993,0.08202276589920066,0.09390068306135257,0.18276759108126836
singleonly_subject089_Chest_Press_(rack)_record0001,579,accel_y_g,14,16,1.62,middle,0.0,0.0,0.07325704694762576,0.08978480976556658,0.20640464744804443
singleonly_subject089_Chest_Press_(rack)_record0001,579,accel_y_g,14,16,1.62,late,0.6942963772197104,1.2857340318883521,0.15329393932259877,0.1941178053491522,0.41652980452772803
singleonly_subject089_Chest_Press_(rack)_record0001,579,accel_y_g,15,16,1.94,early,0.10152760028441846,0.15700144373879144,0.03825157900112198,0.045799597467615506,0.09874168452818315
singleonly_subject089_Chest_Press_(rack)_record0001,579,accel_y_g,15,16,1.94,middle,0.28371758052967244,0.438738526592277,0.10111020520005949,0.12314259152653866,0.32438340819073597
singleonly_subject089_Chest_Press_(rack)_record0001,579,accel_y_g,15,16,1.94,late,0.6147548191859091,0.9506517822462511,0.33229039113489356,0.37052889917284687,0.6376889255998137
singleonly_subject089_Chest_Press_(rack)_record0001,579,accel_y_g,16,16,0.38,early,0.5154892077168003,4.069651639869477,0.0572923732510169,0.07766465121112578,0.1512150399756434
singleonly_subject089_Chest_Press_(rack)_record0001,579,accel_y_g,16,16,0.38,middle,0.3377725900265822,2.666625710736176,0.11616418073984107,0.13968620880875182,0.25285078010520384
singleonly_subject089_Chest_Press_(rack)_record0001,579,accel_y_g,16,16,0.38,late,0.1467382022566175,1.1584594914996116,0.16771679421274818,0.1962743156024848,0.38404569202225314
singleonly_subject089_Chest_Press_(rack)_record0002,579,accel_z_g,1,11,1.04,early,0.7036682051003792,2.029812130097248,0.06953653714984298,0.0844141976329606,0.14049741699956803
singleonly_subject089_Chest_Press_(rack)_record0002,579,accel_z_g,1,11,1.04,middle,0.13718507670448787,0.3957261828014073,0.08632143069455128,0.09200832988960239,0.1475951714519906
singleonly_subject089_Chest_Press_(rack)_record0002,579,accel_z_g,1,11,1.04,late,0.15914671819513293,0.4590770717167295,0.1351001142052635,0.14021604048166295,0.24491536134653405
singleonly_subject089_Chest_Press_(rack)_record0002,579,accel_z_g,2,11,1.16,early,0.35610745682577055,0.9209675607563033,0.09731016602673988,0.11139737215676553,0.1895506740435633
singleonly_subject089_Chest_Press_(rack)_record0002,579,accel_z_g,2,11,1.16,middle,0.4317742765416657,1.1166576117456875,0.1673960826685039,0.17591810504930383,0.27461383081298724
singleonly_subject089_Chest_Press_(rack)_record0002,579,accel_z_g,2,11,1.16,late,0.21211826663256372,0.5485817240497338,0.24411463546282608,0.24795816503458584,0.3757814473178544
singleonly_subject089_Chest_Press_(rack)_record0002,579,accel_z_g,3,11,1.1,early,0.21809720848489114,0.5948105685951576,0.19878317118477026,0.21216348413840944,0.3438374128265422
singleonly_subject089_Chest_Press_(rack)_record0002,579,accel_z_g,3,11,1.1,middle,0.34402224956515837,0.9382424988140682,0.2798381710824476,0.2822850280181439,0.34040338617376803
singleonly_subject089_Chest_Press_(rack)_record0002,579,accel_z_g,3,11,1.1,late,0.4378805419499505,1.194219659863501,0.36422926859139987,0.3733165910111233,0.4805952924512459
singleonly_subject089_Chest_Press_(rack)_record0002,579,accel_z_g,4,11,1.34,early,0.31186561574980887,0.6982066024249453,0.04070826195425376,0.05147890802909704,0.12036815670563393
singleonly_subject089_Chest_Press_(rack)_record0002,579,accel_z_g,4,11,1.34,middle,0.41540430424489605,0.9300096363691703,0.07263263441874612,0.0900807505951878,0.17755417497618792
singleonly_subject089_Chest_Press_(rack)_record0002,579,accel_z_g,4,11,1.34,late,0.2727300800052951,0.610589731355138,0.14106020280593334,0.16134841374364348,0.28315051998255447
singleonly_subject089_Chest_Press_(rack)_record0002,579,accel_z_g,5,11,1.42,early,0.3515600743283732,0.7427325513979717,0.1106690989365825,0.12902450167286697,0.23240308628367257
singleonly_subject089_Chest_Press_(rack)_record0002,579,accel_z_g,5,11,1.42,middle,0.1441691740583383,0.30458276209508095,0.19026992467225767,0.19462791282056188,0.25575789950545785
singleonly_subject089_Chest_Press_(rack)_record0002,579,accel_z_g,5,11,1.42,late,0.5042707516132885,1.0653607428449756,0.29749523220776486,0.3114151307250463,0.6150204294145638
singleonly_subject089_Chest_Press_(rack)_record0002,579,accel_z_g,6,11,1.48,early,0.37300746296854387,0.7560962087200214,0.11308208052539889,0.12198418891233742,0.18663257505766045
singleonly_subject089_Chest_Press_(rack)_record0002,579,accel_z_g,6,11,1.48,middle,0.329637561479516,0.6681842462422622,0.18917567099418425,0.1992509520884132,0.31592307647924694
singleonly_subject089_Chest_Press_(rack)_record0002,579,accel_z_g,6,11,1.48,late,0.2973549755519401,0.6027465720647435,0.26461111911111324,0.27530616343066977,0.4413386759723674
singleonly_subject089_Chest_Press_(rack)_record0002,579,accel_z_g,7,11,1.52,early,0.21698025254078443,0.4282504984357588,0.07849544510172442,0.09636725393474341,0.252082548635885
singleonly_subject089_Chest_Press_(rack)_record0002,579,accel_z_g,7,11,1.52,middle,0.3289999001853936,0.6493419082606453,0.14263179486250727,0.16139550092573893,0.2659200474607625
singleonly_subject089_Chest_Press_(rack)_record0002,579,accel_z_g,7,11,1.52,late,0.45401984727382194,0.8960918038299116,0.2656164637749041,0.27614273132293315,0.43083934319049244
singleonly_subject089_Chest_Press_(rack)_record0002,579,accel_z_g,8,11,1.46,early,0.3718745085237448,0.764125702446051,0.09943675303270616,0.11363350000589566,0.285539124886301
singleonly_subject089_Chest_Press_(rack)_record0002,579,accel_z_g,8,11,1.46,middle,0.09331788411548014,0.19174907694961674,0.16175479611622737,0.16972881948866567,0.285539124886301
singleonly_subject089_Chest_Press_(rack)_record0002,579,accel_z_g,8,11,1.46,late,0.534807607360775,1.0989197411522775,0.24368922961392,0.25148533234136966,0.3783608904151028
singleonly_subject089_Chest_Press_(rack)_record0002,579,accel_z_g,9,11,1.28,early,0.3102880737493824,0.727237672850115,0.06673471487557682,0.0775218171863072,0.1261013206771765
singleonly_subject089_Chest_Press_(rack)_record0002,579,accel_z_g,9,11,1.28,middle,0.2350965976437348,0.5510076507275035,0.11472023168048158,0.12651812229940268,0.2015494873694458
singleonly_subject089_Chest_Press_(rack)_record0002,579,accel_z_g,9,11,1.28,late,0.4546153286068828,1.0655046764223814,0.19276367966521005,0.2106510508751862,0.3329653081999115
singleonly_subject089_Chest_Press_(rack)_record0002,579,accel_z_g,10,11,0.24,early,0.35656558641706476,4.45706983021331,0.07223936427106448,0.0843886025900669,0.13303085711422416
singleonly_subject089_Chest_Press_(rack)_record0002,579,accel_z_g,10,11,0.24,middle,0.5573648480451134,6.967060600563919,0.22588612725194654,0.23558936705501043,0.3209584974729922
singleonly_subject089_Chest_Press_(rack)_record0002,579,accel_z_g,10,11,0.24,late,0.08606956553782186,1.075869569222773,0.2367166949407506,0.23752542763871767,0.2720207224286132
singleonly_subject089_Chest_Press_(rack)_record0002,579,accel_z_g,11,11,0.5,early,0.7868187288141872,4.720912372885124,0.3897365005700485,0.40950951062742996,0.59146770559492
singleonly_subject089_Chest_Press_(rack)_record0002,579,accel_z_g,11,11,0.5,middle,0.0,0.0,0.3975970678242861,0.4076518407812448,0.6284295267143611
singleonly_subject089_Chest_Press_(rack)_record0002,579,accel_z_g,11,11,0.5,late,0.21318127118581276,1.2790876271148763,0.39214491252235373,0.41403765929636854,0.6587195554759722
singleonly_subject089_Chest_Press_(rack)_record0003,579,accel_z_g,1,14,1.82,early,0.20617336675575343,0.3398462089380551,0.07288538415120636,0.09365283315002847,0.26436233546972543
singleonly_subject089_Chest_Press_(rack)_record0003,579,accel_z_g,1,14,1.82,middle,0.45734155368310264,0.7538597038732461,0.18437916534023352,0.20887421752472204,0.3818810497005869
singleonly_subject089_Chest_Press_(rack)_record0003,579,accel_z_g,1,14,1.82,late,0.33648507956114393,0.554645735540347,0.3583688218619776,0.395493270050315,0.733304621218284
singleonly_subject089_Chest_Press_(rack)_record0003,579,accel_z_g,2,14,0.3,early,0.4114567316121888,4.114567316121889,0.26239127850468724,0.3287007952925195,0.5258198818340174
singleonly_subject089_Chest_Press_(rack)_record0003,579,accel_z_g,2,14,0.3,middle,0.0,0.0,0.24306013821446928,0.27219378034868996,0.4412775638237363
singleonly_subject089_Chest_Press_(rack)_record0003,579,accel_z_g,2,14,0.3,late,0.5885432683878111,5.885432683878111,0.3979895864835024,0.4636714896007711,0.6919806285363028
singleonly_subject089_Chest_Press_(rack)_record0003,579,accel_z_g,3,14,0.68,early,0.24969019466292333,1.1015743882187794,0.07091232871528824,0.0840442890410825,0.14503169162788027
singleonly_subject089_Chest_Press_(rack)_record0003,579,accel_z_g,3,14,0.68,middle,0.08047146249390305,0.35502115806133694,0.14271233459659513,0.15849208596525288,0.26184101987422265
singleonly_subject089_Chest_Press_(rack)_record0003,579,accel_z_g,3,14,0.68,late,0.6698383428431736,2.9551691596022356,0.2938930875765657,0.32492144194998873,0.5689389529338643
singleonly_subject089_Chest_Press_(rack)_record0003,579,accel_z_g,4,14,1.2,early,0.29598910626947056,0.7399727656736764,0.08364303297670202,0.10003699224055758,0.17681182001443752
singleonly_subject089_Chest_Press_(rack)_record0003,579,accel_z_g,4,14,1.2,middle,0.5961354267256878,1.4903385668142195,0.29554086327600704,0.32483353797759196,0.6412461642764986
singleonly_subject089_Chest_Press_(rack)_record0003,579,accel_z_g,4,14,1.2,late,0.10787546700484174,0.26968866751210435,0.27181522879103626,0.3045146117477952,0.5878316316488423
singleonly_subject089_Chest_Press_(rack)_record0003,579,accel_z_g,5,14,0.7,early,0.278462216986363,1.1934095013701271,0.06688147513326342,0.07471107828354581,0.13698358633988642
singleonly_subject089_Chest_Press_(rack)_record0003,579,accel_z_g,5,14,0.7,middle,0.15765610096973598,0.6756690041560114,0.1732671738349053,0.17940977257691207,0.2370802557302304
singleonly_subject089_Chest_Press_(rack)_record0003,579,accel_z_g,5,14,0.7,late,0.563881682043901,2.416635780188147,0.278028934818943,0.2968974407828108,0.38429806593654214
singleonly_subject089_Chest_Press_(rack)_record0003,579,accel_z_g,6,14,1.14,early,0.22595084729946424,0.594607492893327,0.10010417839520956,0.12388629651154721,0.28118002419508
singleonly_subject089_Chest_Press_(rack)_record0003,579,accel_z_g,6,14,1.14,middle,0.610179300347809,1.605735000915287,0.2984725189858481,0.32212195573072366,0.5327361081304905
singleonly_subject089_Chest_Press_(rack)_record0003,579,accel_z_g,6,14,1.14,late,0.16386985235272677,0.4312364535598073,0.3000094798367621,0.343905772650829,0.7591539768079495
singleonly_subject089_Chest_Press_(rack)_record0003,579,accel_z_g,7,14,1.28,early,0.15520853428141038,0.3637700022220556,0.14963875245742778,0.1674658665415713,0.29849991356817696
singleonly_subject089_Chest_Press_(rack)_record0003,579,accel_z_g,7,14,1.28,middle,0.17443467854543213,0.4088312778408566,0.18955730796713172,0.20892748286511567,0.3973984564066305
singleonly_subject089_Chest_Press_(rack)_record0003,579,accel_z_g,7,14,1.28,late,0.6703567871731575,1.5711487199370875,0.34889740998336194,0.3704389059996025,0.5082619366718681
singleonly_subject089_Chest_Press_(rack)_record0003,579,accel_z_g,8,14,0.78,early,0.254121556211602,0.9773906008138538,0.17339465600115136,0.18641463142134387,0.25786772622458976
singleonly_subject089_Chest_Press_(rack)_record0003,579,accel_z_g,8,14,0.78,middle,0.22395309317047368,0.861358050655668,0.21904972814187657,0.23210863103854457,0.40838237239296815
singleonly_subject089_Chest_Press_(rack)_record0003,579,accel_z_g,8,14,0.78,late,0.5219253506179243,2.0074051946843237,0.43979486256107103,0.4517144724900011,0.653541889405869
singleonly_subject089_Chest_Press_(rack)_record0003,579,accel_z_g,9,14,1.08,early,0.20185570691546786,0.5607102969874107,0.07002284077191474,0.08906509141053551,0.2245593580635969
singleonly_subject089_Chest_Press_(rack)_record0003,579,accel_z_g,9,14,1.08,middle,0.09195847499572321,0.25544020832145337,0.14409551377635843,0.15463991094924123,0.2762193162911717
singleonly_subject089_Chest_Press_(rack)_record0003,579,accel_z_g,9,14,1.08,late,0.706185818088809,1.9616272724689137,0.3431719099072959,0.3641525758101023,0.6068255799087834
singleonly_subject089_Chest_Press_(rack)_record0003,579,accel_z_g,10,14,0.7,early,0.2816647426388086,1.2071346113091799,0.0942290979477219,0.11871583708090362,0.26104642245521753
singleonly_subject089_Chest_Press_(rack)_record0003,579,accel_z_g,10,14,0.7,middle,0.07400896048647398,0.3171812592277457,0.1586630453382661,0.1646046456532201,0.21326622762540812
singleonly_subject089_Chest_Press_(rack)_record0003,579,accel_z_g,10,14,0.7,late,0.6443262968747174,2.7613984151773603,0.3029092714617162,0.31793268206734443,0.48718899699192864
singleonly_subject089_Chest_Press_(rack)_record0003,579,accel_z_g,11,14,1.7,early,0.23706788149358726,0.4183550849886834,0.06298630561033584,0.07611513407376415,0.14315437461235117
singleonly_subject089_Chest_Press_(rack)_record0003,579,accel_z_g,11,14,1.7,middle,0.7333010789895484,1.294060727628615,0.2510025804633294,0.278125310072493,0.5724986469098958
singleonly_subject089_Chest_Press_(rack)_record0003,579,accel_z_g,11,14,1.7,late,0.0296310395168643,0.052290069735642875,0.3404557432382533,0.35683512840823056,0.5623540968102374
singleonly_subject089_Chest_Press_(rack)_record0003,579,accel_z_g,12,14,1.6,early,0.2780786424460376,0.5213974545863205,0.11241460175049921,0.13326221571942587,0.2506586976438688
singleonly_subject089_Chest_Press_(rack)_record0003,579,accel_z_g,12,14,1.6,middle,0.48902656135027917,0.9169248025317734,0.24793929290806827,0.27397965291514065,0.5132971289454664
singleonly_subject089_Chest_Press_(rack)_record0003,579,accel_z_g,12,14,1.6,late,0.23289479620368325,0.43667774288190603,0.41718748172482567,0.4573649198295914,0.8103102616658009
singleonly_subject089_Chest_Press_(rack)_record0003,579,accel_z_g,13,14,1.1,early,0.37049493930596905,1.0104407435617337,0.18004374525090763,0.19958132192027098,0.33209435201120824
singleonly_subject089_Chest_Press_(rack)_record0003,579,accel_z_g,13,14,1.1,middle,0.6081976514995697,1.6587208677260992,0.32344323560383026,0.3594640408585632,0.6536158001979121
singleonly_subject089_Chest_Press_(rack)_record0003,579,accel_z_g,13,14,1.1,late,0.02130740919446128,0.058111115984894386,0.4656203694157093,0.4843406847543519,0.7084630306080091
singleonly_subject089_Chest_Press_(rack)_record0003,579,accel_z_g,14,14,1.82,early,0.3049410718684322,0.5026501184644487,0.07960927507057773,0.09739346878206279,0.24010663979505342
singleonly_subject089_Chest_Press_(rack)_record0003,579,accel_z_g,14,14,1.82,middle,0.5199120523024833,0.8569978884106867,0.1994172263352176,0.21628599549182365,0.40802386768658866
singleonly_subject089_Chest_Press_(rack)_record0003,579,accel_z_g,14,14,1.82,late,0.1751468758290845,0.28870364147651284,0.3231844127851244,0.3313052732285941,0.47223745352047153
singleonly_subject089_Chest_Press_(rack)_record0004,579,accel_y_g,1,8,2.36,early,0.7052717087992538,0.8965318332193905,0.45054700649259966,0.4653921543121232,0.6221019791727546
singleonly_subject089_Chest_Press_(rack)_record0004,579,accel_y_g,1,8,2.36,middle,0.2146417051519608,0.2728496251931705,0.5037624984533764,0.5093381396943799,0.6488165693910133
singleonly_subject089_Chest_Press_(rack)_record0004,579,accel_y_g,1,8,2.36,late,0.08008658604878538,0.10180498226540513,0.4789691296436717,0.4878508575914571,0.7119084147225452
singleonly_subject089_Chest_Press_(rack)_record0004,579,accel_y_g,2,8,2.1,early,0.4972217104284693,0.7103167291835276,0.2936841601502371,0.3099468868456106,0.4895747498127684
singleonly_subject089_Chest_Press_(rack)_record0004,579,accel_y_g,2,8,2.1,middle,0.2346845265301165,0.3352636093287379,0.322407926777709,0.32773212453171346,0.44554647502092304
singleonly_subject089_Chest_Press_(rack)_record0004,579,accel_y_g,2,8,2.1,late,0.2680937630414142,0.3829910900591631,0.32998934698574733,0.351958712506609,0.5670857285720653
singleonly_subject089_Chest_Press_(rack)_record0004,579,accel_y_g,3,8,0.2,early,0.11562458805028712,1.7343688207543069,0.06771484132894184,0.0743320301316511,0.1004818929660336
singleonly_subject089_Chest_Press_(rack)_record0004,579,accel_y_g,3,8,0.2,middle,0.4412962450254107,6.61944367538116,0.1000297739507426,0.10043516153461614,0.11836785508017042
singleonly_subject089_Chest_Press_(rack)_record0004,579,accel_y_g,3,8,0.2,late,0.44307916692430216,6.646187503864531,0.28713902043450285,0.3053299134206826,0.4005703601647984
singleonly_subject089_Chest_Press_(rack)_record0004,579,accel_y_g,4,8,3.36,early,0.6643351492262556,0.5931563832377282,0.5587089598613071,0.5697798934425199,0.6827262414052316
singleonly_subject089_Chest_Press_(rack)_record0004,579,accel_y_g,4,8,3.36,middle,0.23988049634129283,0.21417901459044006,0.5890236423288145,0.5988913695066543,0.850854333311194
singleonly_subject089_Chest_Press_(rack)_record0004,579,accel_y_g,4,8,3.36,late,0.09578435443245159,0.08552174502897462,0.5291026478274794,0.5417518323503718,1.1126837560437848
singleonly_subject089_Chest_Press_(rack)_record0004,579,accel_y_g,5,8,2.08,early,0.7103047075741212,1.024477943616521,0.2669609213789287,0.28008755393337453,0.3852733475955974
singleonly_subject089_Chest_Press_(rack)_record0004,579,accel_y_g,5,8,2.08,middle,0.1324072155687004,0.1909719455317794,0.2931653843942956,0.3055668041258854,0.5131897397675951
singleonly_subject089_Chest_Press_(rack)_record0004,579,accel_y_g,5,8,2.08,late,0.15728807685717838,0.22685780315939186,0.3053825924537817,0.3185007336739398,0.6905720679604546
singleonly_subject089_Chest_Press_(rack)_record0004,579,accel_y_g,6,8,1.46,early,0.5596092396297874,1.1498819992392892,0.10751929919516068,0.1351579041793682,0.336472107578318
singleonly_subject089_Chest_Press_(rack)_record0004,579,accel_y_g,6,8,1.46,middle,0.1706516255161633,0.3506540250332123,0.11203056057956372,0.1364698246243235,0.3216265156215603
singleonly_subject089_Chest_Press_(rack)_record0004,579,accel_y_g,6,8,1.46,late,0.2697391348540493,0.5542584962754438,0.17251842282164379,0.19658231475833549,0.3728907447242965
singleonly_subject089_Chest_Press_(rack)_record0004,579,accel_y_g,7,8,0.2,early,0.16834517983700126,2.525177697555019,0.10799461258435236,0.12808838856268612,0.1981595139767801
singleonly_subject089_Chest_Press_(rack)_record0004,579,accel_y_g,7,8,0.2,middle,0.48769509833135216,7.315426474970282,0.0351670502591504,0.041225239367377486,0.07694543396797349
singleonly_subject089_Chest_Press_(rack)_record0004,579,accel_y_g,7,8,0.2,late,0.3439597218316466,5.159395827474698,0.15689240622462983,0.1709670561169841,0.2528418213658066
singleonly_subject089_Chest_Press_(rack)_record0004,579,accel_y_g,8,8,2.64,early,0.43935485511394784,0.4992668808113044,0.08707518876814013,0.10320784984711587,0.23777743541678076
singleonly_subject089_Chest_Press_(rack)_record0004,579,accel_y_g,8,8,2.64,middle,0.047286510597907616,0.053734671133985924,0.09117747576478281,0.10430699832362282,0.20781285814984596
singleonly_subject089_Chest_Press_(rack)_record0004,579,accel_y_g,8,8,2.64,late,0.5133586342881445,0.583362084418346,0.10813905515952033,0.1672689622680749,0.5993370337667671
singleonly_subject091_Chest_Press_(rack)_record0001,564,accel_x_g,1,21,1.54,early,0.2675146223800919,0.5211323812599192,0.06819289972395917,0.08357551800993966,0.17850497140505084
singleonly_subject091_Chest_Press_(rack)_record0001,564,accel_x_g,1,21,1.54,middle,0.05995943849701363,0.11680410096820837,0.06643628296042696,0.07598260338610122,0.14502896197351944
singleonly_subject091_Chest_Press_(rack)_record0001,564,accel_x_g,1,21,1.54,late,0.6725259391228945,1.3101154658238203,0.15536403830954126,0.18128342279816095,0.3802790434870711
singleonly_subject091_Chest_Press_(rack)_record0001,564,accel_x_g,2,21,2.9,early,0.5919278229331487,0.6123391271722228,0.31618508595128514,0.3367934459529656,0.47961952032736865
singleonly_subject091_Chest_Press_(rack)_record0001,564,accel_x_g,2,21,2.9,middle,0.0,0.0,0.32541070717096515,0.3394305093864834,0.5252182527629409
singleonly_subject091_Chest_Press_(rack)_record0001,564,accel_x_g,2,21,2.9,late,0.4080721770668513,0.4221436314484668,0.44626086082593247,0.454600060358631,0.6433942681287504
singleonly_subject091_Chest_Press_(rack)_record0001,564,accel_x_g,3,21,1.08,early,0.5202722721376599,1.4452007559379443,0.4908074618269705,0.5210915893898905,0.734383140288632
singleonly_subject091_Chest_Press_(rack)_record0001,564,accel_x_g,3,21,1.08,middle,0.06396020282153225,0.17766723005981183,0.6091857244214367,0.6111146738773005,0.7139230318063365
singleonly_subject091_Chest_Press_(rack)_record0001,564,accel_x_g,3,21,1.08,late,0.41576752504080783,1.1549097917800215,0.689711060861901,0.6940609146562899,0.8464396512417769
singleonly_subject091_Chest_Press_(rack)_record0001,564,accel_x_g,4,21,0.82,early,0.45094063622438396,1.6497828154550633,0.4184464332011491,0.45009384772180505,0.6541165169469184
singleonly_subject091_Chest_Press_(rack)_record0001,564,accel_x_g,4,21,0.82,middle,0.18856572689986384,0.689874610609258,0.5646024995896688,0.5664527404058882,0.6512810347957557
singleonly_subject091_Chest_Press_(rack)_record0001,564,accel_x_g,4,21,0.82,late,0.3604936368757522,1.3188791593015323,0.6976734808112817,0.7032313158227415,0.9011617520255538
singleonly_subject091_Chest_Press_(rack)_record0001,564,accel_x_g,5,21,1.22,early,0.19074747341304732,0.4690511641304443,0.04867321241926582,0.06138195270981538,0.14543408872783026
singleonly_subject091_Chest_Press_(rack)_record0001,564,accel_x_g,5,21,1.22,middle,0.451498256853584,1.1102416152137313,0.14557277291877985,0.16507978809327703,0.30988985222443943
singleonly_subject091_Chest_Press_(rack)_record0001,564,accel_x_g,5,21,1.22,late,0.35775426973336866,0.8797236140984475,0.2867343048362001,0.2943001728572056,0.42050788408374695
singleonly_subject091_Chest_Press_(rack)_record0001,564,accel_x_g,6,21,1.32,early,0.3248199589483048,0.7382271794279655,0.16735213530892085,0.173959463609986,0.24464322943875438
singleonly_subject091_Chest_Press_(rack)_record0001,564,accel_x_g,6,21,1.32,middle,0.2831177734965747,0.643449485219488,0.31424407134826216,0.3230470719841829,0.4591556839315064
singleonly_subject091_Chest_Press_(rack)_record0001,564,accel_x_g,6,21,1.32,late,0.3920622675551205,0.8910506080798193,0.4181257737420187,0.4238341808943242,0.5313772609682582
singleonly_subject091_Chest_Press_(rack)_record0001,564,accel_x_g,7,21,1.24,early,0.3387287258676955,0.8195049819379729,0.09168645130483453,0.1128419285343997,0.25823928788501826
singleonly_subject091_Chest_Press_(rack)_record0001,564,accel_x_g,7,21,1.24,middle,0.1981077790155759,0.4792930137473611,0.12435991489438657,0.13554844861653614,0.2451399437684635
singleonly_subject091_Chest_Press_(rack)_record0001,564,accel_x_g,7,21,1.24,late,0.4631634951167286,1.1205568430243433,0.21691976864388368,0.23577831620025955,0.3883715425062314
singleonly_subject091_Chest_Press_(rack)_record0001,564,accel_x_g,8,21,1.2,early,0.32363904558713547,0.8090976139678387,0.15528531913811486,0.16984165571619958,0.2715411855118497
singleonly_subject091_Chest_Press_(rack)_record0001,564,accel_x_g,8,21,1.2,middle,0.299959582816755,0.7498989570418876,0.3063717751061328,0.3139545575222174,0.4291869242009707
singleonly_subject091_Chest_Press_(rack)_record0001,564,accel_x_g,8,21,1.2,late,0.37640137159610954,0.9410034289902738,0.41989254686421795,0.42567225663452063,0.5572724625190049
singleonly_subject091_Chest_Press_(rack)_record0001,564,accel_x_g,9,21,1.28,early,0.2963397615939505,0.6945463162358215,0.1077272112786044,0.12395238560521611,0.23225173094889717
singleonly_subject091_Chest_Press_(rack)_record0001,564,accel_x_g,9,21,1.28,middle,0.3177000513120384,0.74460949526259,0.24620603046305542,0.2561206884901898,0.39589136593081664
singleonly_subject091_Chest_Press_(rack)_record0001,564,accel_x_g,9,21,1.28,late,0.38596018709401114,0.9045941885015885,0.4019225425018305,0.407343193584588,0.5249676786814007
singleonly_subject091_Chest_Press_(rack)_record0001,564,accel_x_g,10,21,1.26,early,0.3258052432725016,0.7757267696964324,0.08958290671095419,0.1270203516219653,0.3168465859302364
singleonly_subject091_Chest_Press_(rack)_record0001,564,accel_x_g,10,21,1.26,middle,0.3268694210088585,0.7782605262115679,0.27096631944958427,0.284721302069977,0.47786550815481743
singleonly_subject091_Chest_Press_(rack)_record0001,564,accel_x_g,10,21,1.26,late,0.3473253357186399,0.8269650850443806,0.350004135131847,0.3609726013329678,0.5138354971404401
singleonly_subject091_Chest_Press_(rack)_record0001,564,accel_x_g,11,21,1.26,early,0.38614639123684835,0.9193961696115437,0.13393619199857235,0.15725685904405198,0.3180352070710659
singleonly_subject091_Chest_Press_(rack)_record0001,564,accel_x_g,11,21,1.26,middle,0.19144064798124594,0.45581106662201415,0.2789570782580138,0.28368430025687985,0.4036793759201607
singleonly_subject091_Chest_Press_(rack)_record0001,564,accel_x_g,11,21,1.26,late,0.4224129607819057,1.005745144718823,0.3732089635299248,0.3824204640379768,0.5179958826256119
singleonly_subject091_Chest_Press_(rack)_record0001,564,accel_x_g,12,21,1.16,early,0.3322054931556801,0.8591521374715866,0.09314475086222879,0.12082566383443955,0.3465660719244248
singleonly_subject091_Chest_Press_(rack)_record0001,564,accel_x_g,12,21,1.16,middle,0.23291695009756402,0.602371422666114,0.23332311018473087,0.24237007003892905,0.319414788312955
singleonly_subject091_Chest_Press_(rack)_record0001,564,accel_x_g,12,21,1.16,late,0.4348775567467559,1.1246833364140238,0.35898355658475933,0.3681965054744232,0.5441031799799669
singleonly_subject091_Chest_Press_(rack)_record0001,564,accel_x_g,13,21,1.16,early,0.32123703061413955,0.8307854240020852,0.10746290276371456,0.12563334181543284,0.21148876587639098
singleonly_subject091_Chest_Press_(rack)_record0001,564,accel_x_g,13,21,1.16,middle,0.26806802287670384,0.6932793695087169,0.25330994776919924,0.2592715226469697,0.3679155945892574
singleonly_subject091_Chest_Press_(rack)_record0001,564,accel_x_g,13,21,1.16,late,0.4106949465091566,1.0621421030409224,0.37015449507016046,0.3776652291855692,0.49622045571601126
singleonly_subject091_Chest_Press_(rack)_record0001,564,accel_x_g,14,21,1.16,early,0.29834247409889525,0.7715753640488672,0.11646575494163788,0.14256748848502804,0.25680141921299704
singleonly_subject091_Chest_Press_(rack)_record0001,564,accel_x_g,14,21,1.16,middle,0.2641611357407505,0.6831753510536652,0.2275224945264221,0.2336610683445724,0.330093333057218
singleonly_subject091_Chest_Press_(rack)_record0001,564,accel_x_g,14,21,1.16,late,0.43749639016035424,1.1314561814491921,0.3643888017746109,0.37309227841929804,0.5333614536447202
singleonly_subject091_Chest_Press_(rack)_record0001,564,accel_x_g,15,21,1.16,early,0.333131526881615,0.861547052280039,0.135117823666632,0.15852195465927105,0.3285677558074003
singleonly_subject091_Chest_Press_(rack)_record0001,564,accel_x_g,15,21,1.16,middle,0.24246258343068344,0.6270584054241815,0.2649795623677652,0.2691323486749062,0.34468280503582216
singleonly_subject091_Chest_Press_(rack)_record0001,564,accel_x_g,15,21,1.16,late,0.42440588968770154,1.097601438847504,0.3707209833557252,0.37809411698997897,0.5038857682096658
singleonly_subject091_Chest_Press_(rack)_record0001,564,accel_x_g,16,21,1.14,early,0.3200629625914036,0.8422709541879043,0.07779307770203667,0.09289825417787492,0.19622696446768584
singleonly_subject091_Chest_Press_(rack)_record0001,564,accel_x_g,16,21,1.14,middle,0.3059075576979196,0.805019888678736,0.1810155414189833,0.19052539129141555,0.2726198507315364
singleonly_subject091_Chest_Press_(rack)_record0001,564,accel_x_g,16,21,1.14,late,0.3740294797106768,0.9842881045017811,0.26446436822675745,0.2744086666587428,0.39774212354208405
singleonly_subject091_Chest_Press_(rack)_record0001,564,accel_x_g,17,21,1.14,early,0.2847791921992428,0.7494189268401127,0.06240123518577797,0.08426104149875872,0.2182832056227174
singleonly_subject091_Chest_Press_(rack)_record0001,564,accel_x_g,17,21,1.14,middle,0.33745981673425923,0.8880521493006823,0.17029760550456102,0.18126674190598402,0.2949806974955155
singleonly_subject091_Chest_Press_(rack)_record0001,564,accel_x_g,17,21,1.14,late,0.37776099106649796,0.9941078712276262,0.3001363659839822,0.30950124927539,0.4261274919879755
singleonly_subject091_Chest_Press_(rack)_record0001,564,accel_x_g,18,21,1.24,early,0.3042635484769785,0.7361214882507544,0.08240532426196513,0.10886529688506583,0.28569029450201733
singleonly_subject091_Chest_Press_(rack)_record0001,564,accel_x_g,18,21,1.24,middle,0.2577112248115669,0.6234948987376618,0.22596856474881594,0.2313992466033194,0.3297097885385104
singleonly_subject091_Chest_Press_(rack)_record0001,564,accel_x_g,18,21,1.24,late,0.4380252267114546,1.059738451721261,0.3133196528715497,0.32454049584523337,0.5235405735738407
singleonly_subject091_Chest_Press_(rack)_record0001,564,accel_x_g,19,21,1.22,early,0.4266415425908687,1.0491185473545954,0.13384713470244575,0.1520820082709899,0.26228615120753684
singleonly_subject091_Chest_Press_(rack)_record0001,564,accel_x_g,19,21,1.22,middle,0.2056086325399401,0.5055949980490331,0.275903684246976,0.28049572633790226,0.3681919307781637
singleonly_subject091_Chest_Press_(rack)_record0001,564,accel_x_g,19,21,1.22,late,0.36774982486919117,0.9043028480389946,0.3515617657167552,0.35905366086418034,0.48381280921395675
singleonly_subject091_Chest_Press_(rack)_record0001,564,accel_x_g,20,21,1.26,early,0.35034248760464426,0.8341487800110577,0.05502317813541319,0.07572626871100473,0.19463714525918374
singleonly_subject091_Chest_Press_(rack)_record0001,564,accel_x_g,20,21,1.26,middle,0.26394600381239075,0.628442866219978,0.18242650535929997,0.18998109141406935,0.26202634643045797
singleonly_subject091_Chest_Press_(rack)_record0001,564,accel_x_g,20,21,1.26,late,0.385711508582965,0.9183607347213452,0.28717961123326813,0.29392150287241214,0.39732313814010567
singleonly_subject091_Chest_Press_(rack)_record0001,564,accel_x_g,21,21,1.3,early,0.4184522359770574,0.9656590061009016,0.08637364451639558,0.1083334137323237,0.19142574478132468
singleonly_subject091_Chest_Press_(rack)_record0001,564,accel_x_g,21,21,1.3,middle,0.22450640337245653,0.5180917000902843,0.20971891184893673,0.21308243750472927,0.2637968326739112
singleonly_subject091_Chest_Press_(rack)_record0001,564,accel_x_g,21,21,1.3,late,0.3570413606504861,0.8239416015011216,0.27204405318381175,0.2771766450104425,0.38670509515920537
singleonly_subject092_Chest_Press_(rack)_record0001,231,accel_z_g,1,17,1.9,early,0.6052248994993772,0.9556182623674377,0.11118614449002073,0.13134234583572682,0.2475461227209355
singleonly_subject092_Chest_Press_(rack)_record0001,231,accel_z_g,1,17,1.9,middle,0.0,0.0,0.057380885269103184,0.06770784948762125,0.12825075896185845
singleonly_subject092_Chest_Press_(rack)_record0001,231,accel_z_g,1,17,1.9,late,0.3947751005006228,0.6233291060536149,0.21434090249422416,0.22743927294876431,0.3750171679647273
singleonly_subject092_Chest_Press_(rack)_record0001,231,accel_z_g,2,17,1.88,early,0.3778739904824621,0.6029904103443545,0.12550978644793373,0.13228941456135923,0.20659755973891514
singleonly_subject092_Chest_Press_(rack)_record0001,231,accel_z_g,2,17,1.88,middle,0.0,0.0,0.10672877125422857,0.11398344267793585,0.18312847467228488
singleonly_subject092_Chest_Press_(rack)_record0001,231,accel_z_g,2,17,1.88,late,0.6221260095175378,0.9927542705067093,0.29130029476278063,0.30094481566335773,0.4053812288760993
singleonly_subject092_Chest_Press_(rack)_record0001,231,accel_z_g,3,17,3.1,early,0.331668329056195,0.3209693506995436,0.062369225468779585,0.07518586707087452,0.14836507218593953
singleonly_subject092_Chest_Press_(rack)_record0001,231,accel_z_g,3,17,3.1,middle,0.5235341372775475,0.5066459393008524,0.21385944590194497,0.23685141027723283,0.37448301693015923
singleonly_subject092_Chest_Press_(rack)_record0001,231,accel_z_g,3,17,3.1,late,0.14479753366625758,0.14012664548347506,0.18290123229392943,0.2068236156077594,0.4272666146562993
singleonly_subject092_Chest_Press_(rack)_record0001,231,accel_z_g,4,17,0.38,early,0.06950084128568673,0.5486908522554217,0.03493148365745328,0.041235637533786125,0.070297852746385
singleonly_subject092_Chest_Press_(rack)_record0001,231,accel_z_g,4,17,0.38,middle,0.16770505808009378,1.3239873006323195,0.06601016377575478,0.07516420973825252,0.13083653693781522
singleonly_subject092_Chest_Press_(rack)_record0001,231,accel_z_g,4,17,0.38,late,0.7627941006342195,6.022058689217522,0.20155755849263202,0.2434043052438694,0.34129466865417485
singleonly_subject092_Chest_Press_(rack)_record0001,231,accel_z_g,5,17,0.7,early,0.30748893030423297,1.3178097013038557,0.026497715116597036,0.03693373824848355,0.08459664319926485
singleonly_subject092_Chest_Press_(rack)_record0001,231,accel_z_g,5,17,0.7,middle,0.4745690031570675,2.033867156387432,0.14866879824406326,0.16291875899708153,0.2756809076220929
singleonly_subject092_Chest_Press_(rack)_record0001,231,accel_z_g,5,17,0.7,late,0.21794206653869952,0.9340374280229979,0.20927981614478192,0.22041166072611135,0.28925003575682884
singleonly_subject092_Chest_Press_(rack)_record0001,231,accel_z_g,6,17,2.0,early,0.33862883198419014,0.5079432479762852,0.07034115398491769,0.08652235184249443,0.18457668866919122
singleonly_subject092_Chest_Press_(rack)_record0001,231,accel_z_g,6,17,2.0,middle,0.051982086056559074,0.07797312908483861,0.07773666618559093,0.09374363599904484,0.25444070918777795
singleonly_subject092_Chest_Press_(rack)_record0001,231,accel_z_g,6,17,2.0,late,0.6093890819592508,0.9140836229388761,0.28231857036504443,0.2926272397103307,0.4042000079589693
singleonly_subject092_Chest_Press_(rack)_record0001,231,accel_z_g,7,17,1.42,early,0.1115714697442775,0.23571437269917783,0.035564341167887925,0.04616364574084898,0.12902536473049814
singleonly_subject092_Chest_Press_(rack)_record0001,231,accel_z_g,7,17,1.42,middle,0.5972932089078992,1.2618870610730266,0.1832215025778058,0.21144470595456016,0.3526243783016082
singleonly_subject092_Chest_Press_(rack)_record0001,231,accel_z_g,7,17,1.42,late,0.2911353213478234,0.615074622565824,0.36702331132045735,0.36997051976785256,0.4524855493824877
singleonly_subject092_Chest_Press_(rack)_record0001,231,accel_z_g,8,17,1.12,early,0.41888098849713046,1.1220026477601708,0.0687428787812349,0.09563305106913017,0.26505617969654804
singleonly_subject092_Chest_Press_(rack)_record0001,231,accel_z_g,8,17,1.12,middle,0.38121705180636273,1.0211171030527573,0.1940947426719143,0.22470321616313454,0.4737872794882135
singleonly_subject092_Chest_Press_(rack)_record0001,231,accel_z_g,8,17,1.12,late,0.19990195969650681,0.5354516777585003,0.32153601832608775,0.32709980659878146,0.4368282724986343
singleonly_subject092_Chest_Press_(rack)_record0001,231,accel_z_g,9,17,1.06,early,0.3041766948597467,0.8608774382823019,0.10522611517974667,0.1172749471025404,0.21694377870126796
singleonly_subject092_Chest_Press_(rack)_record0001,231,accel_z_g,9,17,1.06,middle,0.5667602050257934,1.604038316110736,0.26729388642988355,0.2859961540182097,0.40808727732407896
singleonly_subject092_Chest_Press_(rack)_record0001,231,accel_z_g,9,17,1.06,late,0.12906310011445987,0.3652729248522449,0.37052151791587545,0.3740478314466856,0.4524854039036722
singleonly_subject092_Chest_Press_(rack)_record0001,231,accel_z_g,10,17,1.08,early,0.278951047312342,0.7748640203120611,0.09717080590808093,0.11052528044391312,0.20003106114586153
singleonly_subject092_Chest_Press_(rack)_record0001,231,accel_z_g,10,17,1.08,middle,0.46142673151443514,1.281740920873431,0.20961349124319323,0.2236306399772276,0.38288999777393523
singleonly_subject092_Chest_Press_(rack)_record0001,231,accel_z_g,10,17,1.08,late,0.25962222117322287,0.7211728365922857,0.342073123424373,0.3499470864204343,0.4576092787094351
singleonly_subject092_Chest_Press_(rack)_record0001,231,accel_z_g,11,17,1.36,early,0.25649466007215693,0.5657970442768168,0.165805482647972,0.18248094127473496,0.3156847154793636
singleonly_subject092_Chest_Press_(rack)_record0001,231,accel_z_g,11,17,1.36,middle,0.4451944355066638,0.9820465489117584,0.3192483373980463,0.3308270286312544,0.5214094607254001
singleonly_subject092_Chest_Press_(rack)_record0001,231,accel_z_g,11,17,1.36,late,0.29831090442117925,0.6580387597526012,0.5359421211061065,0.5388150512101527,0.6443177563899066
singleonly_subject092_Chest_Press_(rack)_record0001,231,accel_z_g,12,17,1.02,early,0.5418222124860527,1.5935947426060375,0.17740047178565377,0.19854555830180956,0.38599739356419555
singleonly_subject092_Chest_Press_(rack)_record0001,231,accel_z_g,12,17,1.02,middle,0.3128328438670538,0.9200965996089818,0.35321525626193057,0.36397290049426856,0.5437002879455229
singleonly_subject092_Chest_Press_(rack)_record0001,231,accel_z_g,12,17,1.02,late,0.14534494364689354,0.4274851283732163,0.4302113406819884,0.43435816979031355,0.5184385094232419
singleonly_subject092_Chest_Press_(rack)_record0001,231,accel_z_g,13,17,2.34,early,0.3465397002537772,0.44428166699202215,0.08333602652961036,0.10098725175200399,0.1620607589996617
singleonly_subject092_Chest_Press_(rack)_record0001,231,accel_z_g,13,17,2.34,middle,0.02786172009014881,0.03572015396172925,0.09898772577308501,0.11876229359748636,0.238128601451891
singleonly_subject092_Chest_Press_(rack)_record0001,231,accel_z_g,13,17,2.34,late,0.6255985796560739,0.8020494610975306,0.3114830933900492,0.3328720450271833,0.4894824493111485
singleonly_subject092_Chest_Press_(rack)_record0001,231,accel_z_g,14,17,2.14,early,0.3069850135681198,0.4303528227590464,0.14827817242333396,0.15687439270795622,0.22591535193950724
singleonly_subject092_Chest_Press_(rack)_record0001,231,accel_z_g,14,17,2.14,middle,0.16703919902736492,0.23416710144023117,0.14402871176889376,0.1638923433670427,0.2806252810974217
singleonly_subject092_Chest_Press_(rack)_record0001,231,accel_z_g,14,17,2.14,late,0.5259757874045152,0.7373492346792268,0.39573779690111505,0.4050150474330065,0.5440028892340779
singleonly_subject092_Chest_Press_(rack)_record0001,231,accel_z_g,15,17,1.22,early,0.27581214473677895,0.6782265854183089,0.08260917526874162,0.09662245907857984,0.15335036384681833
singleonly_subject092_Chest_Press_(rack)_record0001,231,accel_z_g,15,17,1.22,middle,0.5115836998974506,1.257992704665862,0.224844030872112,0.23315830752008898,0.4173512206430491
singleonly_subject092_Chest_Press_(rack)_record0001,231,accel_z_g,15,17,1.22,late,0.2126041553657705,0.522797103358452,0.3448490173787595,0.34808972241322994,0.4263027184581266
singleonly_subject092_Chest_Press_(rack)_record0001,231,accel_z_g,16,17,1.04,early,0.3062109582523253,0.8833008411124769,0.15176819808742914,0.1658176242818186,0.3009233121774847
singleonly_subject092_Chest_Press_(rack)_record0001,231,accel_z_g,16,17,1.04,middle,0.4267423809899478,1.2309876374710034,0.27879461141272827,0.2960588796260518,0.4041992887122605
singleonly_subject092_Chest_Press_(rack)_record0001,231,accel_z_g,16,17,1.04,late,0.2670466607577269,0.7703269060319042,0.39473908333790286,0.40088518426311187,0.5338032533027801
singleonly_subject092_Chest_Press_(rack)_record0001,231,accel_z_g,17,17,2.18,early,0.39765310756113265,0.5472290471024761,0.16376731548372425,0.17369937085256043,0.2608108570003437
singleonly_subject092_Chest_Press_(rack)_record0001,231,accel_z_g,17,17,2.18,middle,0.0,0.0,0.13948487337143325,0.15393027271518958,0.3089962599114012
singleonly_subject092_Chest_Press_(rack)_record0001,231,accel_z_g,17,17,2.18,late,0.6023468924388673,0.8289177418883493,0.3798511475128948,0.3949919066871823,0.5659358083607897
singleonly_subject093_Chest_Press_(rack)_record0001,549,accel_z_g,1,2,1.56,early,0.14936519405249463,0.28724075779325886,0.056951285929822355,0.06818512992055542,0.1617808029491865
singleonly_subject093_Chest_Press_(rack)_record0001,549,accel_z_g,1,2,1.56,middle,0.6279088384320886,1.2075169969847857,0.21241864326759394,0.23066763629023276,0.37813347016189247
singleonly_subject093_Chest_Press_(rack)_record0001,549,accel_z_g,1,2,1.56,late,0.22272596751541685,0.42831916829887845,0.4540866306463009,0.45658895021621365,0.5960762328867881
singleonly_subject093_Chest_Press_(rack)_record0001,549,accel_z_g,2,2,1.1,early,0.14897609030493078,0.4062984281043566,0.04873676272128522,0.05491454870733237,0.09261862579361319
singleonly_subject093_Chest_Press_(rack)_record0001,549,accel_z_g,2,2,1.1,middle,0.3486823752620719,0.9509519325329233,0.1787855626140892,0.1855030060230833,0.2613470271069384
singleonly_subject093_Chest_Press_(rack)_record0001,549,accel_z_g,2,2,1.1,late,0.5023415344329973,1.370022366635447,0.362085863289759,0.3682276194950138,0.4906831537189148
singleonly_subject093_Chest_Press_(rack)_record0002,549,accel_z_g,1,20,0.74,early,0.17446647885379324,0.7072965358937564,0.03888780806307453,0.051608463798569176,0.09870110797652848
singleonly_subject093_Chest_Press_(rack)_record0002,549,accel_z_g,1,20,0.74,middle,0.3817497918375637,1.5476342912333665,0.14314240288684416,0.15532787555064917,0.2480000919975323
singleonly_subject093_Chest_Press_(rack)_record0002,549,accel_z_g,1,20,0.74,late,0.44378372930864307,1.799123226926931,0.3349313215681354,0.34136711198240255,0.4763875722589523
singleonly_subject093_Chest_Press_(rack)_record0002,549,accel_z_g,2,20,0.86,early,0.18817266581784253,0.6564162761087531,0.025052200403865684,0.031647688423284845,0.07186081928038934
singleonly_subject093_Chest_Press_(rack)_record0002,549,accel_z_g,2,20,0.86,middle,0.32414068813408636,1.1307233307003015,0.11687747408750379,0.12569474713299508,0.20845117174266486
singleonly_subject093_Chest_Press_(rack)_record0002,549,accel_z_g,2,20,0.86,late,0.4876866460480711,1.7012324862142014,0.3215974852090111,0.33136374579696176,0.4639959054592872
singleonly_subject093_Chest_Press_(rack)_record0002,549,accel_z_g,3,20,0.94,early,0.24007016788347837,0.7661813868621651,0.030724979113660705,0.04065333812915286,0.09674424458097819
singleonly_subject093_Chest_Press_(rack)_record0002,549,accel_z_g,3,20,0.94,middle,0.32285422339082714,1.0303858193324271,0.103547122032434,0.11736269620393659,0.20051241668141045
singleonly_subject093_Chest_Press_(rack)_record0002,549,accel_z_g,3,20,0.94,late,0.4370756087256945,1.3949221555075355,0.2946037336520873,0.3025990121856746,0.42179591508215153
singleonly_subject093_Chest_Press_(rack)_record0002,549,accel_z_g,4,20,1.16,early,0.21450419264240916,0.5547522223510583,0.09372096526322356,0.10437781159927159,0.1777634216378886
singleonly_subject093_Chest_Press_(rack)_record0002,549,accel_z_g,4,20,1.16,middle,0.4868325051135912,1.2590495821903223,0.2504623713715768,0.2630451586343875,0.3840577552376095
singleonly_subject093_Chest_Press_(rack)_record0002,549,accel_z_g,4,20,1.16,late,0.2986633022439996,0.7724050920103439,0.4821639952213258,0.49003890516469684,0.6524296503299379
singleonly_subject093_Chest_Press_(rack)_record0002,549,accel_z_g,5,20,0.94,early,0.2062997196378186,0.6584033605462296,0.1614734014807883,0.17161240980354167,0.23230358648625826
singleonly_subject093_Chest_Press_(rack)_record0002,549,accel_z_g,5,20,0.94,middle,0.31454909455925517,1.0038800890188997,0.28006973586499784,0.285273122358155,0.40451170526055347
singleonly_subject093_Chest_Press_(rack)_record0002,549,accel_z_g,5,20,0.94,late,0.47915118580292626,1.5292059121369985,0.4767274539602968,0.48304980762161953,0.6357812243779442
singleonly_subject093_Chest_Press_(rack)_record0002,549,accel_z_g,6,20,1.18,early,0.24952315873004005,0.6343809120255256,0.09791706264476285,0.11020620168064636,0.1706869233212725
singleonly_subject093_Chest_Press_(rack)_record0002,549,accel_z_g,6,20,1.18,middle,0.4629681562472867,1.1770376853744577,0.2745739500212972,0.2836546789013074,0.43174263483374364
singleonly_subject093_Chest_Press_(rack)_record0002,549,accel_z_g,6,20,1.18,late,0.28750868502267324,0.7309542839559489,0.48922912509117705,0.49680291776008384,0.6313343301032064
singleonly_subject093_Chest_Press_(rack)_record0002,549,accel_z_g,7,20,1.18,early,0.261333192092928,0.6644064205752407,0.12829480729837758,0.140461564282352,0.22839207053526883
singleonly_subject093_Chest_Press_(rack)_record0002,549,accel_z_g,7,20,1.18,middle,0.46099111504912277,1.1720113094469224,0.3055501298051541,0.3153615348788352,0.4449999031134251
singleonly_subject093_Chest_Press_(rack)_record0002,549,accel_z_g,7,20,1.18,late,0.27767569285794924,0.7059551513337692,0.5251411203853849,0.5338725829167492,0.7092363002809309
singleonly_subject093_Chest_Press_(rack)_record0002,549,accel_z_g,8,20,1.44,early,0.2899020014153854,0.6039625029487197,0.20195512196253507,0.2147858480838458,0.311615957065915
singleonly_subject093_Chest_Press_(rack)_record0002,549,accel_z_g,8,20,1.44,middle,0.507300369457758,1.0568757697036626,0.4151981146513856,0.4236514344048429,0.6180987095170897
singleonly_subject093_Chest_Press_(rack)_record0002,549,accel_z_g,8,20,1.44,late,0.2027976291268565,0.422495060680951,0.5875640169064957,0.5908211797515907,0.7171306253981925
singleonly_subject093_Chest_Press_(rack)_record0002,549,accel_z_g,9,20,1.08,early,0.23843580233679415,0.6623216731577616,0.06327984024182759,0.070472660196124,0.13617245853437276
singleonly_subject093_Chest_Press_(rack)_record0002,549,accel_z_g,9,20,1.08,middle,0.4959901210881348,1.37775033635593,0.22559414654920915,0.241308865651165,0.398957854223871
singleonly_subject093_Chest_Press_(rack)_record0002,549,accel_z_g,9,20,1.08,late,0.26557407657507104,0.7377057682640862,0.4442923104333201,0.4509823226940839,0.6085574338948377
singleonly_subject093_Chest_Press_(rack)_record0002,549,accel_z_g,10,20,1.12,early,0.22308679011465524,0.5975539020928265,0.046722880135334675,0.0596383204994798,0.12535798404115084
singleonly_subject093_Chest_Press_(rack)_record0002,549,accel_z_g,10,20,1.12,middle,0.4735784622425754,1.2685137381497553,0.16676911674234687,0.1841481021393622,0.3036973926383906
singleonly_subject093_Chest_Press_(rack)_record0002,549,accel_z_g,10,20,1.12,late,0.30333474764276935,0.8125037883288463,0.37523762753845213,0.39398108886143707,0.5393329017144209
singleonly_subject093_Chest_Press_(rack)_record0002,549,accel_z_g,11,20,1.16,early,0.2174161690954696,0.5622831959365594,0.06069489481034604,0.07742715797601135,0.18128898564723311
singleonly_subject093_Chest_Press_(rack)_record0002,549,accel_z_g,11,20,1.16,middle,0.47060740703671955,1.2170881216466887,0.19213996349243284,0.2067549792681526,0.345321470658706
singleonly_subject093_Chest_Press_(rack)_record0002,549,accel_z_g,11,20,1.16,late,0.3119764238678109,0.8068355789684765,0.41060630984285673,0.4210830466262097,0.5878440000686338
singleonly_subject093_Chest_Press_(rack)_record0002,549,accel_z_g,12,20,1.32,early,0.15489790148165425,0.35204068518557785,0.0724608474016097,0.08762929375354465,0.19782674717896892
singleonly_subject093_Chest_Press_(rack)_record0002,549,accel_z_g,12,20,1.32,middle,0.4632304049420475,1.0527963748682898,0.23509817244929207,0.2480290334300461,0.45360028591105095
singleonly_subject093_Chest_Press_(rack)_record0002,549,accel_z_g,12,20,1.32,late,0.38187169357629824,0.8678902126734049,0.4700748692317518,0.47823137281582856,0.6008161400559386
singleonly_subject093_Chest_Press_(rack)_record0002,549,accel_z_g,13,20,1.18,early,0.18447497525068496,0.4690041743661482,0.06927109691763451,0.07921471572937788,0.14988714676179482
singleonly_subject093_Chest_Press_(rack)_record0002,549,accel_z_g,13,20,1.18,middle,0.4948524746382193,1.258099511792083,0.21999949760829615,0.2346985325234458,0.37945692499183686
singleonly_subject093_Chest_Press_(rack)_record0002,549,accel_z_g,13,20,1.18,late,0.32067255011109574,0.815269195197701,0.4643472250322471,0.47342075556435664,0.6673047553133232
singleonly_subject093_Chest_Press_(rack)_record0002,549,accel_z_g,14,20,1.26,early,0.1687008918997393,0.40166879023747454,0.06353354419693379,0.07760392434308983,0.17188827923993633
singleonly_subject093_Chest_Press_(rack)_record0002,549,accel_z_g,14,20,1.26,middle,0.4790073890627901,1.1404937834828337,0.20951719904321126,0.2298897460392081,0.3669521176678504
singleonly_subject093_Chest_Press_(rack)_record0002,549,accel_z_g,14,20,1.26,late,0.3522917190374706,0.8387898072320727,0.44383959414151125,0.4499697154533006,0.5715260446896482
singleonly_subject093_Chest_Press_(rack)_record0002,549,accel_z_g,15,20,1.26,early,0.1891671138264184,0.450397890062901,0.0899729519757158,0.10391443086264343,0.21097365683110825
singleonly_subject093_Chest_Press_(rack)_record0002,549,accel_z_g,15,20,1.26,middle,0.46448418100663547,1.1059147166824654,0.24603419446607278,0.26188682697267684,0.39694228662384495
singleonly_subject093_Chest_Press_(rack)_record0002,549,accel_z_g,15,20,1.26,late,0.34634870516694616,0.8246397742070146,0.4907600673052298,0.49816417346378983,0.6656927111171744
singleonly_subject093_Chest_Press_(rack)_record0002,549,accel_z_g,16,20,1.26,early,0.19355839830051597,0.4608533292869428,0.10165420002527545,0.11335193550931107,0.18777798469048196
singleonly_subject093_Chest_Press_(rack)_record0002,549,accel_z_g,16,20,1.26,middle,0.459818450719026,1.0948058350453,0.2457916124641315,0.2580033088087326,0.44497215442977683
singleonly_subject093_Chest_Press_(rack)_record0002,549,accel_z_g,16,20,1.26,late,0.34662315098045804,0.8252932166201381,0.4899576032657652,0.49487967175106984,0.590408019402093
singleonly_subject093_Chest_Press_(rack)_record0002,549,accel_z_g,17,20,1.34,early,0.2260307286202787,0.5060389446722657,0.10877806709741655,0.12938814904731905,0.22245816868076101
singleonly_subject093_Chest_Press_(rack)_record0002,549,accel_z_g,17,20,1.34,middle,0.3853821065975679,0.8627957610393311,0.2589025044547695,0.2753499492216314,0.44814976369697246
singleonly_subject093_Chest_Press_(rack)_record0002,549,accel_z_g,17,20,1.34,late,0.3885871647821534,0.8699712644376566,0.5185255413518248,0.532034826501172,0.7123133741358827
singleonly_subject093_Chest_Press_(rack)_record0002,549,accel_z_g,18,20,1.22,early,0.1746957735156911,0.42957977094022404,0.05804309152665361,0.07104791302815076,0.16001637586460365
singleonly_subject093_Chest_Press_(rack)_record0002,549,accel_z_g,18,20,1.22,middle,0.4378992397749448,1.0768014092826512,0.1917569733701078,0.2032199620784932,0.32562644314816275
singleonly_subject093_Chest_Press_(rack)_record0002,549,accel_z_g,18,20,1.22,late,0.3874049867093641,0.9526352132197478,0.4209153233976171,0.42658851415712384,0.5818945090737632
singleonly_subject093_Chest_Press_(rack)_record0002,549,accel_z_g,19,20,1.22,early,0.23990990424018965,0.5899423874758762,0.04983219230593401,0.05844352519448757,0.1103982529524673
singleonly_subject093_Chest_Press_(rack)_record0002,549,accel_z_g,19,20,1.22,middle,0.3888524969818006,0.9561946647093458,0.20887716298385192,0.22219735238519564,0.3412361664464427
singleonly_subject093_Chest_Press_(rack)_record0002,549,accel_z_g,19,20,1.22,late,0.37123759877800977,0.912879341257401,0.4591998937978163,0.47526342504811364,0.685150429666966
singleonly_subject093_Chest_Press_(rack)_record0002,549,accel_z_g,20,20,2.02,early,0.30072391328359616,0.44661967319345963,0.06958893626570903,0.08722829883610476,0.18675057868218992
singleonly_subject093_Chest_Press_(rack)_record0002,549,accel_z_g,20,20,2.02,middle,0.534657625157543,0.794045977956747,0.31495232062609624,0.3282443042236421,0.4619296128129074
singleonly_subject093_Chest_Press_(rack)_record0002,549,accel_z_g,20,20,2.02,late,0.16461846155886084,0.24448286370127845,0.4846194571806919,0.4868520118588997,0.5764506004260967
singleonly_subject094_Chest_Press_(rack)_record0001,590,accel_y_g,1,11,0.84,early,0.3067357902215396,1.0954849650769272,0.08481740207515687,0.10297417024464668,0.20193374112080384
singleonly_subject094_Chest_Press_(rack)_record0001,590,accel_y_g,1,11,0.84,middle,0.08163404710654248,0.2915501682376518,0.12066911024646981,0.13522949665151576,0.2674210569515029
singleonly_subject094_Chest_Press_(rack)_record0001,590,accel_y_g,1,11,0.84,late,0.6116301626719179,2.1843934381139922,0.1950361315655993,0.26137938170177405,0.754176513582358
singleonly_subject094_Chest_Press_(rack)_record0001,590,accel_y_g,2,11,0.98,early,0.26623827498274777,0.8150151274982075,0.12415256168172727,0.1433248186527884,0.28914594418705536
singleonly_subject094_Chest_Press_(rack)_record0001,590,accel_y_g,2,11,0.98,middle,0.12613173708978237,0.38611756251974194,0.18441625441896492,0.1907315945662749,0.27599080100535833
singleonly_subject094_Chest_Press_(rack)_record0001,590,accel_y_g,2,11,0.98,late,0.6076299879274698,1.8600917997779685,0.23946785864789993,0.26515238686999937,0.5189444731050823
singleonly_subject094_Chest_Press_(rack)_record0001,590,accel_y_g,3,11,1.7,early,0.5265290249637782,0.929168867583138,0.2872099701273426,0.31078892225663113,0.5089493169947644
singleonly_subject094_Chest_Press_(rack)_record0001,590,accel_y_g,3,11,1.7,middle,0.0,0.0,0.2816414108957688,0.285180554577118,0.3649208476658704
singleonly_subject094_Chest_Press_(rack)_record0001,590,accel_y_g,3,11,1.7,late,0.4734709750362218,0.835537014769803,0.32239383673134114,0.3440313481371755,0.6562740293508695
singleonly_subject094_Chest_Press_(rack)_record0001,590,accel_y_g,4,11,0.22,early,0.19733447383680275,2.6909246432291285,0.03139456385787027,0.03633174927436856,0.06441917042047698
singleonly_subject094_Chest_Press_(rack)_record0001,590,accel_y_g,4,11,0.22,middle,0.481278941756254,6.562894660312555,0.17820133842690652,0.19439707179571172,0.30559305437189516
singleonly_subject094_Chest_Press_(rack)_record0001,590,accel_y_g,4,11,0.22,late,0.32138658440694323,4.382544332821952,0.37351836489145823,0.3839850703350379,0.4877377490911068
singleonly_subject094_Chest_Press_(rack)_record0001,590,accel_y_g,5,11,0.96,early,0.3442626735503632,1.0758208548448853,0.13995905852035362,0.15099550174077234,0.22562645837382062
singleonly_subject094_Chest_Press_(rack)_record0001,590,accel_y_g,5,11,0.96,middle,0.10153170800795536,0.31728658752486055,0.170958737888538,0.17436473393867466,0.21967737144562124
singleonly_subject094_Chest_Press_(rack)_record0001,590,accel_y_g,5,11,0.96,late,0.5542056184416815,1.7318925576302546,0.17496863507211038,0.20850047346646938,0.4030005716602526
singleonly_subject094_Chest_Press_(rack)_record0001,590,accel_y_g,6,11,1.98,early,0.6996777332705815,1.0601177776826993,0.27842910795938525,0.29130883813929964,0.43242669991984706
singleonly_subject094_Chest_Press_(rack)_record0001,590,accel_y_g,6,11,1.98,middle,0.0,0.0,0.2511008415243607,0.25906462114007767,0.376109324873508
singleonly_subject094_Chest_Press_(rack)_record0001,590,accel_y_g,6,11,1.98,late,0.30032226672941853,0.4550337374688159,0.2586325236696679,0.272700966212081,0.47290096130288617
singleonly_subject094_Chest_Press_(rack)_record0001,590,accel_y_g,7,11,0.28,early,0.4260256116878134,4.5645601252265715,0.059994161740559326,0.07607731265068618,0.15358681234203744
singleonly_subject094_Chest_Press_(rack)_record0001,590,accel_y_g,7,11,0.28,middle,0.41955486521113117,4.4952306986906905,0.17564692345700103,0.1768655280125961,0.21316185599640602
singleonly_subject094_Chest_Press_(rack)_record0001,590,accel_y_g,7,11,0.28,late,0.15441952310105544,1.6544948903684509,0.21760918606933902,0.22271428804529017,0.3124815001186354
singleonly_subject094_Chest_Press_(rack)_record0001,590,accel_y_g,8,11,0.22,early,0.19586341942822644,2.6708648103849058,0.03894807712796428,0.04483320561388246,0.08122876218372052
singleonly_subject094_Chest_Press_(rack)_record0001,590,accel_y_g,8,11,0.22,middle,0.5664505130907824,7.72432517851067,0.11619415720141636,0.14798470615575218,0.3003434490262352
singleonly_subject094_Chest_Press_(rack)_record0001,590,accel_y_g,8,11,0.22,late,0.2376860674809912,3.2411736474680612,0.3008390188047652,0.3033842138845534,0.3985106546800157
singleonly_subject094_Chest_Press_(rack)_record0001,590,accel_y_g,9,11,0.2,early,0.19698156550314921,2.954723482547238,0.101696552568983,0.11779782101160031,0.165550805189185
singleonly_subject094_Chest_Press_(rack)_record0001,590,accel_y_g,9,11,0.2,middle,0.5412772642014603,8.119158963021905,0.22737381773740586,0.23616365861395586,0.3058098343351836
singleonly_subject094_Chest_Press_(rack)_record0001,590,accel_y_g,9,11,0.2,late,0.26174117029539046,3.926117554430856,0.4141115884616559,0.42001601067206684,0.4986897180483327
singleonly_subject094_Chest_Press_(rack)_record0001,590,accel_y_g,10,11,0.2,early,0.11766028516058079,1.7649042774087118,0.03237530312335966,0.03704982294773297,0.06401880090899179
singleonly_subject094_Chest_Press_(rack)_record0001,590,accel_y_g,10,11,0.2,middle,0.504067827022055,7.561017405330825,0.09080592604039212,0.10945517784360538,0.19174015379161768
singleonly_subject094_Chest_Press_(rack)_record0001,590,accel_y_g,10,11,0.2,late,0.3782718878173642,5.674078317260462,0.34167450451620757,0.35335736942616763,0.45989167161582667
singleonly_subject094_Chest_Press_(rack)_record0001,590,accel_y_g,11,11,0.24,early,0.08277196629809457,1.0346495787261822,0.07590673733613912,0.08376376829648494,0.12239627193420127
singleonly_subject094_Chest_Press_(rack)_record0001,590,accel_y_g,11,11,0.24,middle,0.5435177368566217,6.793971710707773,0.11847817198593073,0.16399001631967958,0.3347762541339139
singleonly_subject094_Chest_Press_(rack)_record0001,590,accel_y_g,11,11,0.24,late,0.3737102968452837,4.671378710566046,0.39430932031371013,0.40391953709986966,0.5990552127460003
