record_uid,subject_id,axis,rep_index,labelled_reps,detected_reps,push_duration_s,half,rise_fraction,progress_rate_per_s,dynamic_accel_rms_g,mean_abs_dynamic_accel_g,peak_dynamic_accel_g
singleonly_subject001_Chest_Press_(rack)_record0001,3,accel_x_g,1,20,20,1.1,first,0.4991911228793256,0.9076202234169556,0.16503171110616216,0.14124770856500407,0.3237952629712372
singleonly_subject001_Chest_Press_(rack)_record0001,3,accel_x_g,1,20,20,1.1,second,0.5008088771206745,0.9105615947648625,0.17496460852895118,0.1543482181800462,0.31194333660635354
singleonly_subject001_Chest_Press_(rack)_record0001,3,accel_x_g,2,20,20,1.02,first,0.49148200703576517,0.9636902098740493,0.24471985516554443,0.20933942847126538,0.5210238644748459
singleonly_subject001_Chest_Press_(rack)_record0001,3,accel_x_g,2,20,20,1.02,second,0.5085179929642348,0.9970941038514408,0.2005432996564742,0.1806528226221301,0.331343752615064
singleonly_subject001_Chest_Press_(rack)_record0001,3,accel_x_g,3,20,20,1.2,first,0.5927422756225742,0.9879037927042904,0.19480134553971187,0.16962085028162613,0.4387838827800058
singleonly_subject001_Chest_Press_(rack)_record0001,3,accel_x_g,3,20,20,1.2,second,0.4072577243774258,0.6787628739623763,0.19499509635354917,0.18144827764678326,0.2990429447992611
singleonly_subject001_Chest_Press_(rack)_record0001,3,accel_x_g,4,20,20,1.06,first,0.4599029861234966,0.8677414832518804,0.2077199033251361,0.18882847282905355,0.3450465572786814
singleonly_subject001_Chest_Press_(rack)_record0001,3,accel_x_g,4,20,20,1.06,second,0.5400970138765033,1.019050969578308,0.16707669039317427,0.14309527281712542,0.3376554477846321
singleonly_subject001_Chest_Press_(rack)_record0001,3,accel_x_g,5,20,20,1.06,first,0.5690070141334874,1.0735981398745045,0.1958015202484687,0.16401595896993307,0.39974148885284244
singleonly_subject001_Chest_Press_(rack)_record0001,3,accel_x_g,5,20,20,1.06,second,0.4309929858665126,0.8131943129556841,0.18262089364073272,0.16120183287288994,0.34852575465013125
singleonly_subject001_Chest_Press_(rack)_record0001,3,accel_x_g,6,20,20,1.14,first,0.5902292730169537,1.0354899526613224,0.19335117556755685,0.16559454696128098,0.3718347239975527
singleonly_subject001_Chest_Press_(rack)_record0001,3,accel_x_g,6,20,20,1.14,second,0.4097707269830463,0.7188960122509584,0.17341357569675284,0.159355952134996,0.2851317505017352
singleonly_subject001_Chest_Press_(rack)_record0001,3,accel_x_g,7,20,20,1.18,first,0.465957352723879,0.7897582249557271,0.167478644069338,0.14654509990418546,0.29472733844287813
singleonly_subject001_Chest_Press_(rack)_record0001,3,accel_x_g,7,20,20,1.18,second,0.534042647276121,0.9051570292815612,0.16078741299966876,0.13765894844550597,0.28345078872475926
singleonly_subject001_Chest_Press_(rack)_record0001,3,accel_x_g,8,20,20,1.16,first,0.5272741850714799,0.9090934225370344,0.16126060424685976,0.13711595900945003,0.3359235796691171
singleonly_subject001_Chest_Press_(rack)_record0001,3,accel_x_g,8,20,20,1.16,second,0.47272581492852006,0.8150445084974485,0.1599433813403376,0.14513354804955636,0.2907017030990624
singleonly_subject001_Chest_Press_(rack)_record0001,3,accel_x_g,9,20,20,1.12,first,0.48926278989357036,0.8736835533813756,0.18468754972552143,0.15505137821952936,0.3549696689377049
singleonly_subject001_Chest_Press_(rack)_record0001,3,accel_x_g,9,20,20,1.12,second,0.5107372101064296,0.9120307323329099,0.17382138409903325,0.1496013889715434,0.3157514476986427
singleonly_subject001_Chest_Press_(rack)_record0001,3,accel_x_g,10,20,20,1.2,first,0.6286005649093037,1.047667608182173,0.19585224549753533,0.17036411142764002,0.3626873739064249
singleonly_subject001_Chest_Press_(rack)_record0001,3,accel_x_g,10,20,20,1.2,second,0.3713994350906963,0.6189990584844939,0.19426401274919397,0.17788068996137674,0.3066110001923128
singleonly_subject001_Chest_Press_(rack)_record0001,3,accel_x_g,11,20,20,1.12,first,0.5467295789687282,0.9763028195870146,0.1683405356918317,0.14981323937389687,0.2779994082255216
singleonly_subject001_Chest_Press_(rack)_record0001,3,accel_x_g,11,20,20,1.12,second,0.4532704210312718,0.809411466127271,0.1672045442524064,0.1521507257616205,0.30283091688249564
singleonly_subject001_Chest_Press_(rack)_record0001,3,accel_x_g,12,20,20,1.14,first,0.48007460151799747,0.8422361430140307,0.19130528293737284,0.16280129849896505,0.372722672647146
singleonly_subject001_Chest_Press_(rack)_record0001,3,accel_x_g,12,20,20,1.14,second,0.5199253984820025,0.91214982189825,0.16540335442307028,0.14337730959442777,0.30346210841880805
singleonly_subject001_Chest_Press_(rack)_record0001,3,accel_x_g,13,20,20,1.14,first,0.47756686944003146,0.8378366130526869,0.18511897382419404,0.16551810062449757,0.330757974971869
singleonly_subject001_Chest_Press_(rack)_record0001,3,accel_x_g,13,20,20,1.14,second,0.5224331305599685,0.916549351859594,0.16480503276143374,0.14018239463721782,0.31166621237703596
singleonly_subject001_Chest_Press_(rack)_record0001,3,accel_x_g,14,20,20,1.16,first,0.4923947459680794,0.8489564585656543,0.17682569155813427,0.15550327873901945,0.2835145821525201
singleonly_subject001_Chest_Press_(rack)_record0001,3,accel_x_g,14,20,20,1.16,second,0.5076052540319206,0.8751814724688286,0.17319078916140587,0.15322155865640877,0.26542580678255145
singleonly_subject001_Chest_Press_(rack)_record0001,3,accel_x_g,15,20,20,1.04,first,0.4873510689957506,0.9372135942225973,0.20179595954958396,0.17361929911840318,0.3657590681081302
singleonly_subject001_Chest_Press_(rack)_record0001,3,accel_x_g,15,20,20,1.04,second,0.5126489310042495,0.9858633288543258,0.18406802616645992,0.16608202824880444,0.3106124495146869
singleonly_subject001_Chest_Press_(rack)_record0001,3,accel_x_g,16,20,20,1.12,first,0.5736385019862784,1.02435446783264,0.17377177098707666,0.14139179440509841,0.36866083754362633
singleonly_subject001_Chest_Press_(rack)_record0001,3,accel_x_g,16,20,20,1.12,second,0.4263614980137216,0.7613598178816456,0.17107337605638123,0.15475052046426857,0.27995392925799956
singleonly_subject001_Chest_Press_(rack)_record0001,3,accel_x_g,17,20,20,1.02,first,0.4819307692011419,0.9449622925512586,0.19555376204657762,0.16523138380477725,0.32959820036030385
singleonly_subject001_Chest_Press_(rack)_record0001,3,accel_x_g,17,20,20,1.02,second,0.5180692307988581,1.0158220211742317,0.1845558462554069,0.16013811868365765,0.3501526006800797
singleonly_subject001_Chest_Press_(rack)_record0001,3,accel_x_g,18,20,20,1.0,first,0.512925165424459,1.025850330848918,0.2061504261056948,0.17580848992604306,0.3600045266359134
singleonly_subject001_Chest_Press_(rack)_record0001,3,accel_x_g,18,20,20,1.0,second,0.487074834575541,0.974149669151082,0.16775267293195414,0.14737784954296818,0.2906568249733701
singleonly_subject001_Chest_Press_(rack)_record0001,3,accel_x_g,19,20,20,1.06,first,0.5497343232382035,1.0372345721475538,0.1938591155474089,0.16506617564670759,0.419081010602924
singleonly_subject001_Chest_Press_(rack)_record0001,3,accel_x_g,19,20,20,1.06,second,0.4502656767617965,0.8495578806826349,0.15922568772223805,0.1446320179834312,0.2986898876519464
singleonly_subject001_Chest_Press_(rack)_record0001,3,accel_x_g,20,20,20,0.5,first,0.8669361859516551,3.4677447438066205,0.32716062787365807,0.28301293548930845,0.6107589253584145
singleonly_subject001_Chest_Press_(rack)_record0001,3,accel_x_g,20,20,20,0.5,second,0.1330638140483449,0.5322552561933795,0.1972159519737306,0.18400406412491038,0.34825407323255475
singleonly_subject001_Chest_Press_(rack)_record0002,3,accel_y_g,1,15,13,1.06,first,0.5071128138711467,0.9568166299455598,0.13840411301166491,0.13132394577208578,0.2198873199962197
singleonly_subject001_Chest_Press_(rack)_record0002,3,accel_y_g,1,15,13,1.06,second,0.4928871861288533,0.9299758228846288,0.13886733732882803,0.1037675396916338,0.38591455415703035
singleonly_subject001_Chest_Press_(rack)_record0002,3,accel_y_g,2,15,13,1.08,first,0.4245240859909509,0.7861557147980571,0.15362619740538566,0.14871784961634288,0.21745095016205807
singleonly_subject001_Chest_Press_(rack)_record0002,3,accel_y_g,2,15,13,1.08,second,0.5754759140090491,1.0656961370537945,0.08968085279737859,0.07593932377325252,0.24773328448653154
singleonly_subject001_Chest_Press_(rack)_record0002,3,accel_y_g,3,15,13,0.76,first,0.7715275695617211,2.03033570937295,0.138371609273889,0.13073825767799857,0.19916367459993878
singleonly_subject001_Chest_Press_(rack)_record0002,3,accel_y_g,3,15,13,0.76,second,0.22847243043827892,0.6012432379954709,0.06494847184251949,0.059804865148439926,0.11762246877726013
singleonly_subject001_Chest_Press_(rack)_record0002,3,accel_y_g,4,15,13,0.76,first,0.6855193234895176,1.8039982197092568,0.11497177080732845,0.10557770249890061,0.20379993262096607
singleonly_subject001_Chest_Press_(rack)_record0002,3,accel_y_g,4,15,13,0.76,second,0.3144806765104824,0.8275807276591641,0.1151726785850841,0.09081978356444224,0.27801368919741987
singleonly_subject001_Chest_Press_(rack)_record0002,3,accel_y_g,5,15,13,1.06,first,0.6351682288741386,1.1984306205172426,0.14252098365415605,0.1367411759940601,0.22135504617497515
singleonly_subject001_Chest_Press_(rack)_record0002,3,accel_y_g,5,15,13,1.06,second,0.3648317711258614,0.688361832312946,0.12050752558169565,0.09132390748703365,0.3300799478914058
singleonly_subject001_Chest_Press_(rack)_record0002,3,accel_y_g,6,15,13,1.18,first,0.5925047623765386,1.004245359960235,0.12805789423029032,0.11824989396526239,0.21086713149550307
singleonly_subject001_Chest_Press_(rack)_record0002,3,accel_y_g,6,15,13,1.18,second,0.4074952376234614,0.6906698942770533,0.0986532590747537,0.07302562968988964,0.2992537348873341
singleonly_subject001_Chest_Press_(rack)_record0002,3,accel_y_g,7,15,13,0.96,first,0.6881985514355486,1.4337469821573932,0.1162865316939158,0.10393220376262388,0.2209078570702001
singleonly_subject001_Chest_Press_(rack)_record0002,3,accel_y_g,7,15,13,0.96,second,0.31180144856445136,0.6495863511759403,0.12851688798761832,0.10014831394970765,0.3780642822928548
singleonly_subject001_Chest_Press_(rack)_record0002,3,accel_y_g,8,15,13,1.36,first,0.37306300492796113,0.548622066070531,0.12264994972194132,0.1013040702515579,0.23771785170535997
singleonly_subject001_Chest_Press_(rack)_record0002,3,accel_y_g,8,15,13,1.36,second,0.6269369950720389,0.9219661692235865,0.1170047828183379,0.0914607078697317,0.38011012313696413
singleonly_subject001_Chest_Press_(rack)_record0002,3,accel_y_g,9,15,13,1.12,first,0.7786575830976903,1.390459969817304,0.12076772283274707,0.11072892446285186,0.19228558227270787
singleonly_subject001_Chest_Press_(rack)_record0002,3,accel_y_g,9,15,13,1.12,second,0.2213424169023097,0.39525431589698157,0.09919933035400828,0.07560478907279515,0.2640745284581907
singleonly_subject001_Chest_Press_(rack)_record0002,3,accel_y_g,10,15,13,1.18,first,0.5181607487531042,0.8782385572086513,0.10796462228823683,0.09579274199548239,0.2139001088747392
singleonly_subject001_Chest_Press_(rack)_record0002,3,accel_y_g,10,15,13,1.18,second,0.48183925124689575,0.8166766970286369,0.07452619890951868,0.06400735449139015,0.15021538642065901
singleonly_subject001_Chest_Press_(rack)_record0002,3,accel_y_g,11,15,13,1.1,first,0.8092227499615162,1.4713140908391202,0.14170004052415816,0.13480742941209164,0.2075115130611105
singleonly_subject001_Chest_Press_(rack)_record0002,3,accel_y_g,11,15,13,1.1,second,0.19077725003848378,0.3468677273426978,0.047683902572209017,0.04030273163633649,0.1074178330675628
singleonly_subject001_Chest_Press_(rack)_record0002,3,accel_y_g,12,15,13,0.78,first,0.9670330755889761,2.479571988689682,0.13799461942162355,0.1314579443031069,0.20880895517411835
singleonly_subject001_Chest_Press_(rack)_record0002,3,accel_y_g,12,15,13,0.78,second,0.03296692441102389,0.08453057541288177,0.06926349624541964,0.05754635986921925,0.17747654022839843
singleonly_subject001_Chest_Press_(rack)_record0002,3,accel_y_g,13,15,13,1.06,first,0.5867627967511928,1.1070996165116844,0.11270920366530793,0.10180914700996947,0.1997149359280228
singleonly_subject001_Chest_Press_(rack)_record0002,3,accel_y_g,13,15,13,1.06,second,0.4132372032488072,0.7796928363185041,0.06882287641666285,0.05468809203181456,0.12886031718089486
singleonly_subject016_Chest_Press_(rack)_record0001,10004,accel_x_g,1,20,19,1.42,first,0.4897071985504674,0.6897284486626302,0.11313054313222864,0.09880087649590334,0.1989382678799001
singleonly_subject016_Chest_Press_(rack)_record0001,10004,accel_x_g,1,20,19,1.42,second,0.5102928014495326,0.718722255562722,0.11417652941364857,0.07501294388265835,0.49319502605257126
singleonly_subject016_Chest_Press_(rack)_record0001,10004,accel_x_g,2,20,19,1.7,first,0.6658000670402617,0.783294196517955,0.107932108107343,0.08844529679196655,0.27498390305010756
singleonly_subject016_Chest_Press_(rack)_record0001,10004,accel_x_g,2,20,19,1.7,second,0.33419993295973827,0.39317639171733915,0.10157454067963081,0.09196488728222048,0.16038193113892918
singleonly_subject016_Chest_Press_(rack)_record0001,10004,accel_x_g,3,20,19,1.64,first,0.6622736998718444,0.8076508535022493,0.10497173984645917,0.08853748391758721,0.21623265390650792
singleonly_subject016_Chest_Press_(rack)_record0001,10004,accel_x_g,3,20,19,1.64,second,0.33772630012815563,0.411861341619702,0.09165961926052645,0.0834704204908221,0.13832114165798082
singleonly_subject016_Chest_Press_(rack)_record0001,10004,accel_x_g,4,20,19,1.54,first,0.5762106472392539,0.7483255158951349,0.09849221797929979,0.08364943892425056,0.20523758740952736
singleonly_subject016_Chest_Press_(rack)_record0001,10004,accel_x_g,4,20,19,1.54,second,0.42378935276074614,0.5503757828061638,0.10566351916864682,0.09338540654620561,0.15242216646884876
singleonly_subject016_Chest_Press_(rack)_record0001,10004,accel_x_g,5,20,19,1.4,first,0.5101055166918241,0.7287221667026059,0.11460926545526329,0.10511271821820523,0.18112605425940576
singleonly_subject016_Chest_Press_(rack)_record0001,10004,accel_x_g,5,20,19,1.4,second,0.48989448330817587,0.6998492618688227,0.08923255142094565,0.07811257785905618,0.15047002477861393
singleonly_subject016_Chest_Press_(rack)_record0001,10004,accel_x_g,6,20,19,1.14,first,0.6304853502428274,1.10611464954882,0.126233778045307,0.11776777307309019,0.23056267075873116
singleonly_subject016_Chest_Press_(rack)_record0001,10004,accel_x_g,6,20,19,1.14,second,0.36951464975717263,0.6482713153634608,0.09346631941294609,0.0681257528266785,0.2193019835438481
singleonly_subject016_Chest_Press_(rack)_record0001,10004,accel_x_g,7,20,19,1.44,first,0.3795565460054491,0.5271618694520126,0.11273298082042219,0.09983023831234161,0.24082535352775236
singleonly_subject016_Chest_Press_(rack)_record0001,10004,accel_x_g,7,20,19,1.44,second,0.6204434539945509,0.8617270194368764,0.09043731585336899,0.07471733553889284,0.18386644047292422
singleonly_subject016_Chest_Press_(rack)_record0001,10004,accel_x_g,8,20,19,1.26,first,0.3999532775169573,0.6348464722491386,0.10528845562261364,0.0899297275166285,0.20099787583580475
singleonly_subject016_Chest_Press_(rack)_record0001,10004,accel_x_g,8,20,19,1.26,second,0.6000467224830427,0.9524551150524487,0.11777802774691988,0.09223431875714384,0.2839367558072934
singleonly_subject016_Chest_Press_(rack)_record0001,10004,accel_x_g,9,20,19,1.3,first,0.29943035675525737,0.46066208731578057,0.11212775434675781,0.09771166752952486,0.21619411550928946
singleonly_subject016_Chest_Press_(rack)_record0001,10004,accel_x_g,9,20,19,1.3,second,0.7005696432447426,1.0777994511457578,0.11013965316733511,0.08685835481809347,0.2510563660625269
singleonly_subject016_Chest_Press_(rack)_record0001,10004,accel_x_g,10,20,19,1.22,first,0.3770976515285387,0.6181928713582602,0.12600190586171747,0.1087502094878577,0.2353334281805075
singleonly_subject016_Chest_Press_(rack)_record0001,10004,accel_x_g,10,20,19,1.22,second,0.6229023484714613,1.021151390936822,0.10137475165556865,0.07968510104676055,0.21904798851926133
singleonly_subject016_Chest_Press_(rack)_record0001,10004,accel_x_g,11,20,19,1.22,first,0.47169532501524275,0.7732710246151521,0.12123799064664088,0.10990625198235209,0.2151430525483652
singleonly_subject016_Chest_Press_(rack)_record0001,10004,accel_x_g,11,20,19,1.22,second,0.5283046749847573,0.86607323767993,0.10122333385233913,0.0859130239768084,0.18940998330302405
singleonly_subject016_Chest_Press_(rack)_record0001,10004,accel_x_g,12,20,19,1.22,first,0.42895061360889913,0.7031977272277035,0.10753628846817072,0.09251306302278045,0.21413620722675486
singleonly_subject016_Chest_Press_(rack)_record0001,10004,accel_x_g,12,20,19,1.22,second,0.5710493863911008,0.9361465350673784,0.15054716853791408,0.11435893999721926,0.3701622273863343
singleonly_subject016_Chest_Press_(rack)_record0001,10004,accel_x_g,13,20,19,1.34,first,0.36940481735789676,0.5513504736685026,0.10967236587095731,0.09443216520641358,0.20609102736125562
singleonly_subject016_Chest_Press_(rack)_record0001,10004,accel_x_g,13,20,19,1.34,second,0.6305951826421032,0.9411868397643331,0.12110456510540016,0.09817781250636178,0.24529615742884636
singleonly_subject016_Chest_Press_(rack)_record0001,10004,accel_x_g,14,20,19,1.22,first,0.44840525249734664,0.7350905778645027,0.10124553555547959,0.08491468385738848,0.21652153481830294
singleonly_subject016_Chest_Press_(rack)_record0001,10004,accel_x_g,14,20,19,1.22,second,0.5515947475026534,0.9042536844305793,0.12147361743787823,0.1056002114728089,0.22667421370550822
singleonly_subject016_Chest_Press_(rack)_record0001,10004,accel_x_g,15,20,19,1.24,first,0.3193529758795178,0.5150854449669642,0.10770193585419337,0.09439079947932374,0.19399524221761577
singleonly_subject016_Chest_Press_(rack)_record0001,10004,accel_x_g,15,20,19,1.24,second,0.6806470241204823,1.0978177808394876,0.10743437885813129,0.09025562085829242,0.1920751279726174
singleonly_subject016_Chest_Press_(rack)_record0001,10004,accel_x_g,16,20,19,1.36,first,0.43463718724736744,0.639172334187305,0.10837790478753515,0.09513080035241639,0.22769162538633436
singleonly_subject016_Chest_Press_(rack)_record0001,10004,accel_x_g,16,20,19,1.36,second,0.5653628127526326,0.8314159011068125,0.120100686530928,0.1028257120701187,0.20966474228522713
singleonly_subject016_Chest_Press_(rack)_record0001,10004,accel_x_g,17,20,19,1.28,first,0.2919211311167425,0.45612676736991015,0.10252405471823832,0.09281877119643511,0.20077827279170224
singleonly_subject016_Chest_Press_(rack)_record0001,10004,accel_x_g,17,20,19,1.28,second,0.7080788688832576,1.10637323263009,0.1145616216333594,0.09025299983668766,0.27197902653857353
singleonly_subject016_Chest_Press_(rack)_record0001,10004,accel_x_g,18,20,19,1.34,first,0.46310412641510534,0.6912001886792617,0.11875182095069974,0.10827452558407,0.20767862474536536
singleonly_subject016_Chest_Press_(rack)_record0001,10004,accel_x_g,18,20,19,1.34,second,0.5368958735848947,0.8013371247535741,0.12902217780031422,0.11005395193050284,0.27962815132391317
singleonly_subject016_Chest_Press_(rack)_record0001,10004,accel_x_g,19,20,19,1.28,first,0.5746109706297604,0.8978296416090006,0.1076854647054488,0.09744432757862494,0.19617609822280258
singleonly_subject016_Chest_Press_(rack)_record0001,10004,accel_x_g,19,20,19,1.28,second,0.4253890293702396,0.6646703583909993,0.12412290089311201,0.11110394930979348,0.2195831248692679
singleonly_subject017_Chest_Press_(rack)_record0001,10005,accel_z_g,1,15,13,1.52,first,0.14600271063163525,0.19210882977846744,0.10842101447708268,0.0998316721226338,0.16229146926530524
singleonly_subject017_Chest_Press_(rack)_record0001,10005,accel_z_g,1,15,13,1.52,second,0.8539972893683647,1.123680643905743,0.06307575642710823,0.04930569170198778,0.14227786362353634
singleonly_subject017_Chest_Press_(rack)_record0001,10005,accel_z_g,2,15,13,1.24,first,0.28284679779529637,0.45620451257305866,0.09552039139153866,0.07660407434180082,0.17371759315159951
singleonly_subject017_Chest_Press_(rack)_record0001,10005,accel_z_g,2,15,13,1.24,second,0.7171532022047036,1.1566987132333928,0.06430687301635384,0.04889002941440947,0.1370365595733224
singleonly_subject017_Chest_Press_(rack)_record0001,10005,accel_z_g,3,15,13,1.12,first,0.4403520302757727,0.7863429112067368,0.0774601655253988,0.058064458082029494,0.18260540493860122
singleonly_subject017_Chest_Press_(rack)_record0001,10005,accel_z_g,3,15,13,1.12,second,0.5596479697242274,0.9993713745075488,0.05300816730861741,0.044258533092175346,0.10194525430911383
singleonly_subject017_Chest_Press_(rack)_record0001,10005,accel_z_g,4,15,13,1.1,first,0.48346832906826526,0.879033325578664,0.09561697958587245,0.07227147690180148,0.20636472188098542
singleonly_subject017_Chest_Press_(rack)_record0001,10005,accel_z_g,4,15,13,1.1,second,0.5165316709317347,0.9391484926031539,0.06617961905173854,0.05682465883382569,0.14090126241297674
singleonly_subject017_Chest_Press_(rack)_record0001,10005,accel_z_g,5,15,13,1.18,first,0.33734325266055687,0.5717682248484015,0.1046968133953624,0.08035527066724313,0.19878802506148752
singleonly_subject017_Chest_Press_(rack)_record0001,10005,accel_z_g,5,15,13,1.18,second,0.6626567473394431,1.1231470293888868,0.08044726807535389,0.06839846801993882,0.1518386296383909
singleonly_subject017_Chest_Press_(rack)_record0001,10005,accel_z_g,6,15,13,1.42,first,0.615541540571615,0.8669599162980494,0.07141774770335153,0.05436434019626464,0.1941806582423773
singleonly_subject017_Chest_Press_(rack)_record0001,10005,accel_z_g,6,15,13,1.42,second,0.38445845942838497,0.5414907879273028,0.07013974647137626,0.06382465146698443,0.13215203252863938
singleonly_subject017_Chest_Press_(rack)_record0001,10005,accel_z_g,7,15,13,1.18,first,0.4259782758421078,0.7219970776984879,0.08433515922140354,0.06399688508597924,0.18963143223635925
singleonly_subject017_Chest_Press_(rack)_record0001,10005,accel_z_g,7,15,13,1.18,second,0.5740217241578922,0.9729181765388004,0.07129711807139703,0.06107383321585207,0.14100214642198028
singleonly_subject017_Chest_Press_(rack)_record0001,10005,accel_z_g,8,15,13,1.18,first,0.42421308976386074,0.7190052368878996,0.10034649526924846,0.07217643046339316,0.2644717104824761
singleonly_subject017_Chest_Press_(rack)_record0001,10005,accel_z_g,8,15,13,1.18,second,0.5757869102361393,0.9759100173493886,0.07221694701293445,0.06058601620400351,0.15260473267593133
singleonly_subject017_Chest_Press_(rack)_record0001,10005,accel_z_g,9,15,13,1.18,first,0.4790852480306838,0.8120088949672607,0.0966219228480064,0.07244994965011607,0.21949470678041227
singleonly_subject017_Chest_Press_(rack)_record0001,10005,accel_z_g,9,15,13,1.18,second,0.5209147519693162,0.8829063592700276,0.07535242013309022,0.0618455265427038,0.15843524959361366
singleonly_subject017_Chest_Press_(rack)_record0001,10005,accel_z_g,10,15,13,1.34,first,0.3819380490935698,0.5700567896918952,0.11681083371372661,0.09042385517814672,0.254696432728994
singleonly_subject017_Chest_Press_(rack)_record0001,10005,accel_z_g,10,15,13,1.34,second,0.6180619509064302,0.9224805237409406,0.06464350370753745,0.05511676765343486,0.13277928026098273
singleonly_subject017_Chest_Press_(rack)_record0001,10005,accel_z_g,11,15,13,1.32,first,0.5080918825982422,0.7698361857549124,0.12145609451282259,0.09759652234873187,0.22854865240222155
singleonly_subject017_Chest_Press_(rack)_record0001,10005,accel_z_g,11,15,13,1.32,second,0.49190811740175777,0.7453153293966026,0.06596229693213732,0.05630018736344183,0.12836780567987294
singleonly_subject017_Chest_Press_(rack)_record0001,10005,accel_z_g,12,15,13,1.26,first,0.34978600453891406,0.5552158802204985,0.10317325086385824,0.07619399607459948,0.2666585268359054
singleonly_subject017_Chest_Press_(rack)_record0001,10005,accel_z_g,12,15,13,1.26,second,0.6502139954610859,1.0320857070810887,0.07124353865113858,0.05991741064195144,0.1746205456644253
singleonly_subject017_Chest_Press_(rack)_record0001,10005,accel_z_g,13,15,13,1.18,first,0.38600365987819313,0.6542434913189714,0.09193433274222346,0.07011681085454954,0.19438239476731023
singleonly_subject017_Chest_Press_(rack)_record0001,10005,accel_z_g,13,15,13,1.18,second,0.6139963401218069,1.0406717629183169,0.06551539613222392,0.056986606315737535,0.11736860008158412
singleonly_subject033_Chest_Press_(rack)_record0001,502,accel_x_g,1,22,22,1.3,first,0.5865574313712753,0.9023960482635004,0.15458531317306914,0.12200168517100689,0.2728359791389766
singleonly_subject033_Chest_Press_(rack)_record0001,502,accel_x_g,1,22,22,1.3,second,0.41344256862872475,0.636065490198038,0.1125561682253598,0.08681705090477494,0.2859466903396788
singleonly_subject033_Chest_Press_(rack)_record0001,502,accel_x_g,2,22,22,1.26,first,0.6015937067414745,0.954910645621388,0.15887009934172538,0.1275210082138022,0.26785774005275
singleonly_subject033_Chest_Press_(rack)_record0001,502,accel_x_g,2,22,22,1.26,second,0.3984062932585255,0.6323909416801992,0.12169730977796991,0.09905605394678377,0.2957291206501027
singleonly_subject033_Chest_Press_(rack)_record0001,502,accel_x_g,3,22,22,1.1,first,0.62242596037296,1.1316835643144727,0.11685870454803424,0.08795992184689355,0.2523051597567437
singleonly_subject033_Chest_Press_(rack)_record0001,502,accel_x_g,3,22,22,1.1,second,0.37757403962703995,0.6864982538673453,0.1309182706524694,0.1111561036605884,0.27455623955468345
singleonly_subject033_Chest_Press_(rack)_record0001,502,accel_x_g,4,22,22,1.2,first,0.7148805423597829,1.1914675705996383,0.160218066158499,0.13205016888135704,0.3851293515857266
singleonly_subject033_Chest_Press_(rack)_record0001,502,accel_x_g,4,22,22,1.2,second,0.28511945764021707,0.4751990960670285,0.12829040786729365,0.1192826743312866,0.2570061846325249
singleonly_subject033_Chest_Press_(rack)_record0001,502,accel_x_g,5,22,22,1.26,first,0.6232615953986161,0.989304119680343,0.15745959751035454,0.12624487473222493,0.3411190987527414
singleonly_subject033_Chest_Press_(rack)_record0001,502,accel_x_g,5,22,22,1.26,second,0.37673840460138386,0.5979974676212442,0.1178438946341684,0.10151361625344894,0.24313533969313572
singleonly_subject033_Chest_Press_(rack)_record0001,502,accel_x_g,6,22,22,0.96,first,0.6967590862677757,1.4515814297245329,0.1368914376716191,0.10755397512742904,0.30861101594572893
singleonly_subject033_Chest_Press_(rack)_record0001,502,accel_x_g,6,22,22,0.96,second,0.3032409137322243,0.6317519036088006,0.15796547435143907,0.1340508931610154,0.47488204486239605
singleonly_subject033_Chest_Press_(rack)_record0001,502,accel_x_g,7,22,22,1.0,first,0.7544173156075701,1.5088346312151402,0.12289650892765155,0.09102671459531049,0.3035148770105085
singleonly_subject033_Chest_Press_(rack)_record0001,502,accel_x_g,7,22,22,1.0,second,0.24558268439242992,0.49116536878485983,0.13375113412652737,0.12275786443446858,0.231004035810072
singleonly_subject033_Chest_Press_(rack)_record0001,502,accel_x_g,8,22,22,1.2,first,0.6314235171864073,1.0523725286440122,0.163369216192723,0.12792091868993313,0.3678541283911798
singleonly_subject033_Chest_Press_(rack)_record0001,502,accel_x_g,8,22,22,1.2,second,0.3685764828135927,0.6142941380226545,0.1560249085783312,0.14346388783252537,0.26349551237998403
singleonly_subject033_Chest_Press_(rack)_record0001,502,accel_x_g,9,22,22,1.16,first,0.6006865282996823,1.0356664281029004,0.1511514977179173,0.12749456937111403,0.282990115529247
singleonly_subject033_Chest_Press_(rack)_record0001,502,accel_x_g,9,22,22,1.16,second,0.3993134717003177,0.6884715029315823,0.14275523188565264,0.1314965436287558,0.247426850401115
singleonly_subject033_Chest_Press_(rack)_record0001,502,accel_x_g,10,22,22,1.16,first,0.581881240365638,1.0032435178717898,0.1969467238468521,0.16219768328260148,0.40346545513918197
singleonly_subject033_Chest_Press_(rack)_record0001,502,accel_x_g,10,22,22,1.16,second,0.41811875963436196,0.7208944131626931,0.15269256259359362,0.13782976406144884,0.2743022777984405
singleonly_subject033_Chest_Press_(rack)_record0001,502,accel_x_g,11,22,22,1.14,first,0.7257107257198382,1.27317671178919,0.19112831339309272,0.16315255869229683,0.3748038748772834
singleonly_subject033_Chest_Press_(rack)_record0001,502,accel_x_g,11,22,22,1.14,second,0.2742892742801618,0.48120925312309093,0.1544183073430197,0.1468449631799275,0.248802552726336
singleonly_subject033_Chest_Press_(rack)_record0001,502,accel_x_g,12,22,22,1.16,first,0.6027874483685407,1.039288704083691,0.17405984525574,0.1417752014116203,0.2768536588555084
singleonly_subject033_Chest_Press_(rack)_record0001,502,accel_x_g,12,22,22,1.16,second,0.3972125516314593,0.684849226950792,0.1630771222912443,0.14979316589777927,0.27947889841203155
singleonly_subject033_Chest_Press_(rack)_record0001,502,accel_x_g,13,22,22,1.12,first,0.5236480560563972,0.9350858143864235,0.19796325539316575,0.1748141612012292,0.34917012407621173
singleonly_subject033_Chest_Press_(rack)_record0001,502,accel_x_g,13,22,22,1.12,second,0.4763519439436028,0.8506284713278621,0.17654275639075645,0.15992925019192147,0.2832074029199938
singleonly_subject033_Chest_Press_(rack)_record0001,502,accel_x_g,14,22,22,1.26,first,0.657383148506548,1.0434653150897588,0.17211423344559929,0.13336109596723186,0.36497332647722247
singleonly_subject033_Chest_Press_(rack)_record0001,502,accel_x_g,14,22,22,1.26,second,0.342616851493452,0.5438362722118286,0.13618481059058526,0.11596912092208793,0.22658902133636616
singleonly_subject033_Chest_Press_(rack)_record0001,502,accel_x_g,15,22,22,1.16,first,0.6537427944684541,1.1271427490835415,0.1932569982360571,0.1625405662480797,0.39609764852210405
singleonly_subject033_Chest_Press_(rack)_record0001,502,accel_x_g,15,22,22,1.16,second,0.34625720553154593,0.5969951819509413,0.17818244939989772,0.16828229821252544,0.29132112238769703
singleonly_subject033_Chest_Press_(rack)_record0001,502,accel_x_g,16,22,22,1.12,first,0.5868089470510056,1.0478731197339386,0.17860266295985186,0.14872836027700803,0.3212598356367682
singleonly_subject033_Chest_Press_(rack)_record0001,502,accel_x_g,16,22,22,1.12,second,0.4131910529489944,0.7378411659803471,0.1552095825110893,0.1336722255609338,0.3083127902638798
singleonly_subject033_Chest_Press_(rack)_record0001,502,accel_x_g,17,22,22,0.98,first,0.75734773552044,1.545607623511102,0.1328976367202994,0.09130641736407359,0.4716057788089497
singleonly_subject033_Chest_Press_(rack)_record0001,502,accel_x_g,17,22,22,0.98,second,0.24265226447956,0.49520870301951025,0.13123506598592746,0.11882117690666753,0.2344230286178708
singleonly_subject033_Chest_Press_(rack)_record0001,502,accel_x_g,18,22,22,1.08,first,0.6008210488800088,1.1126315720000162,0.1857152061132391,0.14887384850651067,0.4236723267665259
singleonly_subject033_Chest_Press_(rack)_record0001,502,accel_x_g,18,22,22,1.08,second,0.39917895111999124,0.7392202798518356,0.16323307496069675,0.14904862414597567,0.27735981061108195
singleonly_subject033_Chest_Press_(rack)_record0001,502,accel_x_g,19,22,22,0.94,first,0.7612581126892781,1.6196981121048473,0.16725496629689962,0.11168235520335723,0.5028150254890119
singleonly_subject033_Chest_Press_(rack)_record0001,502,accel_x_g,19,22,22,0.94,second,0.23874188731072188,0.507961462363238,0.1513541973981897,0.14122513307011408,0.2376617133097747
singleonly_subject033_Chest_Press_(rack)_record0001,502,accel_x_g,20,22,22,1.16,first,0.5917680020155276,1.0202896586474615,0.17611317513744154,0.14336542176377118,0.40792628321750046
singleonly_subject033_Chest_Press_(rack)_record0001,502,accel_x_g,20,22,22,1.16,second,0.4082319979844724,0.7038482723870214,0.14264310959826887,0.12982394349172502,0.2692750620316817
singleonly_subject033_Chest_Press_(rack)_record0001,502,accel_x_g,21,22,22,1.2,first,0.6309374596216836,1.051562432702806,0.1325681018168787,0.10260550285615025,0.23837602231953114
singleonly_subject033_Chest_Press_(rack)_record0001,502,accel_x_g,21,22,22,1.2,second,0.36906254037831643,0.6151042339638607,0.12296898707868567,0.11362533320809277,0.2145033098499627
singleonly_subject033_Chest_Press_(rack)_record0001,502,accel_x_g,22,22,22,0.76,first,0.7638059336428685,2.010015614849654,0.07477935919737766,0.05857447786865139,0.23729375277231968
singleonly_subject033_Chest_Press_(rack)_record0001,502,accel_x_g,22,22,22,0.76,second,0.23619406635713147,0.621563332518767,0.04989863048690624,0.04280645490333785,0.12498787843199266
singleonly_subject035_Chest_Press_(rack)_record0001,512,accel_y_g,1,19,18,0.88,first,0.20416361807976777,0.4640082229085631,0.17046177686731623,0.15214741225807674,0.3150471347442465
singleonly_subject035_Chest_Press_(rack)_record0001,512,accel_y_g,1,19,18,0.88,second,0.7958363819202322,1.8087190498187096,0.1719527710365563,0.14320013824018843,0.3526049488889267
singleonly_subject035_Chest_Press_(rack)_record0001,512,accel_y_g,2,19,18,1.1,first,0.4154093522597108,0.7552897313812923,0.14956284687355217,0.12668188853737358,0.2702201670599309
singleonly_subject035_Chest_Press_(rack)_record0001,512,accel_y_g,2,19,18,1.1,second,0.5845906477402891,1.0628920868005256,0.1784859510648279,0.15114347127112215,0.3600952732385778
singleonly_subject035_Chest_Press_(rack)_record0001,512,accel_y_g,3,19,18,0.9,first,0.39691562014653764,0.8820347114367503,0.16242126577382046,0.13565827288946233,0.318498334920012
singleonly_subject035_Chest_Press_(rack)_record0001,512,accel_y_g,3,19,18,0.9,second,0.6030843798534624,1.340187510785472,0.15817566096366528,0.13200470216249935,0.41678831050126797
singleonly_subject035_Chest_Press_(rack)_record0001,512,accel_y_g,4,19,18,0.96,first,0.1964725461620333,0.40931780450423605,0.14472272139340048,0.13008358207416607,0.2529777071851651
singleonly_subject035_Chest_Press_(rack)_record0001,512,accel_y_g,4,19,18,0.96,second,0.8035274538379666,1.6740155288290972,0.15414602973433822,0.12815616199811763,0.3390826216991869
singleonly_subject035_Chest_Press_(rack)_record0001,512,accel_y_g,5,19,18,1.1,first,0.4015506758399383,0.7300921378907969,0.13515321929730037,0.10663292482687596,0.2989984089096335
singleonly_subject035_Chest_Press_(rack)_record0001,512,accel_y_g,5,19,18,1.1,second,0.5984493241600617,1.0880896802910212,0.20737121241126222,0.18560654634729953,0.3534474756963275
singleonly_subject035_Chest_Press_(rack)_record0001,512,accel_y_g,6,19,18,0.82,first,0.2575499711222824,0.6281706612738596,0.11157595624660815,0.09732509244944966,0.21613626192412827
singleonly_subject035_Chest_Press_(rack)_record0001,512,accel_y_g,6,19,18,0.82,second,0.7424500288777176,1.810853728970043,0.1715286001502775,0.15288923528231138,0.3250959447078028
singleonly_subject035_Chest_Press_(rack)_record0001,512,accel_y_g,7,19,18,0.88,first,0.48542044684586777,1.1032282882860631,0.10756561799240645,0.08505558501646045,0.26076194057049573
singleonly_subject035_Chest_Press_(rack)_record0001,512,accel_y_g,7,19,18,0.88,second,0.5145795531541322,1.1694989844412096,0.15700763468360984,0.1385432116930046,0.3138878434670884
singleonly_subject035_Chest_Press_(rack)_record0001,512,accel_y_g,8,19,18,0.94,first,0.36491100850698066,0.7764064010786823,0.1512349393367425,0.14130188468491342,0.2588735679676152
singleonly_subject035_Chest_Press_(rack)_record0001,512,accel_y_g,8,19,18,0.94,second,0.6350889914930193,1.3512531733894029,0.17508075929556063,0.14521997826604735,0.3562928870451718
singleonly_subject035_Chest_Press_(rack)_record0001,512,accel_y_g,9,19,18,0.96,first,0.6312363216218104,1.3150756700454385,0.1506449116929887,0.1336301735646538,0.3075459203203734
singleonly_subject035_Chest_Press_(rack)_record0001,512,accel_y_g,9,19,18,0.96,second,0.3687636783781896,0.768257663287895,0.2143512440724629,0.17711887120204445,0.4089608634031756
singleonly_subject035_Chest_Press_(rack)_record0001,512,accel_y_g,10,19,18,0.84,first,0.42233372725202606,1.005556493457205,0.12315027601662108,0.09398454661489598,0.3178737740313782
singleonly_subject035_Chest_Press_(rack)_record0001,512,accel_y_g,10,19,18,0.84,second,0.577666272747974,1.3753958874951762,0.2088952866231507,0.18665016749337468,0.38354412281388983
singleonly_subject035_Chest_Press_(rack)_record0001,512,accel_y_g,11,19,18,0.9,first,0.43999059093809284,0.9777568687513174,0.13981309949542312,0.12158253923133178,0.28416841832794304
singleonly_subject035_Chest_Press_(rack)_record0001,512,accel_y_g,11,19,18,0.9,second,0.5600094090619072,1.244465353470905,0.18609897989554255,0.16511535697904803,0.4323116359279413
singleonly_subject035_Chest_Press_(rack)_record0001,512,accel_y_g,12,19,18,1.14,first,0.2763656171399177,0.4848519598945925,0.14818168767949452,0.12821684875899894,0.30821018940565426
singleonly_subject035_Chest_Press_(rack)_record0001,512,accel_y_g,12,19,18,1.14,second,0.7236343828600823,1.2695340050176884,0.17944093776079864,0.15480758781220516,0.3714789404931347
singleonly_subject035_Chest_Press_(rack)_record0001,512,accel_y_g,13,19,18,0.76,first,0.4601633399890397,1.2109561578658938,0.1282154392564932,0.10631544864716996,0.2644633974360979
singleonly_subject035_Chest_Press_(rack)_record0001,512,accel_y_g,13,19,18,0.76,second,0.5398366600109603,1.4206227895025272,0.21110606030093831,0.1805555513185139,0.39232216291546207
singleonly_subject035_Chest_Press_(rack)_record0001,512,accel_y_g,14,19,18,1.02,first,0.40177812854949757,0.7878002520578383,0.18356568659807115,0.15195064301829744,0.3942380464121711
singleonly_subject035_Chest_Press_(rack)_record0001,512,accel_y_g,14,19,18,1.02,second,0.5982218714505024,1.172984061667652,0.23361615959283377,0.19120634548096432,0.4621907965956211
singleonly_subject035_Chest_Press_(rack)_record0001,512,accel_y_g,15,19,18,1.04,first,0.35320430050339896,0.6792390394296134,0.17290907353976856,0.14879184586798042,0.34860045188020305
singleonly_subject035_Chest_Press_(rack)_record0001,512,accel_y_g,15,19,18,1.04,second,0.6467956994966011,1.2438378836473098,0.14038229556695558,0.11240464376238758,0.3092638975182407
singleonly_subject035_Chest_Press_(rack)_record0001,512,accel_y_g,16,19,18,0.84,first,0.4671743061529984,1.112319776554758,0.1703728465080402,0.1425622028589331,0.3450797240746649
singleonly_subject035_Chest_Press_(rack)_record0001,512,accel_y_g,16,19,18,0.84,second,0.5328256938470016,1.268632604397623,0.14751719145822867,0.11721426189458171,0.3459823536975819
singleonly_subject035_Chest_Press_(rack)_record0001,512,accel_y_g,17,19,18,1.02,first,0.5171525484834202,1.0140246048694512,0.16932683094260242,0.1403149010624285,0.40024135786685566
singleonly_subject035_Chest_Press_(rack)_record0001,512,accel_y_g,17,19,18,1.02,second,0.4828474515165798,0.9467597088560389,0.19737050557983837,0.16761531347436112,0.36790690106084
singleonly_subject035_Chest_Press_(rack)_record0001,512,accel_y_g,18,19,18,1.04,first,0.3343903924375955,0.643058446995376,0.19479544731719384,0.1615383586746147,0.4057302358706256
singleonly_subject035_Chest_Press_(rack)_record0001,512,accel_y_g,18,19,18,1.04,second,0.6656096075624045,1.2800184760815472,0.20220154859253547,0.16703006958163769,0.3623269945093539
singleonly_subject052_Chest_Press_(rack)_record0001,526,accel_y_g,1,10,8,1.12,first,0.34134045738769575,0.6095365310494566,0.16865627261628532,0.15450125474160112,0.29054888313506466
singleonly_subject052_Chest_Press_(rack)_record0001,526,accel_y_g,1,10,8,1.12,second,0.6586595426123043,1.176177754664829,0.07820543116021453,0.06635510505969222,0.14829210891229627
singleonly_subject052_Chest_Press_(rack)_record0001,526,accel_y_g,2,10,8,0.78,first,0.1979195063178031,0.5074859136353925,0.156329665768224,0.1502635524242587,0.2572609532750374
singleonly_subject052_Chest_Press_(rack)_record0001,526,accel_y_g,2,10,8,0.78,second,0.8020804936821969,2.0566166504671717,0.07841713858227924,0.06375752172234626,0.18287477392500828
singleonly_subject052_Chest_Press_(rack)_record0001,526,accel_y_g,3,10,8,1.76,first,0.7883120913162142,0.8958091946775161,0.15699825937436995,0.13759850379560323,0.3753785442781874
singleonly_subject052_Chest_Press_(rack)_record0001,526,accel_y_g,3,10,8,1.76,second,0.21168790868378584,0.24055444168612028,0.1296520556064491,0.11162413219114974,0.2742860300488328
singleonly_subject052_Chest_Press_(rack)_record0001,526,accel_y_g,4,10,8,0.72,first,0.24403505408066412,0.677875150224067,0.1733689023788702,0.16223023716039636,0.30397971079698216
singleonly_subject052_Chest_Press_(rack)_record0001,526,accel_y_g,4,10,8,0.72,second,0.7559649459193358,2.099902627553711,0.06869516541392572,0.060933134920919,0.11926865379324636
singleonly_subject052_Chest_Press_(rack)_record0001,526,accel_y_g,5,10,8,0.82,first,0.22947670706278087,0.5596992855189777,0.1320067464417741,0.1165115476965699,0.2826906102486415
singleonly_subject052_Chest_Press_(rack)_record0001,526,accel_y_g,5,10,8,0.82,second,0.7705232929372191,1.8793251047249249,0.06530336389881265,0.05475368112963551,0.1342656362979544
singleonly_subject052_Chest_Press_(rack)_record0001,526,accel_y_g,6,10,8,0.5,first,0.43579355158050065,1.7431742063220026,0.12805182493692008,0.11411749467698398,0.21289525469627524
singleonly_subject052_Chest_Press_(rack)_record0001,526,accel_y_g,6,10,8,0.5,second,0.5642064484194993,2.256825793677997,0.07258839287910741,0.06421757338487886,0.12447271957520378
singleonly_subject052_Chest_Press_(rack)_record0001,526,accel_y_g,7,10,8,0.84,first,0.324747019609804,0.7732071895471524,0.1262167632660922,0.09835846066312626,0.31885815139033813
singleonly_subject052_Chest_Press_(rack)_record0001,526,accel_y_g,7,10,8,0.84,second,0.675252980390196,1.6077451914052285,0.10731808495760545,0.08827485968804778,0.32227305132691964
singleonly_subject052_Chest_Press_(rack)_record0001,526,accel_y_g,8,10,8,1.38,first,0.284368077749436,0.41212764891222614,0.11282221785025491,0.09521433981462653,0.2735031156918335
singleonly_subject052_Chest_Press_(rack)_record0001,526,accel_y_g,8,10,8,1.38,second,0.715631922250564,1.0371477134066147,0.07452003853306112,0.05834053664848632,0.1847619137967249
singleonly_subject052_Chest_Press_(rack)_record0002,526,accel_y_g,1,10,7,1.54,first,0.8865617361587126,1.1513788781281982,0.20166140103683922,0.14177801923131994,1.007020782051196
singleonly_subject052_Chest_Press_(rack)_record0002,526,accel_y_g,1,10,7,1.54,second,0.11343826384128741,0.14732242057310052,0.1223099841877351,0.08897776930310397,0.2839254250200869
singleonly_subject052_Chest_Press_(rack)_record0002,526,accel_y_g,2,10,7,1.74,first,0.9348087757969036,1.0744928457435674,0.1442474187087298,0.12444608250791554,0.29288174730171856
singleonly_subject052_Chest_Press_(rack)_record0002,526,accel_y_g,2,10,7,1.74,second,0.06519122420309642,0.0749324416127545,0.1211740337366504,0.08636396557391934,0.2615773152011349
singleonly_subject052_Chest_Press_(rack)_record0002,526,accel_y_g,3,10,7,1.82,first,0.688860304768951,0.7569893458999462,0.13928178504492736,0.12350167735816528,0.25692665811480053
singleonly_subject052_Chest_Press_(rack)_record0002,526,accel_y_g,3,10,7,1.82,second,0.311139695231049,0.34191175300115273,0.11579491746866363,0.08548906975230285,0.25873528379055877
singleonly_subject052_Chest_Press_(rack)_record0002,526,accel_y_g,4,10,7,1.72,first,0.8621775091766681,1.0025319874147305,0.155552613298423,0.1337499175699591,0.5052419984619749
singleonly_subject052_Chest_Press_(rack)_record0002,526,accel_y_g,4,10,7,1.72,second,0.13782249082333187,0.16025871025968821,0.11795688874097343,0.09028796973407324,0.2370658508174388
singleonly_subject052_Chest_Press_(rack)_record0002,526,accel_y_g,5,10,7,1.88,first,0.8550901146584089,0.9096703347429882,0.12488709581896862,0.10877702754647701,0.34400408999172916
singleonly_subject052_Chest_Press_(rack)_record0002,526,accel_y_g,5,10,7,1.88,second,0.1449098853415911,0.15415945249105437,0.11652634984976126,0.08618603029503578,0.2582193559475683
singleonly_subject052_Chest_Press_(rack)_record0002,526,accel_y_g,6,10,7,1.82,first,0.8675735730900137,0.9533775528461689,0.13737709885398,0.11642430911475271,0.37223480801923525
singleonly_subject052_Chest_Press_(rack)_record0002,526,accel_y_g,6,10,7,1.82,second,0.1324264269099863,0.14552354605492998,0.10229216926990153,0.07563503076287341,0.26459147643089054
singleonly_subject052_Chest_Press_(rack)_record0002,526,accel_y_g,7,10,7,2.32,first,0.6977208171519782,0.6014834630620502,0.14817930977951269,0.13398140940011952,0.2985602527215422
singleonly_subject052_Chest_Press_(rack)_record0002,526,accel_y_g,7,10,7,2.32,second,0.3022791828480218,0.26058550245519124,0.0968669189221702,0.07526436104219696,0.23679812099417208
singleonly_subject052_Chest_Press_(rack)_record0003,526,accel_y_g,1,10,9,1.8,first,0.8835109154305892,0.9816787949228769,0.17417057487565749,0.14598509264449466,0.7205682813931744
singleonly_subject052_Chest_Press_(rack)_record0003,526,accel_y_g,1,10,9,1.8,second,0.11648908456941076,0.12943231618823417,0.10792234526955305,0.07924258262402036,0.24980719290591802
singleonly_subject052_Chest_Press_(rack)_record0003,526,accel_y_g,2,10,9,1.8,first,0.9178148206373244,1.0197942451525828,0.11369103990565335,0.0983708540125555,0.24347197326352266
singleonly_subject052_Chest_Press_(rack)_record0003,526,accel_y_g,2,10,9,1.8,second,0.08218517936267555,0.09131686595852839,0.11933559962633815,0.09493436554840674,0.24466708294116035
singleonly_subject052_Chest_Press_(rack)_record0003,526,accel_y_g,3,10,9,1.7,first,0.826949385271192,0.9728816297308142,0.11514152681130364,0.09759775662532723,0.2518602101976407
singleonly_subject052_Chest_Press_(rack)_record0003,526,accel_y_g,3,10,9,1.7,second,0.173050614728808,0.20358895850448,0.12379174977397597,0.08852326671861575,0.26995438623537216
singleonly_subject052_Chest_Press_(rack)_record0003,526,accel_y_g,4,10,9,1.8,first,0.8987906203215646,0.9986562448017384,0.14778355185086037,0.13236693747347858,0.2638989532527528
singleonly_subject052_Chest_Press_(rack)_record0003,526,accel_y_g,4,10,9,1.8,second,0.10120937967843535,0.11245486630937261,0.10825058151958879,0.0748409419514432,0.2588162363947857
singleonly_subject052_Chest_Press_(rack)_record0003,526,accel_y_g,5,10,9,0.94,first,0.29733195006230473,0.6326211703453293,0.15232137562808512,0.13005786678522283,0.2653026549195956
singleonly_subject052_Chest_Press_(rack)_record0003,526,accel_y_g,5,10,9,0.94,second,0.7026680499376953,1.495038404122756,0.04476619062097277,0.034780249268846174,0.12589847894851636
singleonly_subject052_Chest_Press_(rack)_record0003,526,accel_y_g,6,10,9,0.84,first,0.2870639731350678,0.68348565032159,0.13391362240176258,0.11093911612957388,0.28638850774179647
singleonly_subject052_Chest_Press_(rack)_record0003,526,accel_y_g,6,10,9,0.84,second,0.7129360268649322,1.697466730630791,0.07123082903867596,0.057494775450991575,0.15474443858635567
singleonly_subject052_Chest_Press_(rack)_record0003,526,accel_y_g,7,10,9,0.76,first,0.44642954553481673,1.1748145935126757,0.12527180539849012,0.10189562170185176,0.281519568843402
singleonly_subject052_Chest_Press_(rack)_record0003,526,accel_y_g,7,10,9,0.76,second,0.5535704544651833,1.4567643538557455,0.035881136539932974,0.02352455996143447,0.130685920074882
singleonly_subject052_Chest_Press_(rack)_record0003,526,accel_y_g,8,10,9,1.3,first,0.45118486336936564,0.6941305590297933,0.1306854481467481,0.10305823486136416,0.2995843849423996
singleonly_subject052_Chest_Press_(rack)_record0003,526,accel_y_g,8,10,9,1.3,second,0.5488151366306344,0.8443309794317452,0.11154053244886368,0.08470019894882552,0.263767733786641
singleonly_subject052_Chest_Press_(rack)_record0003,526,accel_y_g,9,10,9,0.28,first,0.32342666004079174,2.3101904288627977,0.06966612626087856,0.053706336515320995,0.16344471716311393
singleonly_subject052_Chest_Press_(rack)_record0003,526,accel_y_g,9,10,9,0.28,second,0.6765733399592082,4.832666713994344,0.05941020538821213,0.047597550966458076,0.16787384185428822
singleonly_subject058_Chest_Press_(rack)_record0001,247,accel_z_g,1,15,13,2.08,first,0.35942600280552967,0.34560192577454774,0.10928314575467314,0.09827637005094594,0.310242687435361
singleonly_subject058_Chest_Press_(rack)_record0001,247,accel_z_g,1,15,13,2.08,second,0.6405739971944704,0.6159365357639138,0.07324027850626788,0.061548730307995236,0.1467210331981077
singleonly_subject058_Chest_Press_(rack)_record0001,247,accel_z_g,2,15,13,1.82,first,0.18272331414725387,0.20079485071126799,0.11186659133898817,0.10808659664525862,0.15728348073209597
singleonly_subject058_Chest_Press_(rack)_record0001,247,accel_z_g,2,15,13,1.82,second,0.8172766858527462,0.8981062481898309,0.06834274500181357,0.06030025487922606,0.11826844282652704
singleonly_subject058_Chest_Press_(rack)_record0001,247,accel_z_g,3,15,13,1.02,first,0.4253510357851566,0.8340216387944247,0.051219495709355335,0.04528778694765126,0.094272161053635
singleonly_subject058_Chest_Press_(rack)_record0001,247,accel_z_g,3,15,13,1.02,second,0.5746489642148433,1.1267626749310653,0.07319158191205416,0.05950676243185943,0.17033408039071696
singleonly_subject058_Chest_Press_(rack)_record0001,247,accel_z_g,4,15,13,2.16,first,0.1469198799303052,0.13603692586139368,0.11230436720990848,0.10902751536404502,0.16869212752257812
singleonly_subject058_Chest_Press_(rack)_record0001,247,accel_z_g,4,15,13,2.16,second,0.8530801200696948,0.7898890000645322,0.056797927273901226,0.04582118071730721,0.1337020474833691
singleonly_subject058_Chest_Press_(rack)_record0001,247,accel_z_g,5,15,13,2.48,first,0.2606229034853621,0.21017976087529203,0.08953614800581726,0.08723302194023497,0.13359978454548616
singleonly_subject058_Chest_Press_(rack)_record0001,247,accel_z_g,5,15,13,2.48,second,0.7393770965146379,0.5962718520279338,0.07144794688268008,0.06274121124240921,0.15188269005715693
singleonly_subject058_Chest_Press_(rack)_record0001,247,accel_z_g,6,15,13,2.56,first,0.31953570254121055,0.24963726761032073,0.10577522166146427,0.09989030878700256,0.2496965436124523
singleonly_subject058_Chest_Press_(rack)_record0001,247,accel_z_g,6,15,13,2.56,second,0.6804642974587894,0.5316127323896792,0.07033499093086384,0.06273633531580108,0.1634599696498822
singleonly_subject058_Chest_Press_(rack)_record0001,247,accel_z_g,7,15,13,2.36,first,0.20280251427407955,0.1718665375204064,0.10353751662580761,0.10042520981678714,0.17325636653996712
singleonly_subject058_Chest_Press_(rack)_record0001,247,accel_z_g,7,15,13,2.36,second,0.7971974857259204,0.6755910895982377,0.053992616306505335,0.04658306642049769,0.11680256131120337
singleonly_subject058_Chest_Press_(rack)_record0001,247,accel_z_g,8,15,13,2.62,first,0.3022531135897635,0.23072756762577365,0.09796074927633328,0.09556175955704212,0.14849153036492346
singleonly_subject058_Chest_Press_(rack)_record0001,247,accel_z_g,8,15,13,2.62,second,0.6977468864102365,0.5326312110001805,0.0671601115219686,0.056127632388644606,0.15211720276626817
singleonly_subject058_Chest_Press_(rack)_record0001,247,accel_z_g,9,15,13,2.42,first,0.2281490981385386,0.18855297366821372,0.0973910937828551,0.09329991909320962,0.14935504814716039
singleonly_subject058_Chest_Press_(rack)_record0001,247,accel_z_g,9,15,13,2.42,second,0.7718509018614614,0.6378933073235219,0.08201095049636739,0.0683938447307834,0.19030178502848116
singleonly_subject058_Chest_Press_(rack)_record0001,247,accel_z_g,10,15,13,1.96,first,0.2462307428536914,0.2512558600547872,0.0966936123177772,0.09344224822567615,0.14358542209112746
singleonly_subject058_Chest_Press_(rack)_record0001,247,accel_z_g,10,15,13,1.96,second,0.7537692571463086,0.769152303210519,0.07069839470561164,0.060189814787857586,0.15032813474061757
singleonly_subject058_Chest_Press_(rack)_record0001,247,accel_z_g,11,15,13,2.0,first,0.23366049953443443,0.23366049953443443,0.10509819897940717,0.10129420923622137,0.1629468532727243
singleonly_subject058_Chest_Press_(rack)_record0001,247,accel_z_g,11,15,13,2.0,second,0.7663395004655655,0.7663395004655655,0.07828624796821132,0.06691189361753465,0.15924485459306958
singleonly_subject058_Chest_Press_(rack)_record0001,247,accel_z_g,12,15,13,0.76,first,0.2867620686510118,0.7546370227658205,0.059058056903988444,0.05186026997468622,0.12056300218468596
singleonly_subject058_Chest_Press_(rack)_record0001,247,accel_z_g,12,15,13,0.76,second,0.7132379313489883,1.8769419246026007,0.043170977375387824,0.03478707342822724,0.12056300218468596
singleonly_subject058_Chest_Press_(rack)_record0001,247,accel_z_g,13,15,13,2.8,first,0.38430573714487826,0.27450409796062736,0.0898452951192394,0.0846987573437939,0.15864484482417907
singleonly_subject058_Chest_Press_(rack)_record0001,247,accel_z_g,13,15,13,2.8,second,0.6156942628551217,0.439781616325087,0.0752289987331038,0.06727851378302781,0.17864437151808188
singleonly_subject059_Chest_Press_(rack)_record0001,248,accel_y_g,1,16,21,1.5,first,0.7884874900376073,1.0513166533834764,0.14105898319828555,0.11886989404718486,0.25817746645473727
singleonly_subject059_Chest_Press_(rack)_record0001,248,accel_y_g,1,16,21,1.5,second,0.21151250996239268,0.2820166799498569,0.08142515417948216,0.07370116971511706,0.1418316055164015
singleonly_subject059_Chest_Press_(rack)_record0001,248,accel_y_g,2,16,21,0.92,first,0.8069048015679704,1.7541408729738486,0.2529368225299496,0.1673120149021137,1.077113764271755
singleonly_subject059_Chest_Press_(rack)_record0001,248,accel_y_g,2,16,21,0.92,second,0.1930951984320296,0.4197721705044122,0.08330632283550804,0.06763442289333482,0.2413176288726564
singleonly_subject059_Chest_Press_(rack)_record0001,248,accel_y_g,3,16,21,0.92,first,0.5975123759336901,1.298939947681935,0.14050097111203255,0.11445856623948987,0.2689483783760255
singleonly_subject059_Chest_Press_(rack)_record0001,248,accel_y_g,3,16,21,0.92,second,0.4024876240663099,0.8749730957963258,0.11573552359270985,0.10126070985953696,0.19267101168487666
singleonly_subject059_Chest_Press_(rack)_record0001,248,accel_y_g,4,16,21,0.74,first,0.6534347383173537,1.766039833290145,0.067119763332003,0.056675788473477456,0.15155844321769663
singleonly_subject059_Chest_Press_(rack)_record0001,248,accel_y_g,4,16,21,0.74,second,0.34656526168264634,0.9366628694125577,0.09188625208613847,0.08594445277223349,0.14048262039085402
singleonly_subject059_Chest_Press_(rack)_record0001,248,accel_y_g,5,16,21,0.9,first,0.7053427750185424,1.5674283889300942,0.07019736564037964,0.05853468940851425,0.16376083578523604
singleonly_subject059_Chest_Press_(rack)_record0001,248,accel_y_g,5,16,21,0.9,second,0.29465722498145763,0.654793833292128,0.060843208504875256,0.05319291319246205,0.10857733072235409
singleonly_subject059_Chest_Press_(rack)_record0001,248,accel_y_g,6,16,21,0.62,first,0.4631405398338343,1.4940017413994655,0.1378602251091649,0.12275802712947828,0.21360344986928637
singleonly_subject059_Chest_Press_(rack)_record0001,248,accel_y_g,6,16,21,0.62,second,0.5368594601661657,1.7318047102134377,0.08053023575494596,0.06662416581417326,0.19934761026858983
singleonly_subject059_Chest_Press_(rack)_record0001,248,accel_y_g,7,16,21,0.56,first,0.530860595873412,1.8959306995478997,0.1365432031124206,0.12703142855698366,0.21181004944553916
singleonly_subject059_Chest_Press_(rack)_record0001,248,accel_y_g,7,16,21,0.56,second,0.46913940412658806,1.6754978718806715,0.06788289100989202,0.05172971618663019,0.1534863504459344
singleonly_subject059_Chest_Press_(rack)_record0001,248,accel_y_g,8,16,21,0.6,first,0.8076834089493643,2.6922780298312143,0.07782395893067294,0.05913056962973569,0.219854732737647
singleonly_subject059_Chest_Press_(rack)_record0001,248,accel_y_g,8,16,21,0.6,second,0.1923165910506357,0.641055303502119,0.06801435521558759,0.06150110401215581,0.11347310304308622
singleonly_subject059_Chest_Press_(rack)_record0001,248,accel_y_g,9,16,21,0.96,first,0.3784939319523012,0.7885290249006275,0.1532851770770146,0.14958371756101024,0.21049603564737118
singleonly_subject059_Chest_Press_(rack)_record0001,248,accel_y_g,9,16,21,0.96,second,0.6215060680476988,1.2948043084327059,0.07523105977196119,0.06326213565219295,0.15693279583219
singleonly_subject059_Chest_Press_(rack)_record0001,248,accel_y_g,10,16,21,1.06,first,0.6172151109520254,1.164556813117029,0.13496585926612856,0.12767040943485558,0.19178604881272454
singleonly_subject059_Chest_Press_(rack)_record0001,248,accel_y_g,10,16,21,1.06,second,0.3827848890479746,0.7222356397131595,0.08271221178678483,0.07064385067417826,0.14737984064408582
singleonly_subject059_Chest_Press_(rack)_record0001,248,accel_y_g,11,16,21,0.62,first,0.41682291561255386,1.344590050363077,0.12899784420229263,0.10968550872205064,0.22891482056272816
singleonly_subject059_Chest_Press_(rack)_record0001,248,accel_y_g,11,16,21,0.62,second,0.5831770843874462,1.8812164012498265,0.06197080655528218,0.04812892862035257,0.13715676869109905
singleonly_subject059_Chest_Press_(rack)_record0001,248,accel_y_g,12,16,21,0.74,first,0.5506994362216348,1.488376854653067,0.14241966185951518,0.1367842873437339,0.20331110610581016
singleonly_subject059_Chest_Press_(rack)_record0001,248,accel_y_g,12,16,21,0.74,second,0.44930056377836525,1.2143258480496357,0.09143300345107255,0.06874685703747933,0.23528548802834903
singleonly_subject059_Chest_Press_(rack)_record0001,248,accel_y_g,13,16,21,0.6,first,0.5220506956559414,1.7401689855198048,0.13452047823734503,0.11699370405338054,0.23352551616054207
singleonly_subject059_Chest_Press_(rack)_record0001,248,accel_y_g,13,16,21,0.6,second,0.4779493043440586,1.5931643478135287,0.05422682770680821,0.04641692694838383,0.09956937127277021
singleonly_subject059_Chest_Press_(rack)_record0001,248,accel_y_g,14,16,21,0.96,first,0.790469267308412,1.6468109735591918,0.10892881442687011,0.0944889703918593,0.20627916150293546
singleonly_subject059_Chest_Press_(rack)_record0001,248,accel_y_g,14,16,21,0.96,second,0.20953073269158795,0.43652235977414156,0.08659573620673103,0.07322488321850115,0.1563811110089579
singleonly_subject059_Chest_Press_(rack)_record0001,248,accel_y_g,15,16,21,0.66,first,0.6763633524100429,2.049585916394069,0.12019005974484505,0.11078729679680244,0.1742916408381232
singleonly_subject059_Chest_Press_(rack)_record0001,248,accel_y_g,15,16,21,0.66,second,0.32363664758995714,0.980717113908961,0.07758409206292485,0.06314902135323541,0.16427883752176997
singleonly_subject059_Chest_Press_(rack)_record0001,248,accel_y_g,16,16,21,1.4,first,0.9290646021916071,1.3272351459880103,0.09389719675442451,0.0767427642461854,0.20944576387945735
singleonly_subject059_Chest_Press_(rack)_record0001,248,accel_y_g,16,16,21,1.4,second,0.07093539780839286,0.10133628258341838,0.14005436801809742,0.13168409614337875,0.23626797104628716
singleonly_subject059_Chest_Press_(rack)_record0001,248,accel_y_g,17,16,21,0.86,first,0.7346635258308013,1.7085198275134914,0.09346093880783013,0.08677048850105543,0.14720009615400786
singleonly_subject059_Chest_Press_(rack)_record0001,248,accel_y_g,17,16,21,0.86,second,0.2653364741691987,0.6170615678353458,0.09262466966883198,0.07714800138387373,0.1706963109398576
singleonly_subject059_Chest_Press_(rack)_record0001,248,accel_y_g,18,16,21,1.1,first,0.4592918528764263,0.8350760961389568,0.1260684791998928,0.12029585900223334,0.2009876715852823
singleonly_subject059_Chest_Press_(rack)_record0001,248,accel_y_g,18,16,21,1.1,second,0.5407081471235737,0.9831057220428613,0.08227208807500783,0.07041939077862562,0.14330362194644075
singleonly_subject059_Chest_Press_(rack)_record0001,248,accel_y_g,19,16,21,0.56,first,0.6148637957491971,2.195942127675704,0.08775900220317136,0.0834625355278595,0.1262407179013445
singleonly_subject059_Chest_Press_(rack)_record0001,248,accel_y_g,19,16,21,0.56,second,0.38513620425080286,1.3754864437528673,0.040335510011705884,0.034418180469012925,0.08039362221775526
singleonly_subject059_Chest_Press_(rack)_record0001,248,accel_y_g,20,16,21,0.6,first,0.4792079910498534,1.597359970166178,0.10120780408712618,0.09385240977019628,0.1493720414433639
singleonly_subject059_Chest_Press_(rack)_record0001,248,accel_y_g,20,16,21,0.6,second,0.5207920089501465,1.7359733631671552,0.0374534409830101,0.031464509457764765,0.0783228268055961
singleonly_subject059_Chest_Press_(rack)_record0001,248,accel_y_g,21,16,21,1.88,first,0.8140350957942737,0.8659947827598656,0.09364575563136135,0.07951232486413214,0.19549805897740868
singleonly_subject059_Chest_Press_(rack)_record0001,248,accel_y_g,21,16,21,1.88,second,0.1859649042057263,0.19783500447417693,0.10554587266676899,0.09297854307538893,0.21771433984596378
singleonly_subject059_Chest_Press_(rack)_record0002,248,accel_z_g,1,16,14,1.56,first,0.3567804226452038,0.4574107982630818,0.08776581574311386,0.07489229765301748,0.1778864659973456
singleonly_subject059_Chest_Press_(rack)_record0002,248,accel_z_g,1,16,14,1.56,second,0.6432195773547962,0.8246404837882002,0.08405283903146776,0.06271116949756378,0.23363381058465438
singleonly_subject059_Chest_Press_(rack)_record0002,248,accel_z_g,2,16,14,0.8,first,0.5085115295062733,1.2712788237656831,0.030027750812395667,0.024684006212831705,0.059527118893532904
singleonly_subject059_Chest_Press_(rack)_record0002,248,accel_z_g,2,16,14,0.8,second,0.4914884704937267,1.2287211762343166,0.10262118861717011,0.09113192746697697,0.15597974857518515
singleonly_subject059_Chest_Press_(rack)_record0002,248,accel_z_g,3,16,14,0.68,first,0.8421564986397992,2.4769308783523507,0.04646219515501454,0.03448255261184986,0.11787635766590387
singleonly_subject059_Chest_Press_(rack)_record0002,248,accel_z_g,3,16,14,0.68,second,0.15784350136020076,0.4642455922358845,0.14528274412947367,0.1357697653784522,0.2197771787609344
singleonly_subject059_Chest_Press_(rack)_record0002,248,accel_z_g,4,16,14,0.42,first,0.209507553522865,0.9976550167755476,0.06612156379693766,0.06123757428429145,0.11961218887396452
singleonly_subject059_Chest_Press_(rack)_record0002,248,accel_z_g,4,16,14,0.42,second,0.790492446477135,3.7642497451292143,0.05870715793074709,0.04988613768551813,0.12949748988728849
singleonly_subject059_Chest_Press_(rack)_record0002,248,accel_z_g,5,16,14,1.82,first,0.23815532593598462,0.2617091493802029,0.09287775193604245,0.08292106253285443,0.1597989693520363
singleonly_subject059_Chest_Press_(rack)_record0002,248,accel_z_g,5,16,14,1.82,second,0.7618446740640153,0.8371919495208959,0.07552323800332651,0.0604448289644723,0.15734379186210523
singleonly_subject059_Chest_Press_(rack)_record0002,248,accel_z_g,6,16,14,0.96,first,0.475372000300728,0.9903583339598501,0.057798297979105726,0.0455631083692309,0.13845864777474604
singleonly_subject059_Chest_Press_(rack)_record0002,248,accel_z_g,6,16,14,0.96,second,0.524627999699272,1.0929749993734834,0.10852411710081387,0.09097418545289482,0.17670774585694504
singleonly_subject059_Chest_Press_(rack)_record0002,248,accel_z_g,7,16,14,1.76,first,0.2657824354150348,0.3020254947898123,0.09986800367542281,0.09134578964088634,0.2061857657062942
singleonly_subject059_Chest_Press_(rack)_record0002,248,accel_z_g,7,16,14,1.76,second,0.7342175645849651,0.834338141573824,0.08609763996922298,0.06674256776585351,0.19897957805705624
singleonly_subject059_Chest_Press_(rack)_record0002,248,accel_z_g,8,16,14,1.74,first,0.48052441712331323,0.5523269162336933,0.10655103451643574,0.09792000520445984,0.19585112984951958
singleonly_subject059_Chest_Press_(rack)_record0002,248,accel_z_g,8,16,14,1.74,second,0.5194755828766868,0.5970983711226285,0.09114151332295407,0.07130490645898331,0.18037678805869894
singleonly_subject059_Chest_Press_(rack)_record0002,248,accel_z_g,9,16,14,1.72,first,0.4557432682706571,0.5299340328728571,0.10476168558113803,0.10125096380412146,0.15389657546401958
singleonly_subject059_Chest_Press_(rack)_record0002,248,accel_z_g,9,16,14,1.72,second,0.544256731729343,0.6328566648015616,0.08325059091379251,0.06675623184027693,0.1557202445939615
singleonly_subject059_Chest_Press_(rack)_record0002,248,accel_z_g,10,16,14,1.44,first,0.3693416947924882,0.5129745761006781,0.10625989367159555,0.09663235569510568,0.2093198238439986
singleonly_subject059_Chest_Press_(rack)_record0002,248,accel_z_g,10,16,14,1.44,second,0.6306583052075119,0.875914312788211,0.044606527515194366,0.03617141886573206,0.09085109239545108
singleonly_subject059_Chest_Press_(rack)_record0002,248,accel_z_g,11,16,14,2.02,first,0.38034291620066313,0.3765771447531318,0.08827687173131055,0.08064212273940015,0.18354429563559482
singleonly_subject059_Chest_Press_(rack)_record0002,248,accel_z_g,11,16,14,2.02,second,0.6196570837993369,0.6135218651478583,0.08561102396006602,0.06984847789295043,0.18359077064223817
singleonly_subject059_Chest_Press_(rack)_record0002,248,accel_z_g,12,16,14,1.46,first,0.5867712919463787,0.803796290337505,0.09929160243643001,0.09478630557233493,0.14869338513755204
singleonly_subject059_Chest_Press_(rack)_record0002,248,accel_z_g,12,16,14,1.46,second,0.41322870805362133,0.5660667233611251,0.0506040273003797,0.03556282133445956,0.14317432606198244
singleonly_subject059_Chest_Press_(rack)_record0002,248,accel_z_g,13,16,14,1.78,first,0.4395402457847462,0.49386544470196203,0.1109958032619859,0.1052565110296824,0.18992421786172864
singleonly_subject059_Chest_Press_(rack)_record0002,248,accel_z_g,13,16,14,1.78,second,0.5604597542152538,0.6297300609160156,0.08197026201733669,0.06112406055899074,0.17877040640510078
singleonly_subject059_Chest_Press_(rack)_record0002,248,accel_z_g,14,16,14,1.52,first,0.36234156054523053,0.4767652112437244,0.09416070504440638,0.08792405290633645,0.15557522988519534
singleonly_subject059_Chest_Press_(rack)_record0002,248,accel_z_g,14,16,14,1.52,second,0.6376584394547695,0.8390242624404862,0.04616988574642244,0.029608798735516872,0.15830398172631344
singleonly_subject069_Chest_Press_(rack)_record0001,543,accel_y_g,1,9,9,2.74,first,0.8206423125489078,0.5990089872619765,0.1301041225146363,0.10621174360874815,0.26380376598223654
singleonly_subject069_Chest_Press_(rack)_record0001,543,accel_y_g,1,9,9,2.74,second,0.17935768745109215,0.13091802003729353,0.0771786087733184,0.058276839621016804,0.25151396404670345
singleonly_subject069_Chest_Press_(rack)_record0001,543,accel_y_g,2,9,9,1.76,first,0.914579217422386,1.0392945652527115,0.12774211690443965,0.11067607896094764,0.2385623337447198
singleonly_subject069_Chest_Press_(rack)_record0001,543,accel_y_g,2,9,9,1.76,second,0.08542078257761399,0.09706907111092498,0.08287422641557105,0.07257480358526176,0.16673717622193407
singleonly_subject069_Chest_Press_(rack)_record0001,543,accel_y_g,3,9,9,2.26,first,0.5932560514941493,0.5250053553045569,0.1261987821415692,0.10877937752534224,0.2621941310870104
singleonly_subject069_Chest_Press_(rack)_record0001,543,accel_y_g,3,9,9,2.26,second,0.4067439485058507,0.35995039690783254,0.08405553755203368,0.07382458169017592,0.16743358439133493
singleonly_subject069_Chest_Press_(rack)_record0001,543,accel_y_g,4,9,9,2.18,first,0.5788039844686559,0.5310128297877577,0.10741367539340202,0.09225621103899467,0.21914374906321843
singleonly_subject069_Chest_Press_(rack)_record0001,543,accel_y_g,4,9,9,2.18,second,0.4211960155313441,0.38641836287279274,0.08357719382395763,0.06554451781666668,0.21603695942096635
singleonly_subject069_Chest_Press_(rack)_record0001,543,accel_y_g,5,9,9,2.38,first,0.6375678850660808,0.5357713319883032,0.10507810532417552,0.0895224877043285,0.20338284602487167
singleonly_subject069_Chest_Press_(rack)_record0001,543,accel_y_g,5,9,9,2.38,second,0.36243211493391925,0.30456480246547835,0.08793840713126051,0.07311906449888064,0.22681310189165504
singleonly_subject069_Chest_Press_(rack)_record0001,543,accel_y_g,6,9,9,2.36,first,0.6342649448821517,0.5375126651543659,0.10226155607264534,0.08839079713642313,0.20622766145700577
singleonly_subject069_Chest_Press_(rack)_record0001,543,accel_y_g,6,9,9,2.36,second,0.3657350551178483,0.30994496196427823,0.06236134063859379,0.0517834418042269,0.16005663488119026
singleonly_subject069_Chest_Press_(rack)_record0001,543,accel_y_g,7,9,9,2.38,first,0.4813794286519852,0.40452052827897916,0.09996345288793418,0.0876792550615128,0.18485920068732864
singleonly_subject069_Chest_Press_(rack)_record0001,543,accel_y_g,7,9,9,2.38,second,0.5186205713480148,0.43581560617480236,0.06173893697233411,0.054338240268274204,0.13891548062800863
singleonly_subject069_Chest_Press_(rack)_record0001,543,accel_y_g,8,9,9,2.68,first,0.6905629235046356,0.5153454653019668,0.09325224337074535,0.0772428079235118,0.20289567518327645
singleonly_subject069_Chest_Press_(rack)_record0001,543,accel_y_g,8,9,9,2.68,second,0.30943707649536445,0.23092319141445106,0.045700126349181316,0.03674300937265094,0.10500172530915108
singleonly_subject069_Chest_Press_(rack)_record0001,543,accel_y_g,9,9,9,0.62,first,0.8386047144399494,2.7051764981933855,0.09661097727980031,0.08214441886969785,0.25285486263985524
singleonly_subject069_Chest_Press_(rack)_record0001,543,accel_y_g,9,9,9,0.62,second,0.16139528556005056,0.5206299534195179,0.06597059746494466,0.05546138626567265,0.1300525102096004
singleonly_subject069_Chest_Press_(rack)_record0002,543,accel_x_g,1,13,10,1.78,first,0.8035800024567687,0.9028988791649087,0.13166938495296698,0.12110554561078035,0.24375666470936064
singleonly_subject069_Chest_Press_(rack)_record0002,543,accel_x_g,1,13,10,1.78,second,0.19641999754323125,0.2206966264530688,0.15632600197543597,0.13325156426300108,0.3542422657421822
singleonly_subject069_Chest_Press_(rack)_record0002,543,accel_x_g,2,13,10,1.98,first,0.5395755844508857,0.5450258428796826,0.10550283942979527,0.07951375727595734,0.35390320465894587
singleonly_subject069_Chest_Press_(rack)_record0002,543,accel_x_g,2,13,10,1.98,second,0.4604244155491143,0.4650751672213276,0.14520771910669936,0.12278124232399398,0.34100042926015317
singleonly_subject069_Chest_Press_(rack)_record0002,543,accel_x_g,3,13,10,1.94,first,0.5877779438459289,0.6059566431401329,0.10708417755293359,0.09195290853732396,0.24270276696459925
singleonly_subject069_Chest_Press_(rack)_record0002,543,accel_x_g,3,13,10,1.94,second,0.41222205615407115,0.4249711919114136,0.15032938899222023,0.12844452670356638,0.3511914063015893
singleonly_subject069_Chest_Press_(rack)_record0002,543,accel_x_g,4,13,10,2.0,first,0.6420420390994751,0.6420420390994751,0.11460284960385311,0.0856647162303156,0.362354227003571
singleonly_subject069_Chest_Press_(rack)_record0002,543,accel_x_g,4,13,10,2.0,second,0.3579579609005249,0.3579579609005249,0.134654174552987,0.11773801284907374,0.33415151079826577
singleonly_subject069_Chest_Press_(rack)_record0002,543,accel_x_g,5,13,10,1.92,first,0.6313264247337217,0.6576316924309601,0.09823738223526741,0.07673609190135057,0.2608683984892548
singleonly_subject069_Chest_Press_(rack)_record0002,543,accel_x_g,5,13,10,1.92,second,0.3686735752662783,0.3840349742357066,0.19022891792259858,0.15922308633870438,0.5777193298127641
singleonly_subject069_Chest_Press_(rack)_record0002,543,accel_x_g,6,13,10,1.66,first,0.606038094062867,0.7301663783889965,0.07084156962752207,0.0586110592548972,0.14169393868034574
singleonly_subject069_Chest_Press_(rack)_record0002,543,accel_x_g,6,13,10,1.66,second,0.393961905937133,0.47465289871943733,0.17247544964984377,0.14517493165104212,0.47542209047383
singleonly_subject069_Chest_Press_(rack)_record0002,543,accel_x_g,7,13,10,1.92,first,0.5863720277392782,0.6108041955617481,0.10235353325700594,0.08788172551107426,0.23760203784402145
singleonly_subject069_Chest_Press_(rack)_record0002,543,accel_x_g,7,13,10,1.92,second,0.4136279722607218,0.43086247110491854,0.13987079247570955,0.12427452559750854,0.3503890788128441
singleonly_subject069_Chest_Press_(rack)_record0002,543,accel_x_g,8,13,10,1.98,first,0.6168799429982692,0.6231110535336053,0.08388245119139336,0.06589012240155698,0.2521527982276923
singleonly_subject069_Chest_Press_(rack)_record0002,543,accel_x_g,8,13,10,1.98,second,0.3831200570017308,0.38698995656740487,0.13882771683630077,0.12117516146236287,0.37314869250945937
singleonly_subject069_Chest_Press_(rack)_record0002,543,accel_x_g,9,13,10,2.0,first,0.5829329827432842,0.5829329827432842,0.10225930129552402,0.08371171787078076,0.2631278480935103
singleonly_subject069_Chest_Press_(rack)_record0002,543,accel_x_g,9,13,10,2.0,second,0.4170670172567158,0.4170670172567158,0.14105288113398612,0.12388909768379283,0.32682913972788663
singleonly_subject069_Chest_Press_(rack)_record0002,543,accel_x_g,10,13,10,1.98,first,0.7093593983171729,0.7165246447648211,0.09124281587788971,0.07187512391006104,0.23798302844803498
singleonly_subject069_Chest_Press_(rack)_record0002,543,accel_x_g,10,13,10,1.98,second,0.2906406016828271,0.293576365336189,0.12829043245746133,0.11732556578821651,0.2913066664673021
singleonly_subject076_Chest_Press_(rack)_record0001,454,accel_z_g,1,20,19,1.22,first,0.29454712190447796,0.48286413426963604,0.11207222350384931,0.09047526104128327,0.21757852186345372
singleonly_subject076_Chest_Press_(rack)_record0001,454,accel_z_g,1,20,19,1.22,second,0.705452878095522,1.156480128025446,0.15296756979591203,0.1203836524895885,0.4398854929740037
singleonly_subject076_Chest_Press_(rack)_record0001,454,accel_z_g,2,20,19,1.22,first,0.5207804931966588,0.8537385134371456,0.17815188058238293,0.14021471743668568,0.3626214972113614
singleonly_subject076_Chest_Press_(rack)_record0001,454,accel_z_g,2,20,19,1.22,second,0.47921950680334124,0.7856057488579364,0.14828410372613118,0.11633649697137415,0.4154766099131664
singleonly_subject076_Chest_Press_(rack)_record0001,454,accel_z_g,3,20,19,1.06,first,0.538436206236308,1.0159173702571846,0.17278786938248902,0.1377804370452596,0.3492237060290244
singleonly_subject076_Chest_Press_(rack)_record0001,454,accel_z_g,3,20,19,1.06,second,0.46156379376369205,0.8708750825730038,0.171412080032074,0.1421168181784078,0.3803427261859129
singleonly_subject076_Chest_Press_(rack)_record0001,454,accel_z_g,4,20,19,0.98,first,0.47789566807371514,0.9752972817830922,0.17403790833327165,0.14210953827126205,0.35351363599688324
singleonly_subject076_Chest_Press_(rack)_record0001,454,accel_z_g,4,20,19,0.98,second,0.5221043319262848,1.06551904474752,0.2051746349392166,0.16084567765481111,0.44108329961032733
singleonly_subject076_Chest_Press_(rack)_record0001,454,accel_z_g,5,20,19,1.1,first,0.5501164340105674,1.0002116982010316,0.16681937795427695,0.12964122835522715,0.32221022905790686
singleonly_subject076_Chest_Press_(rack)_record0001,454,accel_z_g,5,20,19,1.1,second,0.4498835659894326,0.8179701199807864,0.2131064375142331,0.1717223647898604,0.4785994029257794
singleonly_subject076_Chest_Press_(rack)_record0001,454,accel_z_g,6,20,19,1.04,first,0.5761310502083463,1.1079443273237428,0.173758037453684,0.13820140696309643,0.33019677298618944
singleonly_subject076_Chest_Press_(rack)_record0001,454,accel_z_g,6,20,19,1.04,second,0.4238689497916537,0.8151325957531801,0.21397423512941266,0.17032684576462834,0.44348946004540823
singleonly_subject076_Chest_Press_(rack)_record0001,454,accel_z_g,7,20,19,1.06,first,0.6079628608514794,1.1470997374556215,0.16792773535523456,0.13182162151654886,0.31838089422593296
singleonly_subject076_Chest_Press_(rack)_record0001,454,accel_z_g,7,20,19,1.06,second,0.39203713914852056,0.739692715374567,0.1745215052779465,0.14209064392870374,0.35527402513616035
singleonly_subject076_Chest_Press_(rack)_record0001,454,accel_z_g,8,20,19,1.1,first,0.6142568420196302,1.1168306218538728,0.17742372386913405,0.1341515974926477,0.3815708213995337
singleonly_subject076_Chest_Press_(rack)_record0001,454,accel_z_g,8,20,19,1.1,second,0.38574315798036984,0.7013511963279451,0.1910994155360333,0.14792129387407682,0.5048074949366177
singleonly_subject076_Chest_Press_(rack)_record0001,454,accel_z_g,9,20,19,1.06,first,0.5579840099164617,1.052800018710305,0.15192027864267565,0.1187183593474784,0.2993334567771406
singleonly_subject076_Chest_Press_(rack)_record0001,454,accel_z_g,9,20,19,1.06,second,0.4420159900835383,0.8339924341198836,0.1875559987817185,0.1498567845271119,0.39907845553792165
singleonly_subject076_Chest_Press_(rack)_record0001,454,accel_z_g,10,20,19,1.12,first,0.5514719977093281,0.9847714244809429,0.18420721666022602,0.14543424073683145,0.37315346072233047
singleonly_subject076_Chest_Press_(rack)_record0001,454,accel_z_g,10,20,19,1.12,second,0.4485280022906719,0.8009428612333426,0.15168970612570026,0.13091867449813538,0.32475380825133304
singleonly_subject076_Chest_Press_(rack)_record0001,454,accel_z_g,11,20,19,1.18,first,0.5877072328375715,0.9961139539619857,0.1768297363463204,0.13892766048613434,0.3661885741135963
singleonly_subject076_Chest_Press_(rack)_record0001,454,accel_z_g,11,20,19,1.18,second,0.41229276716242846,0.6988013002753025,0.2506020504452105,0.1970805357665676,0.581522659738759
singleonly_subject076_Chest_Press_(rack)_record0001,454,accel_z_g,12,20,19,1.02,first,0.5304356968124435,1.0400699937498892,0.19430814181506378,0.16876783469111295,0.3600396756982226
singleonly_subject076_Chest_Press_(rack)_record0001,454,accel_z_g,12,20,19,1.02,second,0.4695643031875565,0.9207143199756009,0.24412270524960886,0.19944359825165528,0.5186181516070045
singleonly_subject076_Chest_Press_(rack)_record0001,454,accel_z_g,13,20,19,1.08,first,0.528877542975559,0.9794028573621463,0.17456298017683364,0.14052161903813273,0.35070836211817036
singleonly_subject076_Chest_Press_(rack)_record0001,454,accel_z_g,13,20,19,1.08,second,0.471122457024441,0.8724489944897055,0.16819814795309043,0.13652743788047586,0.38591167324772147
singleonly_subject076_Chest_Press_(rack)_record0001,454,accel_z_g,14,20,19,1.2,first,0.6783563495978921,1.130593915996487,0.17904688346440573,0.13313756808480157,0.43990900308296543
singleonly_subject076_Chest_Press_(rack)_record0001,454,accel_z_g,14,20,19,1.2,second,0.32164365040210785,0.5360727506701798,0.14525158424634807,0.12402043574871717,0.3467018466945857
singleonly_subject076_Chest_Press_(rack)_record0001,454,accel_z_g,15,20,19,1.16,first,0.5151096834022832,0.8881201437970402,0.156092572221727,0.11673781517076512,0.3284983601685635
singleonly_subject076_Chest_Press_(rack)_record0001,454,accel_z_g,15,20,19,1.16,second,0.48489031659771675,0.8360177872374427,0.16677664643266765,0.13995721838412306,0.3027234782652046
singleonly_subject076_Chest_Press_(rack)_record0001,454,accel_z_g,16,20,19,1.14,first,0.5384993167145394,0.9447356433588412,0.16556295164674964,0.1275425980984146,0.35018852342755147
singleonly_subject076_Chest_Press_(rack)_record0001,454,accel_z_g,16,20,19,1.14,second,0.46150068328546057,0.8096503215534396,0.16517693376530035,0.1426799699535408,0.28325654342397266
singleonly_subject076_Chest_Press_(rack)_record0001,454,accel_z_g,17,20,19,1.06,first,0.5519600239505453,1.041434007453859,0.1277678495478708,0.09758046842701072,0.2975324984413139
singleonly_subject076_Chest_Press_(rack)_record0001,454,accel_z_g,17,20,19,1.06,second,0.44803997604945467,0.8453584453763295,0.1838846474831429,0.1516198065509916,0.41474107919146985
singleonly_subject076_Chest_Press_(rack)_record0001,454,accel_z_g,18,20,19,1.04,first,0.5076727102472502,0.9762936735524043,0.134722778467131,0.10655415774785912,0.26441775317106275
singleonly_subject076_Chest_Press_(rack)_record0001,454,accel_z_g,18,20,19,1.04,second,0.49232728975274975,0.9467832495245188,0.18652443443680825,0.14626146633068476,0.4810032269023259
singleonly_subject076_Chest_Press_(rack)_record0001,454,accel_z_g,19,20,19,1.06,first,0.42651149413927925,0.8047386681873193,0.12960451433652026,0.10089816742430247,0.25576013078043947
singleonly_subject076_Chest_Press_(rack)_record0001,454,accel_z_g,19,20,19,1.06,second,0.5734885058607208,1.0820537846428693,0.19429285900267695,0.1423861535552203,0.5052335848077265
singleonly_subject080_Chest_Press_(rack)_record0001,560,accel_x_g,1,15,14,1.66,first,0.6497489564394937,0.78283006799939,0.06903985216287015,0.06285498493164243,0.13727934872189185
singleonly_subject080_Chest_Press_(rack)_record0001,560,accel_x_g,1,15,14,1.66,second,0.3502510435605063,0.42198920910904375,0.15092261018835304,0.14814703418091504,0.19525939901339395
singleonly_subject080_Chest_Press_(rack)_record0001,560,accel_x_g,2,15,14,1.58,first,0.8867613223334492,1.1224826864980368,0.09799155426342109,0.08524026414541784,0.16142306876465828
singleonly_subject080_Chest_Press_(rack)_record0001,560,accel_x_g,2,15,14,1.58,second,0.11323867766655082,0.14334009831208963,0.14035933581257026,0.1315911138829484,0.24809520412769115
singleonly_subject080_Chest_Press_(rack)_record0001,560,accel_x_g,3,15,14,1.48,first,0.7651176571809708,1.0339427799742849,0.08126287608582974,0.06987509066417061,0.15041898846906387
singleonly_subject080_Chest_Press_(rack)_record0001,560,accel_x_g,3,15,14,1.48,second,0.2348823428190292,0.3174085713770665,0.1606798031507146,0.1576389573791182,0.21022488737864875
singleonly_subject080_Chest_Press_(rack)_record0001,560,accel_x_g,4,15,14,1.12,first,0.69025795060137,1.2326034832167319,0.07136015816522435,0.059611732796995685,0.13542542685021752
singleonly_subject080_Chest_Press_(rack)_record0001,560,accel_x_g,4,15,14,1.12,second,0.30974204939863004,0.5531108024975536,0.14141412553804888,0.13718322727172735,0.2447981540515356
singleonly_subject080_Chest_Press_(rack)_record0001,560,accel_x_g,5,15,14,1.3,first,0.6436720306254073,0.9902646625006266,0.08063831518686038,0.06702376297732061,0.16459975766288315
singleonly_subject080_Chest_Press_(rack)_record0001,560,accel_x_g,5,15,14,1.3,second,0.35632796937459266,0.5481968759609117,0.13283275822710028,0.1227887163325128,0.23852299574966418
singleonly_subject080_Chest_Press_(rack)_record0001,560,accel_x_g,6,15,14,1.44,first,0.847319964477806,1.1768332839969529,0.0848069662652929,0.07109060207833716,0.19290126923311401
singleonly_subject080_Chest_Press_(rack)_record0001,560,accel_x_g,6,15,14,1.44,second,0.152680035522194,0.21205560489193612,0.16653233454609004,0.16384933975107566,0.21424530911425843
singleonly_subject080_Chest_Press_(rack)_record0001,560,accel_x_g,7,15,14,1.52,first,0.7396429818653607,0.973214449822843,0.09194389927793574,0.0764566023849268,0.186360300402302
singleonly_subject080_Chest_Press_(rack)_record0001,560,accel_x_g,7,15,14,1.52,second,0.2603570181346393,0.3425750238613675,0.15726079165286527,0.15339205800311037,0.19630301848562293
singleonly_subject080_Chest_Press_(rack)_record0001,560,accel_x_g,8,15,14,1.44,first,0.8828307440253547,1.226153811146326,0.08263670019219198,0.0675072267708952,0.1658826400626534
singleonly_subject080_Chest_Press_(rack)_record0001,560,accel_x_g,8,15,14,1.44,second,0.11716925597464534,0.16273507774256296,0.15595297775668515,0.1544223923935255,0.2071206151750158
singleonly_subject080_Chest_Press_(rack)_record0001,560,accel_x_g,9,15,14,0.74,first,0.45180515848281017,1.221095022926514,0.07044978941713134,0.06333255480920924,0.12567822171688126
singleonly_subject080_Chest_Press_(rack)_record0001,560,accel_x_g,9,15,14,0.74,second,0.5481948415171898,1.4816076797761886,0.07790202987715796,0.053410455724001944,0.17480217771114526
singleonly_subject080_Chest_Press_(rack)_record0001,560,accel_x_g,10,15,14,1.02,first,0.7982113511090714,1.5651202962922968,0.08666795752599095,0.0734628827483415,0.17417032990453707
singleonly_subject080_Chest_Press_(rack)_record0001,560,accel_x_g,10,15,14,1.02,second,0.20178864889092862,0.39566401743319335,0.1469111963432684,0.13839468244748868,0.2416480261961289
singleonly_subject080_Chest_Press_(rack)_record0001,560,accel_x_g,11,15,14,1.14,first,0.6136784714644704,1.0766288973060885,0.07361554230721055,0.06167641593978083,0.14230703806471312
singleonly_subject080_Chest_Press_(rack)_record0001,560,accel_x_g,11,15,14,1.14,second,0.3863215285355296,0.6777570676061924,0.15599461273713888,0.1482380059916448,0.21826053747081486
singleonly_subject080_Chest_Press_(rack)_record0001,560,accel_x_g,12,15,14,1.34,first,0.4732579148776956,0.7063550968323814,0.0660907747526088,0.04966639720046036,0.1374839042935111
singleonly_subject080_Chest_Press_(rack)_record0001,560,accel_x_g,12,15,14,1.34,second,0.5267420851223044,0.7861822166004542,0.15301352185542663,0.1402976810248548,0.24170595326533317
singleonly_subject080_Chest_Press_(rack)_record0001,560,accel_x_g,13,15,14,1.4,first,0.7945716252796746,1.1351023218281067,0.08369605745391709,0.06999973399011089,0.1663711331329314
singleonly_subject080_Chest_Press_(rack)_record0001,560,accel_x_g,13,15,14,1.4,second,0.20542837472032538,0.293469106743322,0.1445279028391424,0.14141106759014402,0.20002565534271044
singleonly_subject080_Chest_Press_(rack)_record0001,560,accel_x_g,14,15,14,0.68,first,0.7733752797110945,2.274633175620866,0.08965972917374314,0.07305033751665505,0.18770518225035726
singleonly_subject080_Chest_Press_(rack)_record0001,560,accel_x_g,14,15,14,0.68,second,0.22662472028890546,0.666543294967369,0.08211555192056033,0.05543138895482371,0.2441062227143056
singleonly_subject081_Chest_Press_(rack)_record0001,536,accel_x_g,1,21,20,1.92,first,0.388494349154285,0.4046816137023802,0.06355374496655465,0.05088266297243175,0.19292983744272674
singleonly_subject081_Chest_Press_(rack)_record0001,536,accel_x_g,1,21,20,1.92,second,0.6115056508457151,0.6369850529642865,0.11322895986443392,0.09805065158182799,0.3164958235752724
singleonly_subject081_Chest_Press_(rack)_record0001,536,accel_x_g,2,21,20,1.46,first,0.5213584895729931,0.7141897117438262,0.08722920824313574,0.06895700063449575,0.280868617620056
singleonly_subject081_Chest_Press_(rack)_record0001,536,accel_x_g,2,21,20,1.46,second,0.47864151042700687,0.6556733019548039,0.13059352422530085,0.11612026608280225,0.2639878048983988
singleonly_subject081_Chest_Press_(rack)_record0001,536,accel_x_g,3,21,20,1.36,first,0.49169740775961335,0.7230844231759019,0.10681070045803179,0.08178520105131912,0.26224431084994304
singleonly_subject081_Chest_Press_(rack)_record0001,536,accel_x_g,3,21,20,1.36,second,0.5083025922403867,0.7475038121182156,0.13490587303179605,0.11637884772312454,0.2741904281557974
singleonly_subject081_Chest_Press_(rack)_record0001,536,accel_x_g,4,21,20,1.56,first,0.6466382502545643,0.829023397762262,0.12434551537391762,0.09808245420483729,0.28519413897260226
singleonly_subject081_Chest_Press_(rack)_record0001,536,accel_x_g,4,21,20,1.56,second,0.35336174974543566,0.4530278842890201,0.13190021915266043,0.12540519644576453,0.2004611619013963
singleonly_subject081_Chest_Press_(rack)_record0001,536,accel_x_g,5,21,20,1.68,first,0.4789271368451274,0.5701513533870565,0.07064876368962504,0.05698789744938222,0.1926688979456006
singleonly_subject081_Chest_Press_(rack)_record0001,536,accel_x_g,5,21,20,1.68,second,0.5210728631548727,0.6203248370891341,0.11174861606877158,0.0981844116103865,0.2269874452748648
singleonly_subject081_Chest_Press_(rack)_record0001,536,accel_x_g,6,21,20,1.54,first,0.4418683626078325,0.5738550163738084,0.09433878993462189,0.07080930777019856,0.2870744816283982
singleonly_subject081_Chest_Press_(rack)_record0001,536,accel_x_g,6,21,20,1.54,second,0.5581316373921674,0.7248462823274902,0.11465442108897164,0.10169375472497433,0.2268275087946674
singleonly_subject081_Chest_Press_(rack)_record0001,536,accel_x_g,7,21,20,1.48,first,0.37736049076601,0.5099466091432568,0.05971025729926202,0.046588270881136894,0.19934745488535088
singleonly_subject081_Chest_Press_(rack)_record0001,536,accel_x_g,7,21,20,1.48,second,0.62263950923399,0.8414047422080947,0.12813389440641665,0.11074900697104945,0.2627723365525121
singleonly_subject081_Chest_Press_(rack)_record0001,536,accel_x_g,8,21,20,1.44,first,0.32100129498562885,0.44583513192448454,0.07968441773723864,0.0656188846782031,0.2382312262406543
singleonly_subject081_Chest_Press_(rack)_record0001,536,accel_x_g,8,21,20,1.44,second,0.6789987050143711,0.9430537569644043,0.1292833081191356,0.11037500033709965,0.26071733192404123
singleonly_subject081_Chest_Press_(rack)_record0001,536,accel_x_g,9,21,20,1.32,first,0.3064236238076215,0.4642782178903356,0.06905786040011765,0.05881008697981602,0.14990882346290502
singleonly_subject081_Chest_Press_(rack)_record0001,536,accel_x_g,9,21,20,1.32,second,0.6935763761923786,1.0508732972611796,0.14411692035762275,0.12255983961010454,0.2922861207518743
singleonly_subject081_Chest_Press_(rack)_record0001,536,accel_x_g,10,21,20,1.2,first,0.4097225132963365,0.6828708554938943,0.09625561673036512,0.08311683333024104,0.21469623617410416
singleonly_subject081_Chest_Press_(rack)_record0001,536,accel_x_g,10,21,20,1.2,second,0.5902774867036635,0.9837958111727726,0.12248366819241037,0.10415523651854709,0.2657922937170347
singleonly_subject081_Chest_Press_(rack)_record0001,536,accel_x_g,11,21,20,1.26,first,0.35855785547129726,0.5691394531290432,0.07828354024869837,0.06374266620187372,0.18271843422504697
singleonly_subject081_Chest_Press_(rack)_record0001,536,accel_x_g,11,21,20,1.26,second,0.6414421445287027,1.018162134172544,0.12222943012485926,0.10112277055829691,0.25018252118241957
singleonly_subject081_Chest_Press_(rack)_record0001,536,accel_x_g,12,21,20,1.22,first,0.37420160370738853,0.6134452519793254,0.08669961649815974,0.06876989229295585,0.18148183259125583
singleonly_subject081_Chest_Press_(rack)_record0001,536,accel_x_g,12,21,20,1.22,second,0.6257983962926115,1.0258990103157566,0.13010761779738622,0.10885494143297597,0.2753198093777056
singleonly_subject081_Chest_Press_(rack)_record0001,536,accel_x_g,13,21,20,1.28,first,0.4647444172710756,0.7261631519860556,0.08143950174056043,0.06516053490070174,0.2072631797696084
singleonly_subject081_Chest_Press_(rack)_record0001,536,accel_x_g,13,21,20,1.28,second,0.5352555827289244,0.8363368480139444,0.11632719778917772,0.09886013653137204,0.23391076050031434
singleonly_subject081_Chest_Press_(rack)_record0001,536,accel_x_g,14,21,20,1.22,first,0.4017358272849993,0.6585833234180316,0.07052570481178458,0.055686433193234686,0.18313542375828762
singleonly_subject081_Chest_Press_(rack)_record0001,536,accel_x_g,14,21,20,1.22,second,0.5982641727150007,0.9807609388770503,0.1098152396558719,0.08473949717045724,0.29328855610098015
singleonly_subject081_Chest_Press_(rack)_record0001,536,accel_x_g,15,21,20,1.12,first,0.4173149616759053,0.7452052887069737,0.08583811540142845,0.06390629143325574,0.21096363297804166
singleonly_subject081_Chest_Press_(rack)_record0001,536,accel_x_g,15,21,20,1.12,second,0.5826850383240947,1.0405089970073118,0.13215109061524025,0.11111203217085897,0.29774180550875506
singleonly_subject081_Chest_Press_(rack)_record0001,536,accel_x_g,16,21,20,1.14,first,0.37180977583242225,0.652297852337583,0.07290856424101318,0.0577914800171804,0.19362750955547248
singleonly_subject081_Chest_Press_(rack)_record0001,536,accel_x_g,16,21,20,1.14,second,0.6281902241675777,1.102088112574698,0.13172846152611417,0.10453688716177968,0.2871391909956864
singleonly_subject081_Chest_Press_(rack)_record0001,536,accel_x_g,17,21,20,1.02,first,0.37272397067628654,0.7308313150515422,0.11690346253094541,0.10147835493203876,0.2836010807679846
singleonly_subject081_Chest_Press_(rack)_record0001,536,accel_x_g,17,21,20,1.02,second,0.6272760293237134,1.229952998673948,0.1623036688818481,0.13168551015376007,0.3098298653770637
singleonly_subject081_Chest_Press_(rack)_record0001,536,accel_x_g,18,21,20,1.06,first,0.38038828384864465,0.7177137431106503,0.10736441215265372,0.0806073154417739,0.2556946872963034
singleonly_subject081_Chest_Press_(rack)_record0001,536,accel_x_g,18,21,20,1.06,second,0.6196117161513554,1.1690787097195383,0.15169230440605533,0.12374436066704324,0.32721746634661253
singleonly_subject081_Chest_Press_(rack)_record0001,536,accel_x_g,19,21,20,1.04,first,0.40802846901139533,0.7846701327142218,0.0894598112660683,0.06910070054302371,0.23749726719851105
singleonly_subject081_Chest_Press_(rack)_record0001,536,accel_x_g,19,21,20,1.04,second,0.5919715309886047,1.1384067903627013,0.15799144768537512,0.1370364713301001,0.3133695225527269
singleonly_subject081_Chest_Press_(rack)_record0001,536,accel_x_g,20,21,20,1.08,first,0.36206608659646017,0.6704927529564076,0.10873942434357904,0.09628644955424707,0.2118918961039029
singleonly_subject081_Chest_Press_(rack)_record0001,536,accel_x_g,20,21,20,1.08,second,0.6379339134035398,1.1813590988954439,0.14334308410939967,0.1234638459302595,0.2614192275578926
singleonly_subject083_Chest_Press_(rack)_record0001,509,accel_y_g,1,15,14,1.84,first,0.7734693141878306,0.840727515421555,0.06528883310943419,0.05494512688144096,0.13470406429011805
singleonly_subject083_Chest_Press_(rack)_record0001,509,accel_y_g,1,15,14,1.84,second,0.2265306858121694,0.2462290063175754,0.10308191740619073,0.0906909298707846,0.20991313573610904
singleonly_subject083_Chest_Press_(rack)_record0001,509,accel_y_g,2,15,14,2.76,first,0.7138666139662037,0.5172946478015968,0.19164692840884762,0.10380531825891909,1.0499164944727934
singleonly_subject083_Chest_Press_(rack)_record0001,509,accel_y_g,2,15,14,2.76,second,0.28613338603379634,0.20734303335782345,0.08499717633401731,0.0661806223760676,0.2051090072672368
singleonly_subject083_Chest_Press_(rack)_record0001,509,accel_y_g,3,15,14,1.72,first,0.8221479359002765,0.9559859719770657,0.07244298280299565,0.06442317174366659,0.13813952772254123
singleonly_subject083_Chest_Press_(rack)_record0001,509,accel_y_g,3,15,14,1.72,second,0.17785206409972354,0.20680472569735295,0.07946312764985562,0.06598635764320174,0.18837938372803276
singleonly_subject083_Chest_Press_(rack)_record0001,509,accel_y_g,4,15,14,2.48,first,0.6949549419613569,0.560447533839804,0.0773208719875516,0.06759393604665465,0.14508008038529052
singleonly_subject083_Chest_Press_(rack)_record0001,509,accel_y_g,4,15,14,2.48,second,0.3050450580386431,0.24600407906342187,0.07374391462749016,0.05914638874225318,0.18441910845094256
singleonly_subject083_Chest_Press_(rack)_record0001,509,accel_y_g,5,15,14,1.48,first,0.5031414415608269,0.6799208669740904,0.047199937165391594,0.03880368340463026,0.1009082780713817
singleonly_subject083_Chest_Press_(rack)_record0001,509,accel_y_g,5,15,14,1.48,second,0.49685855843917315,0.671430484377261,0.06053979406025172,0.05404415930982195,0.12307447888172685
singleonly_subject083_Chest_Press_(rack)_record0001,509,accel_y_g,6,15,14,1.26,first,0.49391376311174096,0.7839901001773666,0.07524578657043705,0.06678716004964666,0.12523368066020213
singleonly_subject083_Chest_Press_(rack)_record0001,509,accel_y_g,6,15,14,1.26,second,0.506086236888259,0.8033114871242207,0.08415385172400025,0.06538621361743753,0.2463510936371991
singleonly_subject083_Chest_Press_(rack)_record0001,509,accel_y_g,7,15,14,2.1,first,0.863853850041596,0.8227179524205676,0.05702366066036936,0.046017680789988705,0.13788995951208816
singleonly_subject083_Chest_Press_(rack)_record0001,509,accel_y_g,7,15,14,2.1,second,0.13614614995840402,0.12966299996038477,0.0840653853838248,0.06638632886945081,0.18777024046590585
singleonly_subject083_Chest_Press_(rack)_record0001,509,accel_y_g,8,15,14,1.94,first,0.7987064927262261,0.823408755387862,0.059695168276786774,0.04927196533757732,0.12858613362569316
singleonly_subject083_Chest_Press_(rack)_record0001,509,accel_y_g,8,15,14,1.94,second,0.20129350727377393,0.20751907966368446,0.08050635723058158,0.06506052939607308,0.190151278066085
singleonly_subject083_Chest_Press_(rack)_record0001,509,accel_y_g,9,15,14,2.26,first,0.7103414920769857,0.62862078944866,0.04514500389525134,0.035995265507914875,0.14542292061038187
singleonly_subject083_Chest_Press_(rack)_record0001,509,accel_y_g,9,15,14,2.26,second,0.2896585079230143,0.25633496276372947,0.06047565941789805,0.04825481403346695,0.17507594614279465
singleonly_subject083_Chest_Press_(rack)_record0001,509,accel_y_g,10,15,14,2.08,first,0.8274421160258327,0.7956174192556084,0.06467759182845556,0.05455210740354027,0.1383501888699019
singleonly_subject083_Chest_Press_(rack)_record0001,509,accel_y_g,10,15,14,2.08,second,0.17255788397416727,0.16592104228285315,0.06394381249804591,0.05294378610894058,0.19765454140908467
singleonly_subject083_Chest_Press_(rack)_record0001,509,accel_y_g,11,15,14,2.44,first,0.7787416023401259,0.6383127888033819,0.038124795369428685,0.030686506961321164,0.08631565774383121
singleonly_subject083_Chest_Press_(rack)_record0001,509,accel_y_g,11,15,14,2.44,second,0.2212583976598741,0.1813593423441591,0.07540874978422082,0.059198101827013586,0.15760516385126389
singleonly_subject083_Chest_Press_(rack)_record0001,509,accel_y_g,12,15,14,2.18,first,0.6625404435461576,0.6078352693084014,0.045139045736614244,0.03857058032303629,0.08354217719104096
singleonly_subject083_Chest_Press_(rack)_record0001,509,accel_y_g,12,15,14,2.18,second,0.3374595564538424,0.30959592335214897,0.07829667632524254,0.057797981797046066,0.23465051383938884
singleonly_subject083_Chest_Press_(rack)_record0001,509,accel_y_g,13,15,14,2.62,first,0.8772669571125634,0.6696694329103537,0.04994437492715168,0.03840137887904986,0.1679850876677551
singleonly_subject083_Chest_Press_(rack)_record0001,509,accel_y_g,13,15,14,2.62,second,0.12273304288743658,0.09368934571560045,0.056938977997118216,0.04698089034418213,0.13681870095643656
singleonly_subject083_Chest_Press_(rack)_record0001,509,accel_y_g,14,15,14,2.56,first,0.8515417151583674,0.6652669649674745,0.042374300333912686,0.035580144954188875,0.09100552304668763
singleonly_subject083_Chest_Press_(rack)_record0001,509,accel_y_g,14,15,14,2.56,second,0.1484582848416326,0.11598303503252547,0.051076870949535225,0.03808306056745923,0.13746562165207576
singleonly_subject086_Chest_Press_(rack)_record0001,570,accel_y_g,1,20,12,0.6,first,0.7754388012690911,2.584796004230304,0.2958472452029877,0.20900691888224324,0.7174366843314739
singleonly_subject086_Chest_Press_(rack)_record0001,570,accel_y_g,1,20,12,0.6,second,0.22456119873090885,0.7485373291030295,0.3041192383440626,0.24150707497132282,0.7174366843314739
singleonly_subject086_Chest_Press_(rack)_record0001,570,accel_y_g,2,20,12,2.42,first,0.8249232775720545,0.6817547748529377,0.10519067667947815,0.07471202769084603,0.4197935840169863
singleonly_subject086_Chest_Press_(rack)_record0001,570,accel_y_g,2,20,12,2.42,second,0.17507672242794547,0.14469150613879792,0.11213330602422936,0.08727326557852506,0.2947183408990164
singleonly_subject086_Chest_Press_(rack)_record0001,570,accel_y_g,3,20,12,2.5,first,0.716873908006056,0.5734991264048448,0.08638052624112222,0.06939765327113044,0.24244294120364707
singleonly_subject086_Chest_Press_(rack)_record0001,570,accel_y_g,3,20,12,2.5,second,0.283126091993944,0.2265008735951552,0.11401906673332683,0.08560160313441594,0.2629987648635188
singleonly_subject086_Chest_Press_(rack)_record0001,570,accel_y_g,4,20,12,2.5,first,0.7611492208850936,0.6089193767080749,0.10692563573407424,0.07859837329706292,0.4042869628710547
singleonly_subject086_Chest_Press_(rack)_record0001,570,accel_y_g,4,20,12,2.5,second,0.23885077911490638,0.1910806232919251,0.1083390144711369,0.08634810993994088,0.2336513201066619
singleonly_subject086_Chest_Press_(rack)_record0001,570,accel_y_g,5,20,12,2.66,first,0.8930558626858093,0.6714705734479769,0.07562830146151177,0.06341230783294527,0.20117835961357966
singleonly_subject086_Chest_Press_(rack)_record0001,570,accel_y_g,5,20,12,2.66,second,0.10694413731419072,0.0804091258001434,0.10624310606177376,0.08018884738086321,0.32317228474449977
singleonly_subject086_Chest_Press_(rack)_record0001,570,accel_y_g,6,20,12,2.6,first,0.7443608576756773,0.5725852751351364,0.0916489424679014,0.07610242257124876,0.2641390203036922
singleonly_subject086_Chest_Press_(rack)_record0001,570,accel_y_g,6,20,12,2.6,second,0.2556391423243227,0.19664549409563287,0.10309613776485615,0.08066295428459253,0.26008189256378245
singleonly_subject086_Chest_Press_(rack)_record0001,570,accel_y_g,7,20,12,2.74,first,0.7747751792325802,0.5655293279069928,0.09158054955867447,0.0775745163504759,0.22157719459043157
singleonly_subject086_Chest_Press_(rack)_record0001,570,accel_y_g,7,20,12,2.74,second,0.2252248207674198,0.1643976793922772,0.107919311660249,0.08512054115049578,0.23062728118161413
singleonly_subject086_Chest_Press_(rack)_record0001,570,accel_y_g,8,20,12,1.52,first,0.19912878212732255,0.26201155543068755,0.13670176483068158,0.11590734395585088,0.2602515918736412
singleonly_subject086_Chest_Press_(rack)_record0001,570,accel_y_g,8,20,12,1.52,second,0.8008712178726775,1.053777918253523,0.06357099290957893,0.05082713390698832,0.13522720359815188
singleonly_subject086_Chest_Press_(rack)_record0001,570,accel_y_g,9,20,12,0.28,first,0.9325891489882533,6.661351064201809,0.06212632542392212,0.05661669294815065,0.10414560471602019
singleonly_subject086_Chest_Press_(rack)_record0001,570,accel_y_g,9,20,12,0.28,second,0.06741085101174671,0.48150607865533357,0.10372873738927206,0.09038831323325706,0.20223718531841017
singleonly_subject086_Chest_Press_(rack)_record0001,570,accel_y_g,10,20,12,0.32,first,0.7401185617184357,4.6257410107402235,0.08550795695966402,0.07618197046434479,0.16353906861380763
singleonly_subject086_Chest_Press_(rack)_record0001,570,accel_y_g,10,20,12,0.32,second,0.2598814382815643,1.6242589892597767,0.10040574297258707,0.08765447324508689,0.15167191372431676
singleonly_subject086_Chest_Press_(rack)_record0001,570,accel_y_g,11,20,12,2.04,first,0.22581779881331593,0.22138999883658425,0.12605125339317166,0.09965566402476188,0.31409176368638936
singleonly_subject086_Chest_Press_(rack)_record0001,570,accel_y_g,11,20,12,2.04,second,0.7741822011866841,0.7590021580261609,0.07905971614265851,0.05767615801236415,0.27932499754222895
singleonly_subject086_Chest_Press_(rack)_record0001,570,accel_y_g,12,20,12,2.52,first,0.22275638549142235,0.17679078213604948,0.1013376949657276,0.08403474543577741,0.2623931605535994
singleonly_subject086_Chest_Press_(rack)_record0001,570,accel_y_g,12,20,12,2.52,second,0.7772436145085777,0.6168600115147442,0.06588823315445244,0.05439029382694147,0.13471312906750388
singleonly_subject086_Chest_Press_(rack)_record0002,570,accel_z_g,1,21,10,3.1,first,0.9943000650228309,0.6414839129179554,0.1412246767690472,0.10981266902887003,0.30727214456566754
singleonly_subject086_Chest_Press_(rack)_record0002,570,accel_z_g,1,21,10,3.1,second,0.005699934977169141,0.003677377404625252,0.11561422393703322,0.0862168690952627,0.3106418648605629
singleonly_subject086_Chest_Press_(rack)_record0002,570,accel_z_g,2,21,10,2.96,first,0.8881056434647558,0.6000713807194297,0.11714292616550803,0.08446409719721001,0.28510243778584243
singleonly_subject086_Chest_Press_(rack)_record0002,570,accel_z_g,2,21,10,2.96,second,0.11189435653524415,0.07560429495624606,0.10224581541212682,0.07892897459312843,0.26513450425305196
singleonly_subject086_Chest_Press_(rack)_record0002,570,accel_z_g,3,21,10,2.94,first,0.4804854874905439,0.32686087584390744,0.1141012125241694,0.07658654624385218,0.3007946944359179
singleonly_subject086_Chest_Press_(rack)_record0002,570,accel_z_g,3,21,10,2.94,second,0.519514512509456,0.35341123299962995,0.16921750741644145,0.11316223746720684,0.7304509768799539
singleonly_subject086_Chest_Press_(rack)_record0002,570,accel_z_g,4,21,10,3.42,first,0.7328119244830223,0.4285449850777909,0.09765074231640813,0.07067267163287777,0.2874078308081589
singleonly_subject086_Chest_Press_(rack)_record0002,570,accel_z_g,4,21,10,3.42,second,0.26718807551697765,0.15625033655963605,0.11229855833997957,0.0868651412949286,0.2783108559781762
singleonly_subject086_Chest_Press_(rack)_record0002,570,accel_z_g,5,21,10,3.26,first,0.9046536015107114,0.555002209515774,0.1040946347316127,0.07403167322443832,0.3066612348898744
singleonly_subject086_Chest_Press_(rack)_record0002,570,accel_z_g,5,21,10,3.26,second,0.09534639848928861,0.05849472299956357,0.10698077879920746,0.0744639561316279,0.3230669766060168
singleonly_subject086_Chest_Press_(rack)_record0002,570,accel_z_g,6,21,10,1.24,first,0.24065939768134723,0.38816031884088265,0.06400448090577149,0.05448536535427754,0.13752503778808323
singleonly_subject086_Chest_Press_(rack)_record0002,570,accel_z_g,6,21,10,1.24,second,0.7593406023186527,1.2247429069655689,0.09555130728887717,0.06826932909945917,0.23899713601571537
singleonly_subject086_Chest_Press_(rack)_record0002,570,accel_z_g,7,21,10,2.94,first,0.6747034040561666,0.45898190752120177,0.08970369253391403,0.056901176090545846,0.3346746792793197
singleonly_subject086_Chest_Press_(rack)_record0002,570,accel_z_g,7,21,10,2.94,second,0.3252965959438334,0.22129020132233568,0.09061573068371598,0.06430290004931602,0.212663473616578
singleonly_subject086_Chest_Press_(rack)_record0002,570,accel_z_g,8,21,10,2.22,first,0.14482977636086466,0.13047727600077896,0.07852501188447188,0.06297210531404988,0.17064760051500705
singleonly_subject086_Chest_Press_(rack)_record0002,570,accel_z_g,8,21,10,2.22,second,0.8551702236391353,0.7704236249001218,0.06766384229711869,0.049252321410731326,0.16436829200961145
singleonly_subject086_Chest_Press_(rack)_record0002,570,accel_z_g,9,21,10,1.06,first,0.51394447543274,0.9697065574202641,0.030304796005113006,0.023395395591920706,0.07198703370682136
singleonly_subject086_Chest_Press_(rack)_record0002,570,accel_z_g,9,21,10,1.06,second,0.48605552456726,0.9170858954099245,0.1254552692106296,0.10153564176042294,0.32438716089387454
singleonly_subject086_Chest_Press_(rack)_record0002,570,accel_z_g,10,21,10,1.14,first,0.4101429431624852,0.7195490230920794,0.03484523337233716,0.02215807785934051,0.113677377762339
singleonly_subject086_Chest_Press_(rack)_record0002,570,accel_z_g,10,21,10,1.14,second,0.5898570568375148,1.0348369418202015,0.05139735980459817,0.03989609660284096,0.12122543822070175
singleonly_subject087_Chest_Press_(rack)_record0001,576,accel_x_g,1,20,17,1.74,first,0.6135892732404382,0.7052750267131473,0.1921647299138735,0.15564563035268222,0.5166885008563633
singleonly_subject087_Chest_Press_(rack)_record0001,576,accel_x_g,1,20,17,1.74,second,0.3864107267595618,0.4441502606431745,0.12345148088663517,0.07750071864852005,0.6631354731550119
singleonly_subject087_Chest_Press_(rack)_record0001,576,accel_x_g,2,20,17,2.28,first,0.7795929763278934,0.683853488006924,0.12635154826377085,0.10166535744786023,0.3173905878021068
singleonly_subject087_Chest_Press_(rack)_record0001,576,accel_x_g,2,20,17,2.28,second,0.22040702367210663,0.19333949444921636,0.09043531558870858,0.07306103458837515,0.23112574702539113
singleonly_subject087_Chest_Press_(rack)_record0001,576,accel_x_g,3,20,17,0.9,first,0.49403134564527534,1.0978474347672784,0.12440168841715486,0.09421134108572042,0.3272388419156519
singleonly_subject087_Chest_Press_(rack)_record0001,576,accel_x_g,3,20,17,0.9,second,0.5059686543547246,1.1243747874549435,0.1848452124205292,0.1179128169836177,0.8433547305303457
singleonly_subject087_Chest_Press_(rack)_record0001,576,accel_x_g,4,20,17,2.44,first,0.6734463833895847,0.5520052322865449,0.12462315343407726,0.10055074400734701,0.29339819849360604
singleonly_subject087_Chest_Press_(rack)_record0001,576,accel_x_g,4,20,17,2.44,second,0.32655361661041526,0.26766689886099615,0.11574169747329087,0.09832748557594984,0.25441491795396987
singleonly_subject087_Chest_Press_(rack)_record0001,576,accel_x_g,5,20,17,3.72,first,0.9805151066636317,0.5271586594965761,0.2541550210812682,0.18437882070654382,0.7224130126594501
singleonly_subject087_Chest_Press_(rack)_record0001,576,accel_x_g,5,20,17,3.72,second,0.01948489333636827,0.010475749105574339,0.08382438365579352,0.06739187069223815,0.18994120110478607
singleonly_subject087_Chest_Press_(rack)_record0001,576,accel_x_g,6,20,17,2.14,first,0.7194810370911252,0.6724121841973132,0.09120710780833415,0.07198440128560206,0.2214376388060798
singleonly_subject087_Chest_Press_(rack)_record0001,576,accel_x_g,6,20,17,2.14,second,0.2805189629088748,0.26216725505502314,0.08736141125689192,0.07589291541870069,0.2284295872681965
singleonly_subject087_Chest_Press_(rack)_record0001,576,accel_x_g,7,20,17,2.3,first,0.7507412445370922,0.652818473510515,0.09469051179187561,0.07062943267577837,0.36433671997492445
singleonly_subject087_Chest_Press_(rack)_record0001,576,accel_x_g,7,20,17,2.3,second,0.24925875546290777,0.21674674388078938,0.07129074948644545,0.05629707147142402,0.18280111562504286
singleonly_subject087_Chest_Press_(rack)_record0001,576,accel_x_g,8,20,17,2.14,first,0.6344260450104708,0.5929215373929634,0.09182590134186132,0.07438817922101564,0.21275191895351775
singleonly_subject087_Chest_Press_(rack)_record0001,576,accel_x_g,8,20,17,2.14,second,0.36557395498952916,0.341657901859373,0.09939900494472345,0.08970026298382548,0.15870112942635806
singleonly_subject087_Chest_Press_(rack)_record0001,576,accel_x_g,9,20,17,2.02,first,0.6413508028045762,0.635000794856016,0.06899925015549911,0.05417156182650018,0.1516468728963486
singleonly_subject087_Chest_Press_(rack)_record0001,576,accel_x_g,9,20,17,2.02,second,0.35864919719542376,0.355098215044974,0.07935666399984159,0.06479663641655371,0.21009061693042907
singleonly_subject087_Chest_Press_(rack)_record0001,576,accel_x_g,10,20,17,2.0,first,0.642951457307502,0.642951457307502,0.07545240171013902,0.06281758521379167,0.16027276218178899
singleonly_subject087_Chest_Press_(rack)_record0001,576,accel_x_g,10,20,17,2.0,second,0.35704854269249797,0.35704854269249797,0.09063773343964898,0.0774246524468618,0.20441282997386967
singleonly_subject087_Chest_Press_(rack)_record0001,576,accel_x_g,11,20,17,1.98,first,0.64538896508568,0.6519080455410909,0.10743834994682497,0.09074294161879458,0.2459774553100733
singleonly_subject087_Chest_Press_(rack)_record0001,576,accel_x_g,11,20,17,1.98,second,0.35461103491432,0.35819296455991917,0.07245425260890703,0.06084322676005769,0.15897230784131078
singleonly_subject087_Chest_Press_(rack)_record0001,576,accel_x_g,12,20,17,1.94,first,0.5861739218427661,0.6043030122090371,0.11647044748739671,0.0879544758145776,0.4024661436204562
singleonly_subject087_Chest_Press_(rack)_record0001,576,accel_x_g,12,20,17,1.94,second,0.41382607815723393,0.42662482284250924,0.09754022510210952,0.07801017307498459,0.24250177221438274
singleonly_subject087_Chest_Press_(rack)_record0001,576,accel_x_g,13,20,17,2.12,first,0.9545073072452114,0.9004785917407654,0.22678944703594506,0.16641371068197788,0.6078747095125003
singleonly_subject087_Chest_Press_(rack)_record0001,576,accel_x_g,13,20,17,2.12,second,0.04549269275478862,0.04291763467432889,0.10229142060656088,0.08123268930067404,0.36602719851322574
singleonly_subject087_Chest_Press_(rack)_record0001,576,accel_x_g,14,20,17,1.98,first,0.5565939074755427,0.5622160681571139,0.147708428627645,0.10868284740542056,0.5408823289279598
singleonly_subject087_Chest_Press_(rack)_record0001,576,accel_x_g,14,20,17,1.98,second,0.4434060925244573,0.4478849419438963,0.08845886274671688,0.07073884935109177,0.19590243614456715
singleonly_subject087_Chest_Press_(rack)_record0001,576,accel_x_g,15,20,17,2.18,first,0.9497426231240778,0.8713235074532822,0.22525781710370985,0.15946076793263544,0.6246629137101007
singleonly_subject087_Chest_Press_(rack)_record0001,576,accel_x_g,15,20,17,2.18,second,0.050257376875922244,0.04610768520726811,0.08701116346694483,0.07016831224095577,0.2443690130388101
singleonly_subject087_Chest_Press_(rack)_record0001,576,accel_x_g,16,20,17,2.0,first,0.711132103497911,0.711132103497911,0.06775011238135643,0.05303033308475103,0.1840143882282429
singleonly_subject087_Chest_Press_(rack)_record0001,576,accel_x_g,16,20,17,2.0,second,0.288867896502089,0.288867896502089,0.10443561985682207,0.09111122597405602,0.28809010781331845
singleonly_subject087_Chest_Press_(rack)_record0001,576,accel_x_g,17,20,17,1.96,first,0.6407858297602865,0.6538630915921291,0.08358418748932486,0.0634686444657233,0.20230241439234842
singleonly_subject087_Chest_Press_(rack)_record0001,576,accel_x_g,17,20,17,1.96,second,0.35921417023971347,0.366545071673177,0.08299057952365729,0.06526570607845622,0.24241464024065573
singleonly_subject089_Chest_Press_(rack)_record0001,579,accel_y_g,1,15,16,2.42,first,0.4092856513105589,0.33825260438889165,0.14933679488925392,0.12562539540437245,0.3065106157614974
singleonly_subject089_Chest_Press_(rack)_record0001,579,accel_y_g,1,15,16,2.42,second,0.5907143486894411,0.48819367660284385,0.11717898483562321,0.09107868977685632,0.4149326146619441
singleonly_subject089_Chest_Press_(rack)_record0001,579,accel_y_g,2,15,16,1.94,first,0.3917251508815299,0.403840361733536,0.18328643928113708,0.1486900506254819,0.4198748225613491
singleonly_subject089_Chest_Press_(rack)_record0001,579,accel_y_g,2,15,16,1.94,second,0.6082748491184701,0.6270874733180104,0.09345513899772663,0.07946517867103109,0.22903444478461576
singleonly_subject089_Chest_Press_(rack)_record0001,579,accel_y_g,3,15,16,1.76,first,0.36522974888514403,0.41503380555130004,0.1589390612054391,0.13847953320914405,0.29395152309757155
singleonly_subject089_Chest_Press_(rack)_record0001,579,accel_y_g,3,15,16,1.76,second,0.634770251114856,0.7213298308123364,0.08695682785701081,0.07361883640618891,0.18597812950876547
singleonly_subject089_Chest_Press_(rack)_record0001,579,accel_y_g,4,15,16,2.0,first,0.22205660200722652,0.22205660200722652,0.15209724729082633,0.12466755435700468,0.29014321851871894
singleonly_subject089_Chest_Press_(rack)_record0001,579,accel_y_g,4,15,16,2.0,second,0.7779433979927735,0.7779433979927735,0.11732301706896725,0.0930835199568663,0.30299964081837205
singleonly_subject089_Chest_Press_(rack)_record0001,579,accel_y_g,5,15,16,1.94,first,0.24065965240719023,0.24810273444040232,0.14630029892522492,0.11967526343555857,0.28443420918193607
singleonly_subject089_Chest_Press_(rack)_record0001,579,accel_y_g,5,15,16,1.94,second,0.7593403475928098,0.7828251006111441,0.08514894320499583,0.06973306142392455,0.1853417043748139
singleonly_subject089_Chest_Press_(rack)_record0001,579,accel_y_g,6,15,16,2.0,first,0.39665448114675134,0.39665448114675134,0.16387433426316095,0.13272645984785567,0.40290443509935203
singleonly_subject089_Chest_Press_(rack)_record0001,579,accel_y_g,6,15,16,2.0,second,0.6033455188532486,0.6033455188532486,0.08514376526274717,0.07057796391884823,0.1829437031406692
singleonly_subject089_Chest_Press_(rack)_record0001,579,accel_y_g,7,15,16,1.64,first,0.403282313777421,0.49180769972856225,0.13715322986088135,0.11694321941533968,0.30861199448615095
singleonly_subject089_Chest_Press_(rack)_record0001,579,accel_y_g,7,15,16,1.64,second,0.5967176862225789,0.727704495393389,0.09832280196656765,0.07707329168767409,0.2692760480357903
singleonly_subject089_Chest_Press_(rack)_record0001,579,accel_y_g,8,15,16,1.98,first,0.38271791856604326,0.38658375612731644,0.14112949414213297,0.12263536179229521,0.25790727418889214
singleonly_subject089_Chest_Press_(rack)_record0001,579,accel_y_g,8,15,16,1.98,second,0.6172820814339568,0.6235172539736937,0.10490479574406747,0.08517224484608676,0.22555184922931648
singleonly_subject089_Chest_Press_(rack)_record0001,579,accel_y_g,9,15,16,1.84,first,0.4075713163512047,0.4430123003817442,0.1476816575935226,0.12520133800599909,0.3307728402547687
singleonly_subject089_Chest_Press_(rack)_record0001,579,accel_y_g,9,15,16,1.84,second,0.5924286836487953,0.6439442213573862,0.06945217335082686,0.05778902341331193,0.1627556472522551
singleonly_subject089_Chest_Press_(rack)_record0001,579,accel_y_g,10,15,16,1.52,first,0.3629799879663255,0.4776052473241125,0.12464392479919628,0.11263200205126352,0.2366761397967898
singleonly_subject089_Chest_Press_(rack)_record0001,579,accel_y_g,10,15,16,1.52,second,0.6370200120336744,0.8381842263600979,0.1193416667148673,0.08853948710101434,0.2577352104560331
singleonly_subject089_Chest_Press_(rack)_record0001,579,accel_y_g,11,15,16,1.74,first,0.3188842308258737,0.36653359865042956,0.15080789353913165,0.1329437810285726,0.27369147536634975
singleonly_subject089_Chest_Press_(rack)_record0001,579,accel_y_g,11,15,16,1.74,second,0.6811157691741263,0.7828916887058923,0.09528761932671158,0.08311092782713075,0.18842071130449733
singleonly_subject089_Chest_Press_(rack)_record0001,579,accel_y_g,12,15,16,1.78,first,0.2841547528331868,0.31927500318335594,0.16104770289179038,0.14323669414774853,0.3286958108731317
singleonly_subject089_Chest_Press_(rack)_record0001,579,accel_y_g,12,15,16,1.78,second,0.7158452471668132,0.8043205024346215,0.06949370062042663,0.057832017224691196,0.13759040568352376
singleonly_subject089_Chest_Press_(rack)_record0001,579,accel_y_g,13,15,16,1.74,first,0.26024318750937303,0.2991301005854862,0.14923761574995617,0.13908610395367763,0.2736724046616492
singleonly_subject089_Chest_Press_(rack)_record0001,579,accel_y_g,13,15,16,1.74,second,0.739756812490627,0.8502951867708356,0.06809509307352371,0.056885773262935715,0.1353287620574669
singleonly_subject089_Chest_Press_(rack)_record0001,579,accel_y_g,14,15,16,1.62,first,0.3057036227802896,0.37741187997566616,0.1771528068951493,0.1587754569840198,0.29348165489098266
singleonly_subject089_Chest_Press_(rack)_record0001,579,accel_y_g,14,15,16,1.62,second,0.6942963772197104,0.8571560212589017,0.07946655077298294,0.06342133682763149,0.20460705152441183
singleonly_subject089_Chest_Press_(rack)_record0001,579,accel_y_g,15,15,16,1.94,first,0.1569852721082121,0.161840486709497,0.15251482575763875,0.13225406410373533,0.37535686261103973
singleonly_subject089_Chest_Press_(rack)_record0001,579,accel_y_g,15,15,16,1.94,second,0.8430147278917879,0.8690873483420494,0.058275490471502565,0.04656473027613899,0.1354479871594435
singleonly_subject089_Chest_Press_(rack)_record0001,579,accel_y_g,16,15,16,0.38,first,0.7403301752552057,3.896474606606346,0.06684678238335344,0.05295388325071057,0.19598451813146722
singleonly_subject089_Chest_Press_(rack)_record0001,579,accel_y_g,16,15,16,0.38,second,0.2596698247447943,1.3666832881304962,0.16677747566303402,0.13732433499063934,0.36216024955797277
singleonly_subject089_Chest_Press_(rack)_record0002,579,accel_z_g,1,11,11,1.04,first,0.703668205100379,1.353208086731498,0.06587477491259491,0.05241142960064569,0.2206427960335473
singleonly_subject089_Chest_Press_(rack)_record0002,579,accel_z_g,1,11,11,1.04,second,0.296331794899621,0.5698688363454251,0.06619424826419314,0.05311202949126947,0.192149832301153
singleonly_subject089_Chest_Press_(rack)_record0002,579,accel_z_g,2,11,11,1.16,first,0.5438328779571481,0.9376428930295657,0.08170589159376035,0.0697503315344745,0.15508399010173257
singleonly_subject089_Chest_Press_(rack)_record0002,579,accel_z_g,2,11,11,1.16,second,0.4561671220428519,0.7864950380049172,0.08714145165720202,0.07929158239022543,0.160494469276651
singleonly_subject089_Chest_Press_(rack)_record0002,579,accel_z_g,3,11,11,1.1,first,0.42211507493821676,0.7674819544331213,0.10785781567019792,0.09099091240917834,0.25900248201262577
singleonly_subject089_Chest_Press_(rack)_record0002,579,accel_z_g,3,11,11,1.1,second,0.5778849250617832,1.0506998637486966,0.09621568717274918,0.07523029512298221,0.19670025940611624
singleonly_subject089_Chest_Press_(rack)_record0002,579,accel_z_g,4,11,11,1.34,first,0.5069960416227847,0.7567105098847532,0.11070986120177631,0.0947490776120949,0.20779331982164084
singleonly_subject089_Chest_Press_(rack)_record0002,579,accel_z_g,4,11,11,1.34,second,0.49300395837721533,0.7358268035480825,0.1566498987500469,0.13340267138010742,0.3514516445486753
singleonly_subject089_Chest_Press_(rack)_record0002,579,accel_z_g,5,11,11,1.42,first,0.35156007432837333,0.4951550342653146,0.0977345720876737,0.08074205997494753,0.20557651317212855
singleonly_subject089_Chest_Press_(rack)_record0002,579,accel_z_g,5,11,11,1.42,second,0.6484399256716267,0.9132956699600376,0.1362680389495564,0.10989769922338505,0.36624446284998213
singleonly_subject089_Chest_Press_(rack)_record0002,579,accel_z_g,6,11,11,1.48,first,0.5028787951883231,0.6795659394436799,0.10470011796365909,0.08506936153698796,0.2287254480875014
singleonly_subject089_Chest_Press_(rack)_record0002,579,accel_z_g,6,11,11,1.48,second,0.4971212048116769,0.6717854119076715,0.16141727052703628,0.12478655121479731,0.37534023264892036
singleonly_subject089_Chest_Press_(rack)_record0002,579,accel_z_g,7,11,11,1.52,first,0.37209164574544734,0.48959427071769385,0.13994537868497994,0.12050234835292967,0.2619393037400193
singleonly_subject089_Chest_Press_(rack)_record0002,579,accel_z_g,7,11,11,1.52,second,0.6279083542545527,0.8261952029665167,0.12932312598849874,0.10250089300718154,0.2847419818006003
singleonly_subject089_Chest_Press_(rack)_record0002,579,accel_z_g,8,11,11,1.46,first,0.4230570590175914,0.579530217832317,0.10537109808132872,0.08828457551565014,0.20107637448312454
singleonly_subject089_Chest_Press_(rack)_record0002,579,accel_z_g,8,11,11,1.46,second,0.5769429409824086,0.7903327958663132,0.15857955138312352,0.12589063216610907,0.27563828044414684
singleonly_subject089_Chest_Press_(rack)_record0002,579,accel_z_g,9,11,11,1.28,first,0.5182273140478699,0.8097301781997968,0.057823560980672956,0.04286786157317589,0.16739509559906207
singleonly_subject089_Chest_Press_(rack)_record0002,579,accel_z_g,9,11,11,1.28,second,0.4817726859521301,0.7527698218002032,0.1303929097173248,0.11505017209842991,0.2808959384444776
singleonly_subject089_Chest_Press_(rack)_record0002,579,accel_z_g,10,11,11,0.24,first,0.6990027903789326,5.825023253157772,0.13189266198569902,0.12461746511516236,0.18535956693706268
singleonly_subject089_Chest_Press_(rack)_record0002,579,accel_z_g,10,11,11,0.24,second,0.30099720962106735,2.5083100801755616,0.1763480534765027,0.1725633996022018,0.25628098764390317
singleonly_subject089_Chest_Press_(rack)_record0002,579,accel_z_g,11,11,11,0.5,first,0.7868187288141874,3.1472749152567494,0.1025831378939519,0.09079766274223972,0.21669366943960267
singleonly_subject089_Chest_Press_(rack)_record0002,579,accel_z_g,11,11,11,0.5,second,0.21318127118581265,0.8527250847432506,0.08659209162342246,0.07463690988914337,0.1957352756791012
singleonly_subject089_Chest_Press_(rack)_record0003,579,accel_z_g,1,14,13,0.3,first,0.41145673161218854,2.7430448774145906,0.1852904585963814,0.18318466877979614,0.22578400170964563
singleonly_subject089_Chest_Press_(rack)_record0003,579,accel_z_g,1,14,13,0.3,second,0.5885432683878115,3.9236217892520764,0.16570538465999252,0.15699013904554046,0.2557353869242702
singleonly_subject089_Chest_Press_(rack)_record0003,579,accel_z_g,2,14,13,0.68,first,0.2602394243587482,0.765410071643377,0.17852874991588324,0.1650352979153383,0.26462439087199097
singleonly_subject089_Chest_Press_(rack)_record0003,579,accel_z_g,2,14,13,0.68,second,0.7397605756412517,2.175766398944858,0.04764845206587148,0.040860803091466315,0.10301711577298
singleonly_subject089_Chest_Press_(rack)_record0003,579,accel_z_g,3,14,13,1.2,first,0.7592137118255232,1.265356186375872,0.1360880897155565,0.10782597107521769,0.2534193035702961
singleonly_subject089_Chest_Press_(rack)_record0003,579,accel_z_g,3,14,13,1.2,second,0.24078628817447678,0.40131048029079464,0.1735820177249667,0.1450819117205886,0.3172983067716396
singleonly_subject089_Chest_Press_(rack)_record0003,579,accel_z_g,4,14,13,0.7,first,0.43611831795609896,1.2460523370174257,0.19353683130002666,0.17888756594381178,0.26460309120637904
singleonly_subject089_Chest_Press_(rack)_record0003,579,accel_z_g,4,14,13,0.7,second,0.563881682043901,1.6110905201254315,0.051040240768131406,0.03990314858126443,0.12804119268519365
singleonly_subject089_Chest_Press_(rack)_record0003,579,accel_z_g,5,14,13,1.14,first,0.5823944833927867,1.0217447077066433,0.12233051814575895,0.09714769798029345,0.2541351026863401
singleonly_subject089_Chest_Press_(rack)_record0003,579,accel_z_g,5,14,13,1.14,second,0.41760551660721335,0.7326412572056376,0.18593161472449274,0.155459092684323,0.3697336553044952
singleonly_subject089_Chest_Press_(rack)_record0003,579,accel_z_g,6,14,13,1.28,first,0.15520853428140968,0.24251333481470264,0.20233423277277215,0.1870200665492516,0.3617357858364174
singleonly_subject089_Chest_Press_(rack)_record0003,579,accel_z_g,6,14,13,1.28,second,0.8447914657185903,1.3199866651852974,0.0968247973792032,0.07890134880338152,0.1996431514449586
singleonly_subject089_Chest_Press_(rack)_record0003,579,accel_z_g,7,14,13,0.78,first,0.2541215562116018,0.651593733875902,0.16606849139163782,0.15396833161398782,0.300165563208699
singleonly_subject089_Chest_Press_(rack)_record0003,579,accel_z_g,7,14,13,0.78,second,0.7458784437883982,1.912508830226662,0.05666136177169978,0.04326087522151496,0.12326549880615478
singleonly_subject089_Chest_Press_(rack)_record0003,579,accel_z_g,8,14,13,1.08,first,0.29381418191119135,0.5441003368725765,0.19486631208907632,0.18914732121438776,0.2867991854475651
singleonly_subject089_Chest_Press_(rack)_record0003,579,accel_z_g,8,14,13,1.08,second,0.7061858180888086,1.307751514979275,0.06342604044694523,0.051623792102893376,0.15084976763494717
singleonly_subject089_Chest_Press_(rack)_record0003,579,accel_z_g,9,14,13,0.7,first,0.3556737031252824,1.0162105803579498,0.1456132188066441,0.13809575664061668,0.23699824759399002
singleonly_subject089_Chest_Press_(rack)_record0003,579,accel_z_g,9,14,13,0.7,second,0.6443262968747177,1.8409322767849077,0.04420717993824344,0.03809406987394494,0.0882983006596334
singleonly_subject089_Chest_Press_(rack)_record0003,579,accel_z_g,10,14,13,1.7,first,0.5122579585283644,0.6026564217980758,0.17336055996292146,0.15640982012596885,0.3081926341514234
singleonly_subject089_Chest_Press_(rack)_record0003,579,accel_z_g,10,14,13,1.7,second,0.4877420414716356,0.5738141664372184,0.16261517669668024,0.1347152043457689,0.3004535701039607
singleonly_subject089_Chest_Press_(rack)_record0003,579,accel_z_g,11,14,13,1.6,first,0.34017032700830896,0.4252129087603862,0.1781151304316124,0.15801661709092693,0.32770719842549734
singleonly_subject089_Chest_Press_(rack)_record0003,579,accel_z_g,11,14,13,1.6,second,0.659829672991691,0.8247870912396138,0.14196965315810034,0.11008444979761853,0.3375683874612623
singleonly_subject089_Chest_Press_(rack)_record0003,579,accel_z_g,12,14,13,1.1,first,0.5030146723453361,0.9145721315369747,0.1569043451728737,0.12902931911477555,0.33114984679834736
singleonly_subject089_Chest_Press_(rack)_record0003,579,accel_z_g,12,14,13,1.1,second,0.49698532765466386,0.9036096866448433,0.10900835556859019,0.08484211874401733,0.2202401858771833
singleonly_subject089_Chest_Press_(rack)_record0003,579,accel_z_g,13,14,13,1.82,first,0.5255071475605078,0.5774803819346239,0.13660069034078406,0.10819799661066727,0.2661210228012725
singleonly_subject089_Chest_Press_(rack)_record0003,579,accel_z_g,13,14,13,1.82,second,0.47449285243949224,0.521420716966475,0.06451067014589734,0.05008819544968608,0.16248017172813323
singleonly_subject089_Chest_Press_(rack)_record0004,579,accel_y_g,1,9,7,2.36,first,0.8007715742491024,0.6786199781772054,0.1585829032424463,0.13008098391098694,0.4273143710757501
singleonly_subject089_Chest_Press_(rack)_record0004,579,accel_y_g,1,9,7,2.36,second,0.1992284257508976,0.16883764894143866,0.11649813539015454,0.09738285681354454,0.24026774235120574
singleonly_subject089_Chest_Press_(rack)_record0004,579,accel_y_g,2,9,7,0.2,first,0.28991202224744983,2.8991202224744983,0.07641296752315638,0.07037091470684938,0.12045980983710769
singleonly_subject089_Chest_Press_(rack)_record0004,579,accel_y_g,2,9,7,0.2,second,0.7100879777525502,7.100879777525502,0.15684983551667864,0.15006743226122352,0.2010942414880954
singleonly_subject089_Chest_Press_(rack)_record0004,579,accel_y_g,3,9,7,3.36,first,0.9042156455675481,0.538223598552112,0.15731096562770663,0.11651744714000711,0.5945822639675953
singleonly_subject089_Chest_Press_(rack)_record0004,579,accel_y_g,3,9,7,3.36,second,0.09578435443245192,0.05701449668598329,0.08916214168429089,0.0641577868958937,0.2540101895245498
singleonly_subject089_Chest_Press_(rack)_record0004,579,accel_y_g,4,9,7,2.08,first,0.712907426109607,0.6854879097207759,0.15549896999779883,0.1320345414072381,0.3283545783809979
singleonly_subject089_Chest_Press_(rack)_record0004,579,accel_y_g,4,9,7,2.08,second,0.287092573890393,0.27605055181768556,0.08558665019560448,0.06403520431722398,0.19728640839649425
singleonly_subject089_Chest_Press_(rack)_record0004,579,accel_y_g,5,9,7,1.46,first,0.5596092396297874,0.7665879994928594,0.10043725333334207,0.08249425129737878,0.21614530751601135
singleonly_subject089_Chest_Press_(rack)_record0004,579,accel_y_g,5,9,7,1.46,second,0.44039076037021263,0.6032750142057708,0.15997449990854867,0.1446414038206302,0.3052334327694519
singleonly_subject089_Chest_Press_(rack)_record0004,579,accel_y_g,6,9,7,0.2,first,0.38365979537742356,3.8365979537742354,0.20209554972393795,0.19978406736065502,0.26288996561498945
singleonly_subject089_Chest_Press_(rack)_record0004,579,accel_y_g,6,9,7,0.2,second,0.6163402046225764,6.163402046225764,0.2503126014129382,0.24941821606990802,0.29034180515227037
singleonly_subject089_Chest_Press_(rack)_record0004,579,accel_y_g,7,9,7,2.64,first,0.439354855113948,0.33284458720753635,0.12880639322176982,0.10912309886380189,0.2394537954592555
singleonly_subject089_Chest_Press_(rack)_record0004,579,accel_y_g,7,9,7,2.64,second,0.560645144886052,0.42473117036822117,0.08409826730682061,0.04295286766459033,0.4145130051429392
singleonly_subject091_Chest_Press_(rack)_record0001,564,accel_x_g,1,20,20,1.54,first,0.29474062174877025,0.38278002824515617,0.07045527583294013,0.0534294578248949,0.20754510107499013
singleonly_subject091_Chest_Press_(rack)_record0001,564,accel_x_g,1,20,20,1.54,second,0.7052593782512298,0.9159212704561425,0.1336252607264722,0.10131774116310814,0.36096746053122186
singleonly_subject091_Chest_Press_(rack)_record0001,564,accel_x_g,2,20,20,1.08,first,0.5842324749591923,1.0819119906651709,0.15536851890536799,0.10743856105233794,0.5091701671424687
singleonly_subject091_Chest_Press_(rack)_record0001,564,accel_x_g,2,20,20,1.08,second,0.4157675250408077,0.7699398611866809,0.1582631608215159,0.13819231897310344,0.3202957983177248
singleonly_subject091_Chest_Press_(rack)_record0001,564,accel_x_g,3,20,20,0.82,first,0.5020250837139778,1.224451423692629,0.15326389956310696,0.10301429740372431,0.4940298655177703
singleonly_subject091_Chest_Press_(rack)_record0001,564,accel_x_g,3,20,20,0.82,second,0.4979749162860222,1.2145729665512737,0.18648752477609185,0.16279606675917221,0.40713153651278944
singleonly_subject091_Chest_Press_(rack)_record0001,564,accel_x_g,4,20,20,1.22,first,0.45167461118948576,0.7404501822778455,0.12612177046082831,0.11065534217012997,0.2559220177934747
singleonly_subject091_Chest_Press_(rack)_record0001,564,accel_x_g,4,20,20,1.22,second,0.5483253888105142,0.8988940800172364,0.16218122462829485,0.14196253380932533,0.3147248293274685
singleonly_subject091_Chest_Press_(rack)_record0001,564,accel_x_g,5,20,20,1.32,first,0.5213963839201404,0.7899945210911218,0.11451469984044566,0.1004081901883948,0.28908462622208664
singleonly_subject091_Chest_Press_(rack)_record0001,564,accel_x_g,5,20,20,1.32,second,0.4786036160798596,0.7251569940603932,0.1373685222869297,0.11387882433118908,0.2774148863997703
singleonly_subject091_Chest_Press_(rack)_record0001,564,accel_x_g,6,20,20,1.24,first,0.4759536866715412,0.767667236567002,0.11964366309433325,0.09310535191834302,0.25496969653344725
singleonly_subject091_Chest_Press_(rack)_record0001,564,accel_x_g,6,20,20,1.24,second,0.5240463133284587,0.8452359892394496,0.13997842316958903,0.1130430019380194,0.30588597264727535
singleonly_subject091_Chest_Press_(rack)_record0001,564,accel_x_g,7,20,20,1.2,first,0.4907111974401262,0.8178519957335437,0.0994468848886274,0.07870181014706944,0.2576833435715218
singleonly_subject091_Chest_Press_(rack)_record0001,564,accel_x_g,7,20,20,1.2,second,0.5092888025598739,0.8488146709331231,0.1625852340710299,0.14511055298722067,0.31125036740582135
singleonly_subject091_Chest_Press_(rack)_record0001,564,accel_x_g,8,20,20,1.28,first,0.38810523902825655,0.6064144359816509,0.1169387431232412,0.10105528268314039,0.23619356449546403
singleonly_subject091_Chest_Press_(rack)_record0001,564,accel_x_g,8,20,20,1.28,second,0.6118947609717434,0.9560855640183491,0.15489120904298373,0.13377080238474037,0.29588348883459425
singleonly_subject091_Chest_Press_(rack)_record0001,564,accel_x_g,9,20,20,1.26,first,0.5451627178283736,0.8653376473466247,0.13300079743028984,0.1171595554018769,0.2451105969879238
singleonly_subject091_Chest_Press_(rack)_record0001,564,accel_x_g,9,20,20,1.26,second,0.45483728217162644,0.7219639399549626,0.14865414163932425,0.12529439699113168,0.3030346105374937
singleonly_subject091_Chest_Press_(rack)_record0001,564,accel_x_g,10,20,20,1.26,first,0.5133493177347913,0.8148401868806211,0.09921853114011912,0.0761361126807897,0.2196331566242533
singleonly_subject091_Chest_Press_(rack)_record0001,564,accel_x_g,10,20,20,1.26,second,0.4866506822652087,0.7724614004209661,0.15175268080993592,0.12818650449315314,0.30112231637926823
singleonly_subject091_Chest_Press_(rack)_record0001,564,accel_x_g,11,20,20,1.16,first,0.5222828806018224,0.9004877251755559,0.12114354818845027,0.10204139614359559,0.23080872099322847
singleonly_subject091_Chest_Press_(rack)_record0001,564,accel_x_g,11,20,20,1.16,second,0.4777171193981776,0.823650205858927,0.15765873170191574,0.13225134051601428,0.3608732144064044
singleonly_subject091_Chest_Press_(rack)_record0001,564,accel_x_g,12,20,20,1.16,first,0.4702973446647952,0.8108574908013712,0.11956241669132878,0.09324288065789296,0.2855990127946201
singleonly_subject091_Chest_Press_(rack)_record0001,564,accel_x_g,12,20,20,1.16,second,0.5297026553352048,0.9132804402331117,0.14197927204507843,0.11670870047613183,0.28279972590273306
singleonly_subject091_Chest_Press_(rack)_record0001,564,accel_x_g,13,20,20,1.16,first,0.4076253081876165,0.7028022554958906,0.10945762894498613,0.08651499015983624,0.24836353889623863
singleonly_subject091_Chest_Press_(rack)_record0001,564,accel_x_g,13,20,20,1.16,second,0.5923746918123836,1.0213356755385925,0.14619541016354595,0.11737011248308084,0.3252532939474422
singleonly_subject091_Chest_Press_(rack)_record0001,564,accel_x_g,14,20,20,1.16,first,0.5201757489785998,0.8968547396182754,0.1187538985580579,0.09346562209390191,0.3146220960552376
singleonly_subject091_Chest_Press_(rack)_record0001,564,accel_x_g,14,20,20,1.16,second,0.47982425102140025,0.8272831914162074,0.13535171806136642,0.11118043132345587,0.273956975756553
singleonly_subject091_Chest_Press_(rack)_record0001,564,accel_x_g,15,20,20,1.14,first,0.5416010984163067,0.9501773656426433,0.12253347405917442,0.09838399881597439,0.2763296097519604
singleonly_subject091_Chest_Press_(rack)_record0001,564,accel_x_g,15,20,20,1.14,second,0.45839890158369334,0.8042085992696375,0.13299210821886875,0.11443434660922427,0.2636448870190209
singleonly_subject091_Chest_Press_(rack)_record0001,564,accel_x_g,16,20,20,1.14,first,0.4047206073052241,0.7100361531670598,0.1026934951671096,0.08170956697448592,0.1992335675950967
singleonly_subject091_Chest_Press_(rack)_record0001,564,accel_x_g,16,20,20,1.14,second,0.5952793926947759,1.044349811745221,0.14978988525456183,0.126781373433997,0.2920628480375662
singleonly_subject091_Chest_Press_(rack)_record0001,564,accel_x_g,17,20,20,1.24,first,0.5211414560861787,0.8405507356228689,0.11846936153797426,0.09391440892779626,0.2695050876226388
singleonly_subject091_Chest_Press_(rack)_record0001,564,accel_x_g,17,20,20,1.24,second,0.4788585439138213,0.7723524901835828,0.1374299066687705,0.11090997815665513,0.35173652079177
singleonly_subject091_Chest_Press_(rack)_record0001,564,accel_x_g,18,20,20,1.22,first,0.5774854038893855,0.9466973834252221,0.10642403253036241,0.08149898258905722,0.2426569806882486
singleonly_subject091_Chest_Press_(rack)_record0001,564,accel_x_g,18,20,20,1.22,second,0.4225145961106145,0.6926468788698599,0.1235933321873342,0.10183890267342947,0.26155167381847977
singleonly_subject091_Chest_Press_(rack)_record0001,564,accel_x_g,19,20,20,1.26,first,0.5731874257347085,0.9098213106900135,0.10737315262452898,0.08911781166403555,0.20134326099300293
singleonly_subject091_Chest_Press_(rack)_record0001,564,accel_x_g,19,20,20,1.26,second,0.4268125742652915,0.6774802766115738,0.1322653589644744,0.11723170729054325,0.2489932841680158
singleonly_subject091_Chest_Press_(rack)_record0001,564,accel_x_g,20,20,20,1.3,first,0.5651428112008025,0.8694504787704653,0.09258988058862838,0.0697492614642114,0.2235036430428663
singleonly_subject091_Chest_Press_(rack)_record0001,564,accel_x_g,20,20,20,1.3,second,0.43485718879919755,0.6690110596910731,0.10780654010669583,0.09408393780204248,0.23153839367642592
singleonly_subject092_Chest_Press_(rack)_record0001,231,accel_z_g,1,21,16,1.9,first,0.6052248994993774,0.6370788415782921,0.11961825685749121,0.11320186258996508,0.1997176962853009
singleonly_subject092_Chest_Press_(rack)_record0001,231,accel_z_g,1,21,16,1.9,second,0.3947751005006226,0.41555273736907644,0.06751425091038192,0.05251777934476141,0.17637396660384097
singleonly_subject092_Chest_Press_(rack)_record0001,231,accel_z_g,2,21,16,1.88,first,0.37787399048246156,0.40199360689623576,0.10055628583341185,0.09401972437981726,0.15885998747308117
singleonly_subject092_Chest_Press_(rack)_record0001,231,accel_z_g,2,21,16,1.88,second,0.6221260095175385,0.6618361803378069,0.09352712051425763,0.08025532383131831,0.1843114047714537
singleonly_subject092_Chest_Press_(rack)_record0001,231,accel_z_g,3,21,16,0.38,first,0.0978298647580871,0.5148940250425637,0.1308975476994252,0.12619334684400718,0.19810574121941937
singleonly_subject092_Chest_Press_(rack)_record0001,231,accel_z_g,3,21,16,0.38,second,0.9021701352419129,4.748263869694278,0.0761056807067032,0.07074531448273357,0.1374631123275647
singleonly_subject092_Chest_Press_(rack)_record0001,231,accel_z_g,4,21,16,0.7,first,0.5628410341146646,1.6081172403276132,0.04095398498202146,0.036071052694108305,0.07713753797555123
singleonly_subject092_Chest_Press_(rack)_record0001,231,accel_z_g,4,21,16,0.7,second,0.4371589658853354,1.249025616815244,0.102365096518917,0.0818688313979148,0.19462807722653985
singleonly_subject092_Chest_Press_(rack)_record0001,231,accel_z_g,5,21,16,2.0,first,0.3386288319841896,0.3386288319841896,0.10565529152598895,0.08970706429060049,0.18380547255477464
singleonly_subject092_Chest_Press_(rack)_record0001,231,accel_z_g,5,21,16,2.0,second,0.6613711680158104,0.6613711680158104,0.07008562663084292,0.05126319160286908,0.21559176200566943
singleonly_subject092_Chest_Press_(rack)_record0001,231,accel_z_g,6,21,16,1.42,first,0.4861996639123935,0.6847882590315402,0.05623023644245683,0.043926339453039025,0.11223059766251109
singleonly_subject092_Chest_Press_(rack)_record0001,231,accel_z_g,6,21,16,1.42,second,0.5138003360876064,0.723662445193812,0.06599088784995945,0.05539404847714994,0.15250656890190395
singleonly_subject092_Chest_Press_(rack)_record0001,231,accel_z_g,7,21,16,1.12,first,0.41888098849713057,0.7480017651734474,0.05389016118911432,0.04131591438847659,0.13429964922820714
singleonly_subject092_Chest_Press_(rack)_record0001,231,accel_z_g,7,21,16,1.12,second,0.5811190115028695,1.0377125205408382,0.08564393627014644,0.0711452658448194,0.15444266250557936
singleonly_subject092_Chest_Press_(rack)_record0001,231,accel_z_g,8,21,16,1.06,first,0.8130196543827981,1.533999347892072,0.026698818554105972,0.019949224570740578,0.08514256933595798
singleonly_subject092_Chest_Press_(rack)_record0001,231,accel_z_g,8,21,16,1.06,second,0.1869803456172019,0.3527931049381168,0.0844504925290394,0.07404119886705286,0.15782005957149392
singleonly_subject092_Chest_Press_(rack)_record0001,231,accel_z_g,9,21,16,1.08,first,0.47210007035429163,0.8742593895449845,0.04257785277382221,0.035959709448086685,0.08513593599219016
singleonly_subject092_Chest_Press_(rack)_record0001,231,accel_z_g,9,21,16,1.08,second,0.5278999296457083,0.9775924623068671,0.08262089062617667,0.07006281238540632,0.16648833635575366
singleonly_subject092_Chest_Press_(rack)_record0001,231,accel_z_g,10,21,16,1.36,first,0.4681827532743257,0.6885040489328318,0.08933065446270924,0.06382022183573326,0.1992084487476613
singleonly_subject092_Chest_Press_(rack)_record0001,231,accel_z_g,10,21,16,1.36,second,0.5318172467256743,0.7820841863612857,0.0776989098979461,0.06203409969604627,0.16451636466246722
singleonly_subject092_Chest_Press_(rack)_record0001,231,accel_z_g,11,21,16,1.02,first,0.6386595697228928,1.2522736661233194,0.047637369487601305,0.040723250954467126,0.08294701838945562
singleonly_subject092_Chest_Press_(rack)_record0001,231,accel_z_g,11,21,16,1.02,second,0.36134043027710716,0.7085106476021709,0.0861426309117715,0.07222627750047485,0.16687980679078107
singleonly_subject092_Chest_Press_(rack)_record0001,231,accel_z_g,12,21,16,2.34,first,0.34653970025377734,0.2961877779946815,0.09477703082894474,0.08539590966812187,0.18538599499647312
singleonly_subject092_Chest_Press_(rack)_record0001,231,accel_z_g,12,21,16,2.34,second,0.6534602997462227,0.5585130767061732,0.06785219861117439,0.05606350977585641,0.14253745222441427
singleonly_subject092_Chest_Press_(rack)_record0001,231,accel_z_g,13,21,16,2.14,first,0.30698501356812014,0.2869018818393646,0.09550354581709766,0.083701984703984,0.2317936172773103
singleonly_subject092_Chest_Press_(rack)_record0001,231,accel_z_g,13,21,16,2.14,second,0.6930149864318799,0.6476775574129718,0.07316367811679352,0.06169742876630005,0.17612763821404498
singleonly_subject092_Chest_Press_(rack)_record0001,231,accel_z_g,14,21,16,1.22,first,0.502646967319423,0.8240114218351198,0.07214980837159665,0.055002643264867854,0.17740620781061978
singleonly_subject092_Chest_Press_(rack)_record0001,231,accel_z_g,14,21,16,1.22,second,0.49735303268057696,0.8153328404599622,0.08222158305771515,0.0692743865816125,0.15905942333414724
singleonly_subject092_Chest_Press_(rack)_record0001,231,accel_z_g,15,21,16,1.04,first,0.6044298030813453,1.162365005925664,0.042187044321605874,0.032762726147102544,0.10418574417481508
singleonly_subject092_Chest_Press_(rack)_record0001,231,accel_z_g,15,21,16,1.04,second,0.3955701969186547,0.760711917151259,0.09924887330722969,0.083944649289683,0.20683363565010615
singleonly_subject092_Chest_Press_(rack)_record0001,231,accel_z_g,16,21,16,2.18,first,0.39765310756113237,0.3648193647349838,0.08310215568576644,0.07610029435921364,0.13359906835528923
singleonly_subject092_Chest_Press_(rack)_record0001,231,accel_z_g,16,21,16,2.18,second,0.6023468924388676,0.5526118279255666,0.059224312319691545,0.04125993307412865,0.21097738241427266
singleonly_subject093_Chest_Press_(rack)_record0002,549,accel_z_g,1,20,20,0.74,first,0.34965621866155455,0.9450168071933907,0.1364947138797302,0.13198116572413157,0.17897798941155396
singleonly_subject093_Chest_Press_(rack)_record0002,549,accel_z_g,1,20,20,0.74,second,0.6503437813384454,1.757685895509312,0.0490055122621306,0.03868077089129704,0.12004234697995297
singleonly_subject093_Chest_Press_(rack)_record0002,549,accel_z_g,2,20,20,0.86,first,0.3209756271899481,0.7464549469533677,0.13360270743741368,0.1298809273686836,0.194016746875614
singleonly_subject093_Chest_Press_(rack)_record0002,549,accel_z_g,2,20,20,0.86,second,0.6790243728100519,1.5791264483954697,0.04473309153005959,0.03332000864487762,0.11283430145890949
singleonly_subject093_Chest_Press_(rack)_record0002,549,accel_z_g,3,20,20,0.94,first,0.3342885915780861,0.7112523225065662,0.11467314936003886,0.10910434145456258,0.18622174431213567
singleonly_subject093_Chest_Press_(rack)_record0002,549,accel_z_g,3,20,20,0.94,second,0.6657114084219139,1.416407251961519,0.049286741265616225,0.04110892163322585,0.0938479521438087
singleonly_subject093_Chest_Press_(rack)_record0002,549,accel_z_g,4,20,20,1.16,first,0.44248186716473753,0.7628997709736854,0.12981973559583487,0.12116874871179735,0.2163626175844704
singleonly_subject093_Chest_Press_(rack)_record0002,549,accel_z_g,4,20,20,1.16,second,0.5575181328352625,0.9612381600607975,0.04837647295901695,0.03782113562153136,0.11284909557999856
singleonly_subject093_Chest_Press_(rack)_record0002,549,accel_z_g,5,20,20,0.94,first,0.3518231826056401,0.7485599629907237,0.12443628282442608,0.11769589943925639,0.2427933597605223
singleonly_subject093_Chest_Press_(rack)_record0002,549,accel_z_g,5,20,20,0.94,second,0.6481768173943598,1.3790996114773615,0.0316179251743689,0.025603257126802746,0.07802335653988646
singleonly_subject093_Chest_Press_(rack)_record0002,549,accel_z_g,6,20,20,1.18,first,0.44085183160648556,0.7472064942482807,0.1323878191511112,0.12116524636685522,0.22689330469020286
singleonly_subject093_Chest_Press_(rack)_record0002,549,accel_z_g,6,20,20,1.18,second,0.5591481683935144,0.9477087599890076,0.04398173437523143,0.033642507012822453,0.10398594124307892
singleonly_subject093_Chest_Press_(rack)_record0002,549,accel_z_g,7,20,20,1.18,first,0.4137058245785233,0.7011963128449548,0.1104221821640785,0.0991680242866916,0.2140373512945375
singleonly_subject093_Chest_Press_(rack)_record0002,549,accel_z_g,7,20,20,1.18,second,0.5862941754214768,0.9937189413923335,0.05485833852327194,0.04496741726150173,0.11708796157057089
singleonly_subject093_Chest_Press_(rack)_record0002,549,accel_z_g,8,20,20,1.44,first,0.5581679444391702,0.7752332561655142,0.10023716501190952,0.08353099477249439,0.25964639050953475
singleonly_subject093_Chest_Press_(rack)_record0002,549,accel_z_g,8,20,20,1.44,second,0.44183205556082983,0.6136556327233748,0.0867799222276082,0.06374018787115167,0.2894313786479381
singleonly_subject093_Chest_Press_(rack)_record0002,549,accel_z_g,9,20,20,1.08,first,0.5194829439620161,0.9620054517815112,0.13202727105593315,0.12366048527082368,0.2111070028743134
singleonly_subject093_Chest_Press_(rack)_record0002,549,accel_z_g,9,20,20,1.08,second,0.4805170560379839,0.8898464000703404,0.04103919169474202,0.03677825926122349,0.06930023365209192
singleonly_subject093_Chest_Press_(rack)_record0002,549,accel_z_g,10,20,20,1.12,first,0.3912185971910965,0.6986046378412436,0.12405126152720841,0.11374257955446919,0.20802614244364204
singleonly_subject093_Chest_Press_(rack)_record0002,549,accel_z_g,10,20,20,1.12,second,0.6087814028089036,1.087109647873042,0.0495704514787751,0.03445259241830937,0.14461334550764005
singleonly_subject093_Chest_Press_(rack)_record0002,549,accel_z_g,11,20,20,1.16,first,0.4098556578212297,0.7066476858986719,0.12000989660690194,0.10771630937257082,0.2191069356770725
singleonly_subject093_Chest_Press_(rack)_record0002,549,accel_z_g,11,20,20,1.16,second,0.5901443421787703,1.017490245135811,0.050719555943116355,0.03974182756198442,0.11755503788410071
singleonly_subject093_Chest_Press_(rack)_record0002,549,accel_z_g,12,20,20,1.32,first,0.331949409709449,0.5029536510749226,0.11883795151844381,0.10861094696016821,0.2072287175639944
singleonly_subject093_Chest_Press_(rack)_record0002,549,accel_z_g,12,20,20,1.32,second,0.668050590290551,1.0121978640765925,0.06313538178175188,0.05431928523152391,0.12025260111583902
singleonly_subject093_Chest_Press_(rack)_record0002,549,accel_z_g,13,20,20,1.18,first,0.28460047495330726,0.48237368636153777,0.12160979042347976,0.11668540299777437,0.19937382466756648
singleonly_subject093_Chest_Press_(rack)_record0002,549,accel_z_g,13,20,20,1.18,second,0.7153995250466927,1.2125415678757503,0.06097143403639349,0.04922807534174508,0.14099023554838452
singleonly_subject093_Chest_Press_(rack)_record0002,549,accel_z_g,14,20,20,1.26,first,0.3861222651341369,0.6128924843398998,0.12091360971346239,0.11373514595715677,0.172428899255467
singleonly_subject093_Chest_Press_(rack)_record0002,549,accel_z_g,14,20,20,1.26,second,0.6138777348658631,0.9744091029616874,0.06530919361960606,0.04881202339868035,0.14749983834225833
singleonly_subject093_Chest_Press_(rack)_record0002,549,accel_z_g,15,20,20,1.26,first,0.31922451552605197,0.5067055802000825,0.1348199961554421,0.12728774127221387,0.2043539028566086
singleonly_subject093_Chest_Press_(rack)_record0002,549,accel_z_g,15,20,20,1.26,second,0.680775484473948,1.0805960071015048,0.05495829868958575,0.0467909227498484,0.09449568747563752
singleonly_subject093_Chest_Press_(rack)_record0002,549,accel_z_g,16,20,20,1.26,first,0.4064902130493896,0.6452225603958565,0.12354612314870965,0.10971002059468013,0.2470682490757401
singleonly_subject093_Chest_Press_(rack)_record0002,549,accel_z_g,16,20,20,1.26,second,0.5935097869506104,0.9420790269057308,0.06940716909800185,0.05816027065017679,0.14850413746603075
singleonly_subject093_Chest_Press_(rack)_record0002,549,accel_z_g,17,20,20,1.34,first,0.38985272667575005,0.5818697413070896,0.13409116176815553,0.12269988480737434,0.260453536093078
singleonly_subject093_Chest_Press_(rack)_record0002,549,accel_z_g,17,20,20,1.34,second,0.6101472733242499,0.910667572125746,0.055067676337983595,0.04482437368612949,0.1317944579105913
singleonly_subject093_Chest_Press_(rack)_record0002,549,accel_z_g,18,20,20,1.22,first,0.3575143255910836,0.5860890583460386,0.12448933876565223,0.11680347376731275,0.20915503075983666
singleonly_subject093_Chest_Press_(rack)_record0002,549,accel_z_g,18,20,20,1.22,second,0.6424856744089165,1.0532552039490435,0.062271891061838516,0.05093710334517981,0.1295367281603217
singleonly_subject093_Chest_Press_(rack)_record0002,549,accel_z_g,19,20,20,1.22,first,0.31195062899971343,0.511394473770022,0.13664410053602233,0.13009443850620633,0.24355949895493945
singleonly_subject093_Chest_Press_(rack)_record0002,549,accel_z_g,19,20,20,1.22,second,0.6880493710002866,1.12794978852506,0.04553485402889366,0.03775646356766583,0.0976991251254864
singleonly_subject093_Chest_Press_(rack)_record0002,549,accel_z_g,20,20,20,2.02,first,0.6132488463091437,0.6071770755536076,0.09341172558514896,0.0775713671622971,0.2631581209325755
singleonly_subject093_Chest_Press_(rack)_record0002,549,accel_z_g,20,20,20,2.02,second,0.38675115369085633,0.3829219343473825,0.0665544683777986,0.05529208654138749,0.14579582480815356
singleonly_subject094_Chest_Press_(rack)_record0001,590,accel_y_g,1,20,9,0.84,first,0.3883698373280821,0.924690088876386,0.13008758024101913,0.12434124110581146,0.2057870530194419
singleonly_subject094_Chest_Press_(rack)_record0001,590,accel_y_g,1,20,9,0.84,second,0.6116301626719178,1.456262292075995,0.114840085489699,0.08084632468724426,0.473005065839184
singleonly_subject094_Chest_Press_(rack)_record0001,590,accel_y_g,2,20,9,0.98,first,0.3707926035587483,0.7567195990994864,0.15867020516292626,0.1506837637783003,0.27686990717501736
singleonly_subject094_Chest_Press_(rack)_record0001,590,accel_y_g,2,20,9,0.98,second,0.6292073964412517,1.284096727431126,0.0924780010265482,0.07865175615316683,0.22612913578999672
singleonly_subject094_Chest_Press_(rack)_record0001,590,accel_y_g,3,20,9,0.22,first,0.42566587007773576,3.869689727979416,0.07135988077546111,0.05101951734016927,0.18539745213597425
singleonly_subject094_Chest_Press_(rack)_record0001,590,accel_y_g,3,20,9,0.22,second,0.5743341299222642,5.221219362929674,0.24231080235472752,0.23574097979348652,0.33458976878052715
singleonly_subject094_Chest_Press_(rack)_record0001,590,accel_y_g,4,20,9,0.96,first,0.37839734963861266,0.7883278117471098,0.10793614951197482,0.09316085873875406,0.20550029545452708
singleonly_subject094_Chest_Press_(rack)_record0001,590,accel_y_g,4,20,9,0.96,second,0.6216026503613874,1.2950055215862237,0.12237830620372112,0.08511542884475816,0.34466614484639857
singleonly_subject094_Chest_Press_(rack)_record0001,590,accel_y_g,5,20,9,0.28,first,0.6871281171621696,4.908057979729782,0.14263119920577377,0.12623290740739507,0.21868972313814328
singleonly_subject094_Chest_Press_(rack)_record0001,590,accel_y_g,5,20,9,0.28,second,0.3128718828378304,2.23479916312736,0.21188294342822703,0.20484100513763429,0.2998619901391346
singleonly_subject094_Chest_Press_(rack)_record0001,590,accel_y_g,6,20,9,0.22,first,0.46864800237928755,4.26043638526625,0.13244990765592718,0.11479128555311105,0.21429747762367968
singleonly_subject094_Chest_Press_(rack)_record0001,590,accel_y_g,6,20,9,0.22,second,0.5313519976207124,4.83047270564284,0.2253850250103561,0.223965831845742,0.27974774071395014
singleonly_subject094_Chest_Press_(rack)_record0001,590,accel_y_g,7,20,9,0.2,first,0.45756910621385305,4.57569106213853,0.08273001790846438,0.07212625333047004,0.17915550490728482
singleonly_subject094_Chest_Press_(rack)_record0001,590,accel_y_g,7,20,9,0.2,second,0.542430893786147,5.424308937861469,0.21831986273858536,0.21608108963171377,0.2633881471312097
singleonly_subject094_Chest_Press_(rack)_record0001,590,accel_y_g,8,20,9,0.2,first,0.3263968376672527,3.2639683766725267,0.034882851174608674,0.02798150814700145,0.09405927010508786
singleonly_subject094_Chest_Press_(rack)_record0001,590,accel_y_g,8,20,9,0.2,second,0.6736031623327473,6.736031623327473,0.19408067206698762,0.1889058188719269,0.2520658638484715
singleonly_subject094_Chest_Press_(rack)_record0001,590,accel_y_g,9,20,9,0.24,first,0.29463385392176034,2.4552821160146694,0.04031008771786922,0.0362718952623336,0.06934915399753894
singleonly_subject094_Chest_Press_(rack)_record0001,590,accel_y_g,9,20,9,0.24,second,0.7053661460782397,5.878051217318664,0.13656613811944399,0.13018199301574485,0.1847433588032612
